Dataset,ValidFromVersion,ValidToVersion,IEA.country.name,Product,Flow,1995,1996,1997,1998,1999,2000,2001,2002,2003,2004,2005,2006,2007,2008,2009,2010,2011,2012,2013,2014,2015,2016,2017,2018,2019,2020
CL-PFU,v3.0b1,current,World,Additives/blending components,Total energy supply; Energy industry own use; Coal mines,1.06,1.06,1.06,1.06,1.06,1.06,1.06,1.06,1.06,1.06,1.06,1.06,1.06,1.06,1.06,1.06,1.06,1.06,1.06,1.06,1.06,1.06,1.06,1.06,1.06,1.06
CL-PFU,v3.0b1,current,World,Additives/blending components,Total energy supply; Energy industry own use; Oil and gas extraction,1.06,1.06,1.06,1.06,1.06,1.06,1.06,1.06,1.06,1.06,1.06,1.06,1.06,1.06,1.06,1.06,1.06,1.06,1.06,1.06,1.06,1.06,1.06,1.06,1.06,1.06
CL-PFU,v3.0b1,current,World,Additives/blending components,Total energy supply; Energy industry own use; Blast furnaces,1.06,1.06,1.06,1.06,1.06,1.06,1.06,1.06,1.06,1.06,1.06,1.06,1.06,1.06,1.06,1.06,1.06,1.06,1.06,1.06,1.06,1.06,1.06,1.06,1.06,1.06
CL-PFU,v3.0b1,current,World,Additives/blending components,Total energy supply; Energy industry own use; Gas works,1.06,1.06,1.06,1.06,1.06,1.06,1.06,1.06,1.06,1.06,1.06,1.06,1.06,1.06,1.06,1.06,1.06,1.06,1.06,1.06,1.06,1.06,1.06,1.06,1.06,1.06
CL-PFU,v3.0b1,current,World,Additives/blending components,Total energy supply; Energy industry own use; Gasification plants for biogases,1.06,1.06,1.06,1.06,1.06,1.06,1.06,1.06,1.06,1.06,1.06,1.06,1.06,1.06,1.06,1.06,1.06,1.06,1.06,1.06,1.06,1.06,1.06,1.06,1.06,1.06
CL-PFU,v3.0b1,current,World,Additives/blending components,Total energy supply; Energy industry own use; Coke ovens,1.06,1.06,1.06,1.06,1.06,1.06,1.06,1.06,1.06,1.06,1.06,1.06,1.06,1.06,1.06,1.06,1.06,1.06,1.06,1.06,1.06,1.06,1.06,1.06,1.06,1.06
CL-PFU,v3.0b1,current,World,Additives/blending components,Total energy supply; Energy industry own use; Patent fuel plants,1.06,1.06,1.06,1.06,1.06,1.06,1.06,1.06,1.06,1.06,1.06,1.06,1.06,1.06,1.06,1.06,1.06,1.06,1.06,1.06,1.06,1.06,1.06,1.06,1.06,1.06
CL-PFU,v3.0b1,current,World,Additives/blending components,Total energy supply; Energy industry own use; BKB/peat briquette plants,1.06,1.06,1.06,1.06,1.06,1.06,1.06,1.06,1.06,1.06,1.06,1.06,1.06,1.06,1.06,1.06,1.06,1.06,1.06,1.06,1.06,1.06,1.06,1.06,1.06,1.06
CL-PFU,v3.0b1,current,World,Additives/blending components,Total energy supply; Energy industry own use; Oil refineries,1.06,1.06,1.06,1.06,1.06,1.06,1.06,1.06,1.06,1.06,1.06,1.06,1.06,1.06,1.06,1.06,1.06,1.06,1.06,1.06,1.06,1.06,1.06,1.06,1.06,1.06
CL-PFU,v3.0b1,current,World,Additives/blending components,Total energy supply; Energy industry own use; Coal liquefaction plants,1.06,1.06,1.06,1.06,1.06,1.06,1.06,1.06,1.06,1.06,1.06,1.06,1.06,1.06,1.06,1.06,1.06,1.06,1.06,1.06,1.06,1.06,1.06,1.06,1.06,1.06
CL-PFU,v3.0b1,current,World,Additives/blending components,Total energy supply; Energy industry own use; Liquefaction (LNG) / regasification plants,1.06,1.06,1.06,1.06,1.06,1.06,1.06,1.06,1.06,1.06,1.06,1.06,1.06,1.06,1.06,1.06,1.06,1.06,1.06,1.06,1.06,1.06,1.06,1.06,1.06,1.06
CL-PFU,v3.0b1,current,World,Additives/blending components,Total energy supply; Energy industry own use; Gas-to-liquids (GTL) plants,1.06,1.06,1.06,1.06,1.06,1.06,1.06,1.06,1.06,1.06,1.06,1.06,1.06,1.06,1.06,1.06,1.06,1.06,1.06,1.06,1.06,1.06,1.06,1.06,1.06,1.06
CL-PFU,v3.0b1,current,World,Additives/blending components,"Total energy supply; Energy industry own use; Own use in electricity, CHP and heat plants",1.06,1.06,1.06,1.06,1.06,1.06,1.06,1.06,1.06,1.06,1.06,1.06,1.06,1.06,1.06,1.06,1.06,1.06,1.06,1.06,1.06,1.06,1.06,1.06,1.06,1.06
CL-PFU,v3.0b1,current,World,Additives/blending components,Total energy supply; Energy industry own use; Pumped storage plants,1.06,1.06,1.06,1.06,1.06,1.06,1.06,1.06,1.06,1.06,1.06,1.06,1.06,1.06,1.06,1.06,1.06,1.06,1.06,1.06,1.06,1.06,1.06,1.06,1.06,1.06
CL-PFU,v3.0b1,current,World,Additives/blending components,Total energy supply; Energy industry own use; Nuclear industry,1.06,1.06,1.06,1.06,1.06,1.06,1.06,1.06,1.06,1.06,1.06,1.06,1.06,1.06,1.06,1.06,1.06,1.06,1.06,1.06,1.06,1.06,1.06,1.06,1.06,1.06
CL-PFU,v3.0b1,current,World,Additives/blending components,Total energy supply; Energy industry own use; Charcoal production plants,1.06,1.06,1.06,1.06,1.06,1.06,1.06,1.06,1.06,1.06,1.06,1.06,1.06,1.06,1.06,1.06,1.06,1.06,1.06,1.06,1.06,1.06,1.06,1.06,1.06,1.06
CL-PFU,v3.0b1,current,World,Additives/blending components,Total energy supply; Energy industry own use; Non-specified (energy),1.06,1.06,1.06,1.06,1.06,1.06,1.06,1.06,1.06,1.06,1.06,1.06,1.06,1.06,1.06,1.06,1.06,1.06,1.06,1.06,1.06,1.06,1.06,1.06,1.06,1.06
CL-PFU,v3.0b1,current,World,Additives/blending components,Total energy supply; Losses,1.06,1.06,1.06,1.06,1.06,1.06,1.06,1.06,1.06,1.06,1.06,1.06,1.06,1.06,1.06,1.06,1.06,1.06,1.06,1.06,1.06,1.06,1.06,1.06,1.06,1.06
CL-PFU,v3.0b1,current,World,Additives/blending components,Total energy supply; Total final consumption; Industry; Mining and quarrying,1.06,1.06,1.06,1.06,1.06,1.06,1.06,1.06,1.06,1.06,1.06,1.06,1.06,1.06,1.06,1.06,1.06,1.06,1.06,1.06,1.06,1.06,1.06,1.06,1.06,1.06
CL-PFU,v3.0b1,current,World,Additives/blending components,Total energy supply; Total final consumption; Industry; Construction,1.06,1.06,1.06,1.06,1.06,1.06,1.06,1.06,1.06,1.06,1.06,1.06,1.06,1.06,1.06,1.06,1.06,1.06,1.06,1.06,1.06,1.06,1.06,1.06,1.06,1.06
CL-PFU,v3.0b1,current,World,Additives/blending components,Total energy supply; Total final consumption; Industry; Manufacturing; Iron and steel,1.06,1.06,1.06,1.06,1.06,1.06,1.06,1.06,1.06,1.06,1.06,1.06,1.06,1.06,1.06,1.06,1.06,1.06,1.06,1.06,1.06,1.06,1.06,1.06,1.06,1.06
CL-PFU,v3.0b1,current,World,Additives/blending components,Total energy supply; Total final consumption; Industry; Manufacturing; Chemical and petrochemical,1.06,1.06,1.06,1.06,1.06,1.06,1.06,1.06,1.06,1.06,1.06,1.06,1.06,1.06,1.06,1.06,1.06,1.06,1.06,1.06,1.06,1.06,1.06,1.06,1.06,1.06
CL-PFU,v3.0b1,current,World,Additives/blending components,Total energy supply; Total final consumption; Industry; Manufacturing; Non-ferrous metals,1.06,1.06,1.06,1.06,1.06,1.06,1.06,1.06,1.06,1.06,1.06,1.06,1.06,1.06,1.06,1.06,1.06,1.06,1.06,1.06,1.06,1.06,1.06,1.06,1.06,1.06
CL-PFU,v3.0b1,current,World,Additives/blending components,Total energy supply; Total final consumption; Industry; Manufacturing; Non-metallic minerals,1.06,1.06,1.06,1.06,1.06,1.06,1.06,1.06,1.06,1.06,1.06,1.06,1.06,1.06,1.06,1.06,1.06,1.06,1.06,1.06,1.06,1.06,1.06,1.06,1.06,1.06
CL-PFU,v3.0b1,current,World,Additives/blending components,Total energy supply; Total final consumption; Industry; Manufacturing; Transport equipment,1.06,1.06,1.06,1.06,1.06,1.06,1.06,1.06,1.06,1.06,1.06,1.06,1.06,1.06,1.06,1.06,1.06,1.06,1.06,1.06,1.06,1.06,1.06,1.06,1.06,1.06
CL-PFU,v3.0b1,current,World,Additives/blending components,Total energy supply; Total final consumption; Industry; Manufacturing; Machinery,1.06,1.06,1.06,1.06,1.06,1.06,1.06,1.06,1.06,1.06,1.06,1.06,1.06,1.06,1.06,1.06,1.06,1.06,1.06,1.06,1.06,1.06,1.06,1.06,1.06,1.06
CL-PFU,v3.0b1,current,World,Additives/blending components,Total energy supply; Total final consumption; Industry; Manufacturing; Food and tobacco,1.06,1.06,1.06,1.06,1.06,1.06,1.06,1.06,1.06,1.06,1.06,1.06,1.06,1.06,1.06,1.06,1.06,1.06,1.06,1.06,1.06,1.06,1.06,1.06,1.06,1.06
CL-PFU,v3.0b1,current,World,Additives/blending components,"Total energy supply; Total final consumption; Industry; Manufacturing; Paper, pulp and printing",1.06,1.06,1.06,1.06,1.06,1.06,1.06,1.06,1.06,1.06,1.06,1.06,1.06,1.06,1.06,1.06,1.06,1.06,1.06,1.06,1.06,1.06,1.06,1.06,1.06,1.06
CL-PFU,v3.0b1,current,World,Additives/blending components,Total energy supply; Total final consumption; Industry; Manufacturing; Wood and wood products,1.06,1.06,1.06,1.06,1.06,1.06,1.06,1.06,1.06,1.06,1.06,1.06,1.06,1.06,1.06,1.06,1.06,1.06,1.06,1.06,1.06,1.06,1.06,1.06,1.06,1.06
CL-PFU,v3.0b1,current,World,Additives/blending components,Total energy supply; Total final consumption; Industry; Manufacturing; Textile and leather,1.06,1.06,1.06,1.06,1.06,1.06,1.06,1.06,1.06,1.06,1.06,1.06,1.06,1.06,1.06,1.06,1.06,1.06,1.06,1.06,1.06,1.06,1.06,1.06,1.06,1.06
CL-PFU,v3.0b1,current,World,Additives/blending components,Total energy supply; Total final consumption; Industry; Industry not elsewhere specified,1.06,1.06,1.06,1.06,1.06,1.06,1.06,1.06,1.06,1.06,1.06,1.06,1.06,1.06,1.06,1.06,1.06,1.06,1.06,1.06,1.06,1.06,1.06,1.06,1.06,1.06
CL-PFU,v3.0b1,current,World,Additives/blending components,Total energy supply; Total final consumption; Transport; World aviation bunkers,1.06,1.06,1.06,1.06,1.06,1.06,1.06,1.06,1.06,1.06,1.06,1.06,1.06,1.06,1.06,1.06,1.06,1.06,1.06,1.06,1.06,1.06,1.06,1.06,1.06,1.06
CL-PFU,v3.0b1,current,World,Additives/blending components,Total energy supply; Total final consumption; Transport; Domestic aviation,1.06,1.06,1.06,1.06,1.06,1.06,1.06,1.06,1.06,1.06,1.06,1.06,1.06,1.06,1.06,1.06,1.06,1.06,1.06,1.06,1.06,1.06,1.06,1.06,1.06,1.06
CL-PFU,v3.0b1,current,World,Additives/blending components,Total energy supply; Total final consumption; Transport; Road,1.06,1.06,1.06,1.06,1.06,1.06,1.06,1.06,1.06,1.06,1.06,1.06,1.06,1.06,1.06,1.06,1.06,1.06,1.06,1.06,1.06,1.06,1.06,1.06,1.06,1.06
CL-PFU,v3.0b1,current,World,Additives/blending components,Total energy supply; Total final consumption; Transport; Rail,1.06,1.06,1.06,1.06,1.06,1.06,1.06,1.06,1.06,1.06,1.06,1.06,1.06,1.06,1.06,1.06,1.06,1.06,1.06,1.06,1.06,1.06,1.06,1.06,1.06,1.06
CL-PFU,v3.0b1,current,World,Additives/blending components,Total energy supply; Total final consumption; Transport; Pipeline transport,1.06,1.06,1.06,1.06,1.06,1.06,1.06,1.06,1.06,1.06,1.06,1.06,1.06,1.06,1.06,1.06,1.06,1.06,1.06,1.06,1.06,1.06,1.06,1.06,1.06,1.06
CL-PFU,v3.0b1,current,World,Additives/blending components,Total energy supply; Total final consumption; Transport; World marine bunkers,1.06,1.06,1.06,1.06,1.06,1.06,1.06,1.06,1.06,1.06,1.06,1.06,1.06,1.06,1.06,1.06,1.06,1.06,1.06,1.06,1.06,1.06,1.06,1.06,1.06,1.06
CL-PFU,v3.0b1,current,World,Additives/blending components,Total energy supply; Total final consumption; Transport; Domestic navigation,1.06,1.06,1.06,1.06,1.06,1.06,1.06,1.06,1.06,1.06,1.06,1.06,1.06,1.06,1.06,1.06,1.06,1.06,1.06,1.06,1.06,1.06,1.06,1.06,1.06,1.06
CL-PFU,v3.0b1,current,World,Additives/blending components,Total energy supply; Total final consumption; Transport; Transport not elsewhere specified,1.06,1.06,1.06,1.06,1.06,1.06,1.06,1.06,1.06,1.06,1.06,1.06,1.06,1.06,1.06,1.06,1.06,1.06,1.06,1.06,1.06,1.06,1.06,1.06,1.06,1.06
CL-PFU,v3.0b1,current,World,Additives/blending components,Total energy supply; Total final consumption; Residential,1.06,1.06,1.06,1.06,1.06,1.06,1.06,1.06,1.06,1.06,1.06,1.06,1.06,1.06,1.06,1.06,1.06,1.06,1.06,1.06,1.06,1.06,1.06,1.06,1.06,1.06
CL-PFU,v3.0b1,current,World,Additives/blending components,Total energy supply; Total final consumption; Commercial and public services,1.06,1.06,1.06,1.06,1.06,1.06,1.06,1.06,1.06,1.06,1.06,1.06,1.06,1.06,1.06,1.06,1.06,1.06,1.06,1.06,1.06,1.06,1.06,1.06,1.06,1.06
CL-PFU,v3.0b1,current,World,Additives/blending components,Total energy supply; Total final consumption; Agriculture/forestry,1.06,1.06,1.06,1.06,1.06,1.06,1.06,1.06,1.06,1.06,1.06,1.06,1.06,1.06,1.06,1.06,1.06,1.06,1.06,1.06,1.06,1.06,1.06,1.06,1.06,1.06
CL-PFU,v3.0b1,current,World,Additives/blending components,Total energy supply; Total final consumption; Fishing,1.06,1.06,1.06,1.06,1.06,1.06,1.06,1.06,1.06,1.06,1.06,1.06,1.06,1.06,1.06,1.06,1.06,1.06,1.06,1.06,1.06,1.06,1.06,1.06,1.06,1.06
CL-PFU,v3.0b1,current,World,Additives/blending components,Total energy supply; Total final consumption; Final consumption not elsewhere specified,1.06,1.06,1.06,1.06,1.06,1.06,1.06,1.06,1.06,1.06,1.06,1.06,1.06,1.06,1.06,1.06,1.06,1.06,1.06,1.06,1.06,1.06,1.06,1.06,1.06,1.06
CL-PFU,v3.0b1,current,World,Additives/blending components,Total energy supply; Total final consumption; Non-energy use; Non-energy use industry/transformation/energy,1.06,1.06,1.06,1.06,1.06,1.06,1.06,1.06,1.06,1.06,1.06,1.06,1.06,1.06,1.06,1.06,1.06,1.06,1.06,1.06,1.06,1.06,1.06,1.06,1.06,1.06
CL-PFU,v3.0b1,current,World,Additives/blending components,Total energy supply; Total final consumption; Non-energy use; Non-energy use in transport,1.06,1.06,1.06,1.06,1.06,1.06,1.06,1.06,1.06,1.06,1.06,1.06,1.06,1.06,1.06,1.06,1.06,1.06,1.06,1.06,1.06,1.06,1.06,1.06,1.06,1.06
CL-PFU,v3.0b1,current,World,Additives/blending components,Total energy supply; Total final consumption; Non-energy use; Non-energy use in other,1.06,1.06,1.06,1.06,1.06,1.06,1.06,1.06,1.06,1.06,1.06,1.06,1.06,1.06,1.06,1.06,1.06,1.06,1.06,1.06,1.06,1.06,1.06,1.06,1.06,1.06
CL-PFU,v3.0b1,current,World,Anthracite,Total energy supply; Energy industry own use; Coal mines,1.06,1.06,1.06,1.06,1.06,1.06,1.06,1.06,1.06,1.06,1.06,1.06,1.06,1.06,1.06,1.06,1.06,1.06,1.06,1.06,1.06,1.06,1.06,1.06,1.06,1.06
CL-PFU,v3.0b1,current,World,Anthracite,Total energy supply; Energy industry own use; Oil and gas extraction,1.06,1.06,1.06,1.06,1.06,1.06,1.06,1.06,1.06,1.06,1.06,1.06,1.06,1.06,1.06,1.06,1.06,1.06,1.06,1.06,1.06,1.06,1.06,1.06,1.06,1.06
CL-PFU,v3.0b1,current,World,Anthracite,Total energy supply; Energy industry own use; Blast furnaces,1.06,1.06,1.06,1.06,1.06,1.06,1.06,1.06,1.06,1.06,1.06,1.06,1.06,1.06,1.06,1.06,1.06,1.06,1.06,1.06,1.06,1.06,1.06,1.06,1.06,1.06
CL-PFU,v3.0b1,current,World,Anthracite,Total energy supply; Energy industry own use; Gas works,1.06,1.06,1.06,1.06,1.06,1.06,1.06,1.06,1.06,1.06,1.06,1.06,1.06,1.06,1.06,1.06,1.06,1.06,1.06,1.06,1.06,1.06,1.06,1.06,1.06,1.06
CL-PFU,v3.0b1,current,World,Anthracite,Total energy supply; Energy industry own use; Gasification plants for biogases,1.06,1.06,1.06,1.06,1.06,1.06,1.06,1.06,1.06,1.06,1.06,1.06,1.06,1.06,1.06,1.06,1.06,1.06,1.06,1.06,1.06,1.06,1.06,1.06,1.06,1.06
CL-PFU,v3.0b1,current,World,Anthracite,Total energy supply; Energy industry own use; Coke ovens,1.06,1.06,1.06,1.06,1.06,1.06,1.06,1.06,1.06,1.06,1.06,1.06,1.06,1.06,1.06,1.06,1.06,1.06,1.06,1.06,1.06,1.06,1.06,1.06,1.06,1.06
CL-PFU,v3.0b1,current,World,Anthracite,Total energy supply; Energy industry own use; Patent fuel plants,1.06,1.06,1.06,1.06,1.06,1.06,1.06,1.06,1.06,1.06,1.06,1.06,1.06,1.06,1.06,1.06,1.06,1.06,1.06,1.06,1.06,1.06,1.06,1.06,1.06,1.06
CL-PFU,v3.0b1,current,World,Anthracite,Total energy supply; Energy industry own use; BKB/peat briquette plants,1.06,1.06,1.06,1.06,1.06,1.06,1.06,1.06,1.06,1.06,1.06,1.06,1.06,1.06,1.06,1.06,1.06,1.06,1.06,1.06,1.06,1.06,1.06,1.06,1.06,1.06
CL-PFU,v3.0b1,current,World,Anthracite,Total energy supply; Energy industry own use; Oil refineries,1.06,1.06,1.06,1.06,1.06,1.06,1.06,1.06,1.06,1.06,1.06,1.06,1.06,1.06,1.06,1.06,1.06,1.06,1.06,1.06,1.06,1.06,1.06,1.06,1.06,1.06
CL-PFU,v3.0b1,current,World,Anthracite,Total energy supply; Energy industry own use; Coal liquefaction plants,1.06,1.06,1.06,1.06,1.06,1.06,1.06,1.06,1.06,1.06,1.06,1.06,1.06,1.06,1.06,1.06,1.06,1.06,1.06,1.06,1.06,1.06,1.06,1.06,1.06,1.06
CL-PFU,v3.0b1,current,World,Anthracite,Total energy supply; Energy industry own use; Liquefaction (LNG) / regasification plants,1.06,1.06,1.06,1.06,1.06,1.06,1.06,1.06,1.06,1.06,1.06,1.06,1.06,1.06,1.06,1.06,1.06,1.06,1.06,1.06,1.06,1.06,1.06,1.06,1.06,1.06
CL-PFU,v3.0b1,current,World,Anthracite,Total energy supply; Energy industry own use; Gas-to-liquids (GTL) plants,1.06,1.06,1.06,1.06,1.06,1.06,1.06,1.06,1.06,1.06,1.06,1.06,1.06,1.06,1.06,1.06,1.06,1.06,1.06,1.06,1.06,1.06,1.06,1.06,1.06,1.06
CL-PFU,v3.0b1,current,World,Anthracite,"Total energy supply; Energy industry own use; Own use in electricity, CHP and heat plants",1.06,1.06,1.06,1.06,1.06,1.06,1.06,1.06,1.06,1.06,1.06,1.06,1.06,1.06,1.06,1.06,1.06,1.06,1.06,1.06,1.06,1.06,1.06,1.06,1.06,1.06
CL-PFU,v3.0b1,current,World,Anthracite,Total energy supply; Energy industry own use; Pumped storage plants,1.06,1.06,1.06,1.06,1.06,1.06,1.06,1.06,1.06,1.06,1.06,1.06,1.06,1.06,1.06,1.06,1.06,1.06,1.06,1.06,1.06,1.06,1.06,1.06,1.06,1.06
CL-PFU,v3.0b1,current,World,Anthracite,Total energy supply; Energy industry own use; Nuclear industry,1.06,1.06,1.06,1.06,1.06,1.06,1.06,1.06,1.06,1.06,1.06,1.06,1.06,1.06,1.06,1.06,1.06,1.06,1.06,1.06,1.06,1.06,1.06,1.06,1.06,1.06
CL-PFU,v3.0b1,current,World,Anthracite,Total energy supply; Energy industry own use; Charcoal production plants,1.06,1.06,1.06,1.06,1.06,1.06,1.06,1.06,1.06,1.06,1.06,1.06,1.06,1.06,1.06,1.06,1.06,1.06,1.06,1.06,1.06,1.06,1.06,1.06,1.06,1.06
CL-PFU,v3.0b1,current,World,Anthracite,Total energy supply; Energy industry own use; Non-specified (energy),1.06,1.06,1.06,1.06,1.06,1.06,1.06,1.06,1.06,1.06,1.06,1.06,1.06,1.06,1.06,1.06,1.06,1.06,1.06,1.06,1.06,1.06,1.06,1.06,1.06,1.06
CL-PFU,v3.0b1,current,World,Anthracite,Total energy supply; Losses,1.06,1.06,1.06,1.06,1.06,1.06,1.06,1.06,1.06,1.06,1.06,1.06,1.06,1.06,1.06,1.06,1.06,1.06,1.06,1.06,1.06,1.06,1.06,1.06,1.06,1.06
CL-PFU,v3.0b1,current,World,Anthracite,Total energy supply; Total final consumption; Industry; Mining and quarrying,1.06,1.06,1.06,1.06,1.06,1.06,1.06,1.06,1.06,1.06,1.06,1.06,1.06,1.06,1.06,1.06,1.06,1.06,1.06,1.06,1.06,1.06,1.06,1.06,1.06,1.06
CL-PFU,v3.0b1,current,World,Anthracite,Total energy supply; Total final consumption; Industry; Construction,1.06,1.06,1.06,1.06,1.06,1.06,1.06,1.06,1.06,1.06,1.06,1.06,1.06,1.06,1.06,1.06,1.06,1.06,1.06,1.06,1.06,1.06,1.06,1.06,1.06,1.06
CL-PFU,v3.0b1,current,World,Anthracite,Total energy supply; Total final consumption; Industry; Manufacturing; Iron and steel,1.06,1.06,1.06,1.06,1.06,1.06,1.06,1.06,1.06,1.06,1.06,1.06,1.06,1.06,1.06,1.06,1.06,1.06,1.06,1.06,1.06,1.06,1.06,1.06,1.06,1.06
CL-PFU,v3.0b1,current,World,Anthracite,Total energy supply; Total final consumption; Industry; Manufacturing; Chemical and petrochemical,1.06,1.06,1.06,1.06,1.06,1.06,1.06,1.06,1.06,1.06,1.06,1.06,1.06,1.06,1.06,1.06,1.06,1.06,1.06,1.06,1.06,1.06,1.06,1.06,1.06,1.06
CL-PFU,v3.0b1,current,World,Anthracite,Total energy supply; Total final consumption; Industry; Manufacturing; Non-ferrous metals,1.06,1.06,1.06,1.06,1.06,1.06,1.06,1.06,1.06,1.06,1.06,1.06,1.06,1.06,1.06,1.06,1.06,1.06,1.06,1.06,1.06,1.06,1.06,1.06,1.06,1.06
CL-PFU,v3.0b1,current,World,Anthracite,Total energy supply; Total final consumption; Industry; Manufacturing; Non-metallic minerals,1.06,1.06,1.06,1.06,1.06,1.06,1.06,1.06,1.06,1.06,1.06,1.06,1.06,1.06,1.06,1.06,1.06,1.06,1.06,1.06,1.06,1.06,1.06,1.06,1.06,1.06
CL-PFU,v3.0b1,current,World,Anthracite,Total energy supply; Total final consumption; Industry; Manufacturing; Transport equipment,1.06,1.06,1.06,1.06,1.06,1.06,1.06,1.06,1.06,1.06,1.06,1.06,1.06,1.06,1.06,1.06,1.06,1.06,1.06,1.06,1.06,1.06,1.06,1.06,1.06,1.06
CL-PFU,v3.0b1,current,World,Anthracite,Total energy supply; Total final consumption; Industry; Manufacturing; Machinery,1.06,1.06,1.06,1.06,1.06,1.06,1.06,1.06,1.06,1.06,1.06,1.06,1.06,1.06,1.06,1.06,1.06,1.06,1.06,1.06,1.06,1.06,1.06,1.06,1.06,1.06
CL-PFU,v3.0b1,current,World,Anthracite,Total energy supply; Total final consumption; Industry; Manufacturing; Food and tobacco,1.06,1.06,1.06,1.06,1.06,1.06,1.06,1.06,1.06,1.06,1.06,1.06,1.06,1.06,1.06,1.06,1.06,1.06,1.06,1.06,1.06,1.06,1.06,1.06,1.06,1.06
CL-PFU,v3.0b1,current,World,Anthracite,"Total energy supply; Total final consumption; Industry; Manufacturing; Paper, pulp and printing",1.06,1.06,1.06,1.06,1.06,1.06,1.06,1.06,1.06,1.06,1.06,1.06,1.06,1.06,1.06,1.06,1.06,1.06,1.06,1.06,1.06,1.06,1.06,1.06,1.06,1.06
CL-PFU,v3.0b1,current,World,Anthracite,Total energy supply; Total final consumption; Industry; Manufacturing; Wood and wood products,1.06,1.06,1.06,1.06,1.06,1.06,1.06,1.06,1.06,1.06,1.06,1.06,1.06,1.06,1.06,1.06,1.06,1.06,1.06,1.06,1.06,1.06,1.06,1.06,1.06,1.06
CL-PFU,v3.0b1,current,World,Anthracite,Total energy supply; Total final consumption; Industry; Manufacturing; Textile and leather,1.06,1.06,1.06,1.06,1.06,1.06,1.06,1.06,1.06,1.06,1.06,1.06,1.06,1.06,1.06,1.06,1.06,1.06,1.06,1.06,1.06,1.06,1.06,1.06,1.06,1.06
CL-PFU,v3.0b1,current,World,Anthracite,Total energy supply; Total final consumption; Industry; Industry not elsewhere specified,1.06,1.06,1.06,1.06,1.06,1.06,1.06,1.06,1.06,1.06,1.06,1.06,1.06,1.06,1.06,1.06,1.06,1.06,1.06,1.06,1.06,1.06,1.06,1.06,1.06,1.06
CL-PFU,v3.0b1,current,World,Anthracite,Total energy supply; Total final consumption; Transport; World aviation bunkers,1.06,1.06,1.06,1.06,1.06,1.06,1.06,1.06,1.06,1.06,1.06,1.06,1.06,1.06,1.06,1.06,1.06,1.06,1.06,1.06,1.06,1.06,1.06,1.06,1.06,1.06
CL-PFU,v3.0b1,current,World,Anthracite,Total energy supply; Total final consumption; Transport; Domestic aviation,1.06,1.06,1.06,1.06,1.06,1.06,1.06,1.06,1.06,1.06,1.06,1.06,1.06,1.06,1.06,1.06,1.06,1.06,1.06,1.06,1.06,1.06,1.06,1.06,1.06,1.06
CL-PFU,v3.0b1,current,World,Anthracite,Total energy supply; Total final consumption; Transport; Road,1.06,1.06,1.06,1.06,1.06,1.06,1.06,1.06,1.06,1.06,1.06,1.06,1.06,1.06,1.06,1.06,1.06,1.06,1.06,1.06,1.06,1.06,1.06,1.06,1.06,1.06
CL-PFU,v3.0b1,current,World,Anthracite,Total energy supply; Total final consumption; Transport; Rail,1.06,1.06,1.06,1.06,1.06,1.06,1.06,1.06,1.06,1.06,1.06,1.06,1.06,1.06,1.06,1.06,1.06,1.06,1.06,1.06,1.06,1.06,1.06,1.06,1.06,1.06
CL-PFU,v3.0b1,current,World,Anthracite,Total energy supply; Total final consumption; Transport; Pipeline transport,1.06,1.06,1.06,1.06,1.06,1.06,1.06,1.06,1.06,1.06,1.06,1.06,1.06,1.06,1.06,1.06,1.06,1.06,1.06,1.06,1.06,1.06,1.06,1.06,1.06,1.06
CL-PFU,v3.0b1,current,World,Anthracite,Total energy supply; Total final consumption; Transport; World marine bunkers,1.06,1.06,1.06,1.06,1.06,1.06,1.06,1.06,1.06,1.06,1.06,1.06,1.06,1.06,1.06,1.06,1.06,1.06,1.06,1.06,1.06,1.06,1.06,1.06,1.06,1.06
CL-PFU,v3.0b1,current,World,Anthracite,Total energy supply; Total final consumption; Transport; Domestic navigation,1.06,1.06,1.06,1.06,1.06,1.06,1.06,1.06,1.06,1.06,1.06,1.06,1.06,1.06,1.06,1.06,1.06,1.06,1.06,1.06,1.06,1.06,1.06,1.06,1.06,1.06
CL-PFU,v3.0b1,current,World,Anthracite,Total energy supply; Total final consumption; Transport; Transport not elsewhere specified,1.06,1.06,1.06,1.06,1.06,1.06,1.06,1.06,1.06,1.06,1.06,1.06,1.06,1.06,1.06,1.06,1.06,1.06,1.06,1.06,1.06,1.06,1.06,1.06,1.06,1.06
CL-PFU,v3.0b1,current,World,Anthracite,Total energy supply; Total final consumption; Residential,1.06,1.06,1.06,1.06,1.06,1.06,1.06,1.06,1.06,1.06,1.06,1.06,1.06,1.06,1.06,1.06,1.06,1.06,1.06,1.06,1.06,1.06,1.06,1.06,1.06,1.06
CL-PFU,v3.0b1,current,World,Anthracite,Total energy supply; Total final consumption; Commercial and public services,1.06,1.06,1.06,1.06,1.06,1.06,1.06,1.06,1.06,1.06,1.06,1.06,1.06,1.06,1.06,1.06,1.06,1.06,1.06,1.06,1.06,1.06,1.06,1.06,1.06,1.06
CL-PFU,v3.0b1,current,World,Anthracite,Total energy supply; Total final consumption; Agriculture/forestry,1.06,1.06,1.06,1.06,1.06,1.06,1.06,1.06,1.06,1.06,1.06,1.06,1.06,1.06,1.06,1.06,1.06,1.06,1.06,1.06,1.06,1.06,1.06,1.06,1.06,1.06
CL-PFU,v3.0b1,current,World,Anthracite,Total energy supply; Total final consumption; Fishing,1.06,1.06,1.06,1.06,1.06,1.06,1.06,1.06,1.06,1.06,1.06,1.06,1.06,1.06,1.06,1.06,1.06,1.06,1.06,1.06,1.06,1.06,1.06,1.06,1.06,1.06
CL-PFU,v3.0b1,current,World,Anthracite,Total energy supply; Total final consumption; Final consumption not elsewhere specified,1.06,1.06,1.06,1.06,1.06,1.06,1.06,1.06,1.06,1.06,1.06,1.06,1.06,1.06,1.06,1.06,1.06,1.06,1.06,1.06,1.06,1.06,1.06,1.06,1.06,1.06
CL-PFU,v3.0b1,current,World,Anthracite,Total energy supply; Total final consumption; Non-energy use; Non-energy use industry/transformation/energy,1.06,1.06,1.06,1.06,1.06,1.06,1.06,1.06,1.06,1.06,1.06,1.06,1.06,1.06,1.06,1.06,1.06,1.06,1.06,1.06,1.06,1.06,1.06,1.06,1.06,1.06
CL-PFU,v3.0b1,current,World,Anthracite,Total energy supply; Total final consumption; Non-energy use; Non-energy use in transport,1.06,1.06,1.06,1.06,1.06,1.06,1.06,1.06,1.06,1.06,1.06,1.06,1.06,1.06,1.06,1.06,1.06,1.06,1.06,1.06,1.06,1.06,1.06,1.06,1.06,1.06
CL-PFU,v3.0b1,current,World,Anthracite,Total energy supply; Total final consumption; Non-energy use; Non-energy use in other,1.06,1.06,1.06,1.06,1.06,1.06,1.06,1.06,1.06,1.06,1.06,1.06,1.06,1.06,1.06,1.06,1.06,1.06,1.06,1.06,1.06,1.06,1.06,1.06,1.06,1.06
CL-PFU,v3.0b1,current,World,Aviation gasoline,Total energy supply; Energy industry own use; Coal mines,1.06,1.06,1.06,1.06,1.06,1.06,1.06,1.06,1.06,1.06,1.06,1.06,1.06,1.06,1.06,1.06,1.06,1.06,1.06,1.06,1.06,1.06,1.06,1.06,1.06,1.06
CL-PFU,v3.0b1,current,World,Aviation gasoline,Total energy supply; Energy industry own use; Oil and gas extraction,1.06,1.06,1.06,1.06,1.06,1.06,1.06,1.06,1.06,1.06,1.06,1.06,1.06,1.06,1.06,1.06,1.06,1.06,1.06,1.06,1.06,1.06,1.06,1.06,1.06,1.06
CL-PFU,v3.0b1,current,World,Aviation gasoline,Total energy supply; Energy industry own use; Blast furnaces,1.06,1.06,1.06,1.06,1.06,1.06,1.06,1.06,1.06,1.06,1.06,1.06,1.06,1.06,1.06,1.06,1.06,1.06,1.06,1.06,1.06,1.06,1.06,1.06,1.06,1.06
CL-PFU,v3.0b1,current,World,Aviation gasoline,Total energy supply; Energy industry own use; Gas works,1.06,1.06,1.06,1.06,1.06,1.06,1.06,1.06,1.06,1.06,1.06,1.06,1.06,1.06,1.06,1.06,1.06,1.06,1.06,1.06,1.06,1.06,1.06,1.06,1.06,1.06
CL-PFU,v3.0b1,current,World,Aviation gasoline,Total energy supply; Energy industry own use; Gasification plants for biogases,1.06,1.06,1.06,1.06,1.06,1.06,1.06,1.06,1.06,1.06,1.06,1.06,1.06,1.06,1.06,1.06,1.06,1.06,1.06,1.06,1.06,1.06,1.06,1.06,1.06,1.06
CL-PFU,v3.0b1,current,World,Aviation gasoline,Total energy supply; Energy industry own use; Coke ovens,1.06,1.06,1.06,1.06,1.06,1.06,1.06,1.06,1.06,1.06,1.06,1.06,1.06,1.06,1.06,1.06,1.06,1.06,1.06,1.06,1.06,1.06,1.06,1.06,1.06,1.06
CL-PFU,v3.0b1,current,World,Aviation gasoline,Total energy supply; Energy industry own use; Patent fuel plants,1.06,1.06,1.06,1.06,1.06,1.06,1.06,1.06,1.06,1.06,1.06,1.06,1.06,1.06,1.06,1.06,1.06,1.06,1.06,1.06,1.06,1.06,1.06,1.06,1.06,1.06
CL-PFU,v3.0b1,current,World,Aviation gasoline,Total energy supply; Energy industry own use; BKB/peat briquette plants,1.06,1.06,1.06,1.06,1.06,1.06,1.06,1.06,1.06,1.06,1.06,1.06,1.06,1.06,1.06,1.06,1.06,1.06,1.06,1.06,1.06,1.06,1.06,1.06,1.06,1.06
CL-PFU,v3.0b1,current,World,Aviation gasoline,Total energy supply; Energy industry own use; Oil refineries,1.06,1.06,1.06,1.06,1.06,1.06,1.06,1.06,1.06,1.06,1.06,1.06,1.06,1.06,1.06,1.06,1.06,1.06,1.06,1.06,1.06,1.06,1.06,1.06,1.06,1.06
CL-PFU,v3.0b1,current,World,Aviation gasoline,Total energy supply; Energy industry own use; Coal liquefaction plants,1.06,1.06,1.06,1.06,1.06,1.06,1.06,1.06,1.06,1.06,1.06,1.06,1.06,1.06,1.06,1.06,1.06,1.06,1.06,1.06,1.06,1.06,1.06,1.06,1.06,1.06
CL-PFU,v3.0b1,current,World,Aviation gasoline,Total energy supply; Energy industry own use; Liquefaction (LNG) / regasification plants,1.06,1.06,1.06,1.06,1.06,1.06,1.06,1.06,1.06,1.06,1.06,1.06,1.06,1.06,1.06,1.06,1.06,1.06,1.06,1.06,1.06,1.06,1.06,1.06,1.06,1.06
CL-PFU,v3.0b1,current,World,Aviation gasoline,Total energy supply; Energy industry own use; Gas-to-liquids (GTL) plants,1.06,1.06,1.06,1.06,1.06,1.06,1.06,1.06,1.06,1.06,1.06,1.06,1.06,1.06,1.06,1.06,1.06,1.06,1.06,1.06,1.06,1.06,1.06,1.06,1.06,1.06
CL-PFU,v3.0b1,current,World,Aviation gasoline,"Total energy supply; Energy industry own use; Own use in electricity, CHP and heat plants",1.06,1.06,1.06,1.06,1.06,1.06,1.06,1.06,1.06,1.06,1.06,1.06,1.06,1.06,1.06,1.06,1.06,1.06,1.06,1.06,1.06,1.06,1.06,1.06,1.06,1.06
CL-PFU,v3.0b1,current,World,Aviation gasoline,Total energy supply; Energy industry own use; Pumped storage plants,1.06,1.06,1.06,1.06,1.06,1.06,1.06,1.06,1.06,1.06,1.06,1.06,1.06,1.06,1.06,1.06,1.06,1.06,1.06,1.06,1.06,1.06,1.06,1.06,1.06,1.06
CL-PFU,v3.0b1,current,World,Aviation gasoline,Total energy supply; Energy industry own use; Nuclear industry,1.06,1.06,1.06,1.06,1.06,1.06,1.06,1.06,1.06,1.06,1.06,1.06,1.06,1.06,1.06,1.06,1.06,1.06,1.06,1.06,1.06,1.06,1.06,1.06,1.06,1.06
CL-PFU,v3.0b1,current,World,Aviation gasoline,Total energy supply; Energy industry own use; Charcoal production plants,1.06,1.06,1.06,1.06,1.06,1.06,1.06,1.06,1.06,1.06,1.06,1.06,1.06,1.06,1.06,1.06,1.06,1.06,1.06,1.06,1.06,1.06,1.06,1.06,1.06,1.06
CL-PFU,v3.0b1,current,World,Aviation gasoline,Total energy supply; Energy industry own use; Non-specified (energy),1.06,1.06,1.06,1.06,1.06,1.06,1.06,1.06,1.06,1.06,1.06,1.06,1.06,1.06,1.06,1.06,1.06,1.06,1.06,1.06,1.06,1.06,1.06,1.06,1.06,1.06
CL-PFU,v3.0b1,current,World,Aviation gasoline,Total energy supply; Losses,1.06,1.06,1.06,1.06,1.06,1.06,1.06,1.06,1.06,1.06,1.06,1.06,1.06,1.06,1.06,1.06,1.06,1.06,1.06,1.06,1.06,1.06,1.06,1.06,1.06,1.06
CL-PFU,v3.0b1,current,World,Aviation gasoline,Total energy supply; Total final consumption; Industry; Mining and quarrying,1.06,1.06,1.06,1.06,1.06,1.06,1.06,1.06,1.06,1.06,1.06,1.06,1.06,1.06,1.06,1.06,1.06,1.06,1.06,1.06,1.06,1.06,1.06,1.06,1.06,1.06
CL-PFU,v3.0b1,current,World,Aviation gasoline,Total energy supply; Total final consumption; Industry; Construction,1.06,1.06,1.06,1.06,1.06,1.06,1.06,1.06,1.06,1.06,1.06,1.06,1.06,1.06,1.06,1.06,1.06,1.06,1.06,1.06,1.06,1.06,1.06,1.06,1.06,1.06
CL-PFU,v3.0b1,current,World,Aviation gasoline,Total energy supply; Total final consumption; Industry; Manufacturing; Iron and steel,1.06,1.06,1.06,1.06,1.06,1.06,1.06,1.06,1.06,1.06,1.06,1.06,1.06,1.06,1.06,1.06,1.06,1.06,1.06,1.06,1.06,1.06,1.06,1.06,1.06,1.06
CL-PFU,v3.0b1,current,World,Aviation gasoline,Total energy supply; Total final consumption; Industry; Manufacturing; Chemical and petrochemical,1.06,1.06,1.06,1.06,1.06,1.06,1.06,1.06,1.06,1.06,1.06,1.06,1.06,1.06,1.06,1.06,1.06,1.06,1.06,1.06,1.06,1.06,1.06,1.06,1.06,1.06
CL-PFU,v3.0b1,current,World,Aviation gasoline,Total energy supply; Total final consumption; Industry; Manufacturing; Non-ferrous metals,1.06,1.06,1.06,1.06,1.06,1.06,1.06,1.06,1.06,1.06,1.06,1.06,1.06,1.06,1.06,1.06,1.06,1.06,1.06,1.06,1.06,1.06,1.06,1.06,1.06,1.06
CL-PFU,v3.0b1,current,World,Aviation gasoline,Total energy supply; Total final consumption; Industry; Manufacturing; Non-metallic minerals,1.06,1.06,1.06,1.06,1.06,1.06,1.06,1.06,1.06,1.06,1.06,1.06,1.06,1.06,1.06,1.06,1.06,1.06,1.06,1.06,1.06,1.06,1.06,1.06,1.06,1.06
CL-PFU,v3.0b1,current,World,Aviation gasoline,Total energy supply; Total final consumption; Industry; Manufacturing; Transport equipment,1.06,1.06,1.06,1.06,1.06,1.06,1.06,1.06,1.06,1.06,1.06,1.06,1.06,1.06,1.06,1.06,1.06,1.06,1.06,1.06,1.06,1.06,1.06,1.06,1.06,1.06
CL-PFU,v3.0b1,current,World,Aviation gasoline,Total energy supply; Total final consumption; Industry; Manufacturing; Machinery,1.06,1.06,1.06,1.06,1.06,1.06,1.06,1.06,1.06,1.06,1.06,1.06,1.06,1.06,1.06,1.06,1.06,1.06,1.06,1.06,1.06,1.06,1.06,1.06,1.06,1.06
CL-PFU,v3.0b1,current,World,Aviation gasoline,Total energy supply; Total final consumption; Industry; Manufacturing; Food and tobacco,1.06,1.06,1.06,1.06,1.06,1.06,1.06,1.06,1.06,1.06,1.06,1.06,1.06,1.06,1.06,1.06,1.06,1.06,1.06,1.06,1.06,1.06,1.06,1.06,1.06,1.06
CL-PFU,v3.0b1,current,World,Aviation gasoline,"Total energy supply; Total final consumption; Industry; Manufacturing; Paper, pulp and printing",1.06,1.06,1.06,1.06,1.06,1.06,1.06,1.06,1.06,1.06,1.06,1.06,1.06,1.06,1.06,1.06,1.06,1.06,1.06,1.06,1.06,1.06,1.06,1.06,1.06,1.06
CL-PFU,v3.0b1,current,World,Aviation gasoline,Total energy supply; Total final consumption; Industry; Manufacturing; Wood and wood products,1.06,1.06,1.06,1.06,1.06,1.06,1.06,1.06,1.06,1.06,1.06,1.06,1.06,1.06,1.06,1.06,1.06,1.06,1.06,1.06,1.06,1.06,1.06,1.06,1.06,1.06
CL-PFU,v3.0b1,current,World,Aviation gasoline,Total energy supply; Total final consumption; Industry; Manufacturing; Textile and leather,1.06,1.06,1.06,1.06,1.06,1.06,1.06,1.06,1.06,1.06,1.06,1.06,1.06,1.06,1.06,1.06,1.06,1.06,1.06,1.06,1.06,1.06,1.06,1.06,1.06,1.06
CL-PFU,v3.0b1,current,World,Aviation gasoline,Total energy supply; Total final consumption; Industry; Industry not elsewhere specified,1.06,1.06,1.06,1.06,1.06,1.06,1.06,1.06,1.06,1.06,1.06,1.06,1.06,1.06,1.06,1.06,1.06,1.06,1.06,1.06,1.06,1.06,1.06,1.06,1.06,1.06
CL-PFU,v3.0b1,current,World,Aviation gasoline,Total energy supply; Total final consumption; Transport; World aviation bunkers,1.06,1.06,1.06,1.06,1.06,1.06,1.06,1.06,1.06,1.06,1.06,1.06,1.06,1.06,1.06,1.06,1.06,1.06,1.06,1.06,1.06,1.06,1.06,1.06,1.06,1.06
CL-PFU,v3.0b1,current,World,Aviation gasoline,Total energy supply; Total final consumption; Transport; Domestic aviation,1.06,1.06,1.06,1.06,1.06,1.06,1.06,1.06,1.06,1.06,1.06,1.06,1.06,1.06,1.06,1.06,1.06,1.06,1.06,1.06,1.06,1.06,1.06,1.06,1.06,1.06
CL-PFU,v3.0b1,current,World,Aviation gasoline,Total energy supply; Total final consumption; Transport; Road,1.06,1.06,1.06,1.06,1.06,1.06,1.06,1.06,1.06,1.06,1.06,1.06,1.06,1.06,1.06,1.06,1.06,1.06,1.06,1.06,1.06,1.06,1.06,1.06,1.06,1.06
CL-PFU,v3.0b1,current,World,Aviation gasoline,Total energy supply; Total final consumption; Transport; Rail,1.06,1.06,1.06,1.06,1.06,1.06,1.06,1.06,1.06,1.06,1.06,1.06,1.06,1.06,1.06,1.06,1.06,1.06,1.06,1.06,1.06,1.06,1.06,1.06,1.06,1.06
CL-PFU,v3.0b1,current,World,Aviation gasoline,Total energy supply; Total final consumption; Transport; Pipeline transport,1.06,1.06,1.06,1.06,1.06,1.06,1.06,1.06,1.06,1.06,1.06,1.06,1.06,1.06,1.06,1.06,1.06,1.06,1.06,1.06,1.06,1.06,1.06,1.06,1.06,1.06
CL-PFU,v3.0b1,current,World,Aviation gasoline,Total energy supply; Total final consumption; Transport; World marine bunkers,1.06,1.06,1.06,1.06,1.06,1.06,1.06,1.06,1.06,1.06,1.06,1.06,1.06,1.06,1.06,1.06,1.06,1.06,1.06,1.06,1.06,1.06,1.06,1.06,1.06,1.06
CL-PFU,v3.0b1,current,World,Aviation gasoline,Total energy supply; Total final consumption; Transport; Domestic navigation,1.06,1.06,1.06,1.06,1.06,1.06,1.06,1.06,1.06,1.06,1.06,1.06,1.06,1.06,1.06,1.06,1.06,1.06,1.06,1.06,1.06,1.06,1.06,1.06,1.06,1.06
CL-PFU,v3.0b1,current,World,Aviation gasoline,Total energy supply; Total final consumption; Transport; Transport not elsewhere specified,1.06,1.06,1.06,1.06,1.06,1.06,1.06,1.06,1.06,1.06,1.06,1.06,1.06,1.06,1.06,1.06,1.06,1.06,1.06,1.06,1.06,1.06,1.06,1.06,1.06,1.06
CL-PFU,v3.0b1,current,World,Aviation gasoline,Total energy supply; Total final consumption; Residential,1.06,1.06,1.06,1.06,1.06,1.06,1.06,1.06,1.06,1.06,1.06,1.06,1.06,1.06,1.06,1.06,1.06,1.06,1.06,1.06,1.06,1.06,1.06,1.06,1.06,1.06
CL-PFU,v3.0b1,current,World,Aviation gasoline,Total energy supply; Total final consumption; Commercial and public services,1.06,1.06,1.06,1.06,1.06,1.06,1.06,1.06,1.06,1.06,1.06,1.06,1.06,1.06,1.06,1.06,1.06,1.06,1.06,1.06,1.06,1.06,1.06,1.06,1.06,1.06
CL-PFU,v3.0b1,current,World,Aviation gasoline,Total energy supply; Total final consumption; Agriculture/forestry,1.06,1.06,1.06,1.06,1.06,1.06,1.06,1.06,1.06,1.06,1.06,1.06,1.06,1.06,1.06,1.06,1.06,1.06,1.06,1.06,1.06,1.06,1.06,1.06,1.06,1.06
CL-PFU,v3.0b1,current,World,Aviation gasoline,Total energy supply; Total final consumption; Fishing,1.06,1.06,1.06,1.06,1.06,1.06,1.06,1.06,1.06,1.06,1.06,1.06,1.06,1.06,1.06,1.06,1.06,1.06,1.06,1.06,1.06,1.06,1.06,1.06,1.06,1.06
CL-PFU,v3.0b1,current,World,Aviation gasoline,Total energy supply; Total final consumption; Final consumption not elsewhere specified,1.06,1.06,1.06,1.06,1.06,1.06,1.06,1.06,1.06,1.06,1.06,1.06,1.06,1.06,1.06,1.06,1.06,1.06,1.06,1.06,1.06,1.06,1.06,1.06,1.06,1.06
CL-PFU,v3.0b1,current,World,Aviation gasoline,Total energy supply; Total final consumption; Non-energy use; Non-energy use industry/transformation/energy,1.06,1.06,1.06,1.06,1.06,1.06,1.06,1.06,1.06,1.06,1.06,1.06,1.06,1.06,1.06,1.06,1.06,1.06,1.06,1.06,1.06,1.06,1.06,1.06,1.06,1.06
CL-PFU,v3.0b1,current,World,Aviation gasoline,Total energy supply; Total final consumption; Non-energy use; Non-energy use in transport,1.06,1.06,1.06,1.06,1.06,1.06,1.06,1.06,1.06,1.06,1.06,1.06,1.06,1.06,1.06,1.06,1.06,1.06,1.06,1.06,1.06,1.06,1.06,1.06,1.06,1.06
CL-PFU,v3.0b1,current,World,Aviation gasoline,Total energy supply; Total final consumption; Non-energy use; Non-energy use in other,1.06,1.06,1.06,1.06,1.06,1.06,1.06,1.06,1.06,1.06,1.06,1.06,1.06,1.06,1.06,1.06,1.06,1.06,1.06,1.06,1.06,1.06,1.06,1.06,1.06,1.06
CL-PFU,v3.0b1,current,World,Bio jet kerosene,Total energy supply; Energy industry own use; Coal mines,1.11,1.11,1.11,1.11,1.11,1.11,1.11,1.11,1.11,1.11,1.11,1.11,1.11,1.11,1.11,1.11,1.11,1.11,1.11,1.11,1.11,1.11,1.11,1.11,1.11,1.11
CL-PFU,v3.0b1,current,World,Bio jet kerosene,Total energy supply; Energy industry own use; Oil and gas extraction,1.11,1.11,1.11,1.11,1.11,1.11,1.11,1.11,1.11,1.11,1.11,1.11,1.11,1.11,1.11,1.11,1.11,1.11,1.11,1.11,1.11,1.11,1.11,1.11,1.11,1.11
CL-PFU,v3.0b1,current,World,Bio jet kerosene,Total energy supply; Energy industry own use; Blast furnaces,1.11,1.11,1.11,1.11,1.11,1.11,1.11,1.11,1.11,1.11,1.11,1.11,1.11,1.11,1.11,1.11,1.11,1.11,1.11,1.11,1.11,1.11,1.11,1.11,1.11,1.11
CL-PFU,v3.0b1,current,World,Bio jet kerosene,Total energy supply; Energy industry own use; Gas works,1.11,1.11,1.11,1.11,1.11,1.11,1.11,1.11,1.11,1.11,1.11,1.11,1.11,1.11,1.11,1.11,1.11,1.11,1.11,1.11,1.11,1.11,1.11,1.11,1.11,1.11
CL-PFU,v3.0b1,current,World,Bio jet kerosene,Total energy supply; Energy industry own use; Gasification plants for biogases,1.11,1.11,1.11,1.11,1.11,1.11,1.11,1.11,1.11,1.11,1.11,1.11,1.11,1.11,1.11,1.11,1.11,1.11,1.11,1.11,1.11,1.11,1.11,1.11,1.11,1.11
CL-PFU,v3.0b1,current,World,Bio jet kerosene,Total energy supply; Energy industry own use; Coke ovens,1.11,1.11,1.11,1.11,1.11,1.11,1.11,1.11,1.11,1.11,1.11,1.11,1.11,1.11,1.11,1.11,1.11,1.11,1.11,1.11,1.11,1.11,1.11,1.11,1.11,1.11
CL-PFU,v3.0b1,current,World,Bio jet kerosene,Total energy supply; Energy industry own use; Patent fuel plants,1.11,1.11,1.11,1.11,1.11,1.11,1.11,1.11,1.11,1.11,1.11,1.11,1.11,1.11,1.11,1.11,1.11,1.11,1.11,1.11,1.11,1.11,1.11,1.11,1.11,1.11
CL-PFU,v3.0b1,current,World,Bio jet kerosene,Total energy supply; Energy industry own use; BKB/peat briquette plants,1.11,1.11,1.11,1.11,1.11,1.11,1.11,1.11,1.11,1.11,1.11,1.11,1.11,1.11,1.11,1.11,1.11,1.11,1.11,1.11,1.11,1.11,1.11,1.11,1.11,1.11
CL-PFU,v3.0b1,current,World,Bio jet kerosene,Total energy supply; Energy industry own use; Oil refineries,1.11,1.11,1.11,1.11,1.11,1.11,1.11,1.11,1.11,1.11,1.11,1.11,1.11,1.11,1.11,1.11,1.11,1.11,1.11,1.11,1.11,1.11,1.11,1.11,1.11,1.11
CL-PFU,v3.0b1,current,World,Bio jet kerosene,Total energy supply; Energy industry own use; Coal liquefaction plants,1.11,1.11,1.11,1.11,1.11,1.11,1.11,1.11,1.11,1.11,1.11,1.11,1.11,1.11,1.11,1.11,1.11,1.11,1.11,1.11,1.11,1.11,1.11,1.11,1.11,1.11
CL-PFU,v3.0b1,current,World,Bio jet kerosene,Total energy supply; Energy industry own use; Liquefaction (LNG) / regasification plants,1.11,1.11,1.11,1.11,1.11,1.11,1.11,1.11,1.11,1.11,1.11,1.11,1.11,1.11,1.11,1.11,1.11,1.11,1.11,1.11,1.11,1.11,1.11,1.11,1.11,1.11
CL-PFU,v3.0b1,current,World,Bio jet kerosene,Total energy supply; Energy industry own use; Gas-to-liquids (GTL) plants,1.11,1.11,1.11,1.11,1.11,1.11,1.11,1.11,1.11,1.11,1.11,1.11,1.11,1.11,1.11,1.11,1.11,1.11,1.11,1.11,1.11,1.11,1.11,1.11,1.11,1.11
CL-PFU,v3.0b1,current,World,Bio jet kerosene,"Total energy supply; Energy industry own use; Own use in electricity, CHP and heat plants",1.11,1.11,1.11,1.11,1.11,1.11,1.11,1.11,1.11,1.11,1.11,1.11,1.11,1.11,1.11,1.11,1.11,1.11,1.11,1.11,1.11,1.11,1.11,1.11,1.11,1.11
CL-PFU,v3.0b1,current,World,Bio jet kerosene,Total energy supply; Energy industry own use; Pumped storage plants,1.11,1.11,1.11,1.11,1.11,1.11,1.11,1.11,1.11,1.11,1.11,1.11,1.11,1.11,1.11,1.11,1.11,1.11,1.11,1.11,1.11,1.11,1.11,1.11,1.11,1.11
CL-PFU,v3.0b1,current,World,Bio jet kerosene,Total energy supply; Energy industry own use; Nuclear industry,1.11,1.11,1.11,1.11,1.11,1.11,1.11,1.11,1.11,1.11,1.11,1.11,1.11,1.11,1.11,1.11,1.11,1.11,1.11,1.11,1.11,1.11,1.11,1.11,1.11,1.11
CL-PFU,v3.0b1,current,World,Bio jet kerosene,Total energy supply; Energy industry own use; Charcoal production plants,1.11,1.11,1.11,1.11,1.11,1.11,1.11,1.11,1.11,1.11,1.11,1.11,1.11,1.11,1.11,1.11,1.11,1.11,1.11,1.11,1.11,1.11,1.11,1.11,1.11,1.11
CL-PFU,v3.0b1,current,World,Bio jet kerosene,Total energy supply; Energy industry own use; Non-specified (energy),1.11,1.11,1.11,1.11,1.11,1.11,1.11,1.11,1.11,1.11,1.11,1.11,1.11,1.11,1.11,1.11,1.11,1.11,1.11,1.11,1.11,1.11,1.11,1.11,1.11,1.11
CL-PFU,v3.0b1,current,World,Bio jet kerosene,Total energy supply; Losses,1.11,1.11,1.11,1.11,1.11,1.11,1.11,1.11,1.11,1.11,1.11,1.11,1.11,1.11,1.11,1.11,1.11,1.11,1.11,1.11,1.11,1.11,1.11,1.11,1.11,1.11
CL-PFU,v3.0b1,current,World,Bio jet kerosene,Total energy supply; Total final consumption; Industry; Mining and quarrying,1.11,1.11,1.11,1.11,1.11,1.11,1.11,1.11,1.11,1.11,1.11,1.11,1.11,1.11,1.11,1.11,1.11,1.11,1.11,1.11,1.11,1.11,1.11,1.11,1.11,1.11
CL-PFU,v3.0b1,current,World,Bio jet kerosene,Total energy supply; Total final consumption; Industry; Construction,1.11,1.11,1.11,1.11,1.11,1.11,1.11,1.11,1.11,1.11,1.11,1.11,1.11,1.11,1.11,1.11,1.11,1.11,1.11,1.11,1.11,1.11,1.11,1.11,1.11,1.11
CL-PFU,v3.0b1,current,World,Bio jet kerosene,Total energy supply; Total final consumption; Industry; Manufacturing; Iron and steel,1.11,1.11,1.11,1.11,1.11,1.11,1.11,1.11,1.11,1.11,1.11,1.11,1.11,1.11,1.11,1.11,1.11,1.11,1.11,1.11,1.11,1.11,1.11,1.11,1.11,1.11
CL-PFU,v3.0b1,current,World,Bio jet kerosene,Total energy supply; Total final consumption; Industry; Manufacturing; Chemical and petrochemical,1.11,1.11,1.11,1.11,1.11,1.11,1.11,1.11,1.11,1.11,1.11,1.11,1.11,1.11,1.11,1.11,1.11,1.11,1.11,1.11,1.11,1.11,1.11,1.11,1.11,1.11
CL-PFU,v3.0b1,current,World,Bio jet kerosene,Total energy supply; Total final consumption; Industry; Manufacturing; Non-ferrous metals,1.11,1.11,1.11,1.11,1.11,1.11,1.11,1.11,1.11,1.11,1.11,1.11,1.11,1.11,1.11,1.11,1.11,1.11,1.11,1.11,1.11,1.11,1.11,1.11,1.11,1.11
CL-PFU,v3.0b1,current,World,Bio jet kerosene,Total energy supply; Total final consumption; Industry; Manufacturing; Non-metallic minerals,1.11,1.11,1.11,1.11,1.11,1.11,1.11,1.11,1.11,1.11,1.11,1.11,1.11,1.11,1.11,1.11,1.11,1.11,1.11,1.11,1.11,1.11,1.11,1.11,1.11,1.11
CL-PFU,v3.0b1,current,World,Bio jet kerosene,Total energy supply; Total final consumption; Industry; Manufacturing; Transport equipment,1.11,1.11,1.11,1.11,1.11,1.11,1.11,1.11,1.11,1.11,1.11,1.11,1.11,1.11,1.11,1.11,1.11,1.11,1.11,1.11,1.11,1.11,1.11,1.11,1.11,1.11
CL-PFU,v3.0b1,current,World,Bio jet kerosene,Total energy supply; Total final consumption; Industry; Manufacturing; Machinery,1.11,1.11,1.11,1.11,1.11,1.11,1.11,1.11,1.11,1.11,1.11,1.11,1.11,1.11,1.11,1.11,1.11,1.11,1.11,1.11,1.11,1.11,1.11,1.11,1.11,1.11
CL-PFU,v3.0b1,current,World,Bio jet kerosene,Total energy supply; Total final consumption; Industry; Manufacturing; Food and tobacco,1.11,1.11,1.11,1.11,1.11,1.11,1.11,1.11,1.11,1.11,1.11,1.11,1.11,1.11,1.11,1.11,1.11,1.11,1.11,1.11,1.11,1.11,1.11,1.11,1.11,1.11
CL-PFU,v3.0b1,current,World,Bio jet kerosene,"Total energy supply; Total final consumption; Industry; Manufacturing; Paper, pulp and printing",1.11,1.11,1.11,1.11,1.11,1.11,1.11,1.11,1.11,1.11,1.11,1.11,1.11,1.11,1.11,1.11,1.11,1.11,1.11,1.11,1.11,1.11,1.11,1.11,1.11,1.11
CL-PFU,v3.0b1,current,World,Bio jet kerosene,Total energy supply; Total final consumption; Industry; Manufacturing; Wood and wood products,1.11,1.11,1.11,1.11,1.11,1.11,1.11,1.11,1.11,1.11,1.11,1.11,1.11,1.11,1.11,1.11,1.11,1.11,1.11,1.11,1.11,1.11,1.11,1.11,1.11,1.11
CL-PFU,v3.0b1,current,World,Bio jet kerosene,Total energy supply; Total final consumption; Industry; Manufacturing; Textile and leather,1.11,1.11,1.11,1.11,1.11,1.11,1.11,1.11,1.11,1.11,1.11,1.11,1.11,1.11,1.11,1.11,1.11,1.11,1.11,1.11,1.11,1.11,1.11,1.11,1.11,1.11
CL-PFU,v3.0b1,current,World,Bio jet kerosene,Total energy supply; Total final consumption; Industry; Industry not elsewhere specified,1.11,1.11,1.11,1.11,1.11,1.11,1.11,1.11,1.11,1.11,1.11,1.11,1.11,1.11,1.11,1.11,1.11,1.11,1.11,1.11,1.11,1.11,1.11,1.11,1.11,1.11
CL-PFU,v3.0b1,current,World,Bio jet kerosene,Total energy supply; Total final consumption; Transport; World aviation bunkers,1.11,1.11,1.11,1.11,1.11,1.11,1.11,1.11,1.11,1.11,1.11,1.11,1.11,1.11,1.11,1.11,1.11,1.11,1.11,1.11,1.11,1.11,1.11,1.11,1.11,1.11
CL-PFU,v3.0b1,current,World,Bio jet kerosene,Total energy supply; Total final consumption; Transport; Domestic aviation,1.11,1.11,1.11,1.11,1.11,1.11,1.11,1.11,1.11,1.11,1.11,1.11,1.11,1.11,1.11,1.11,1.11,1.11,1.11,1.11,1.11,1.11,1.11,1.11,1.11,1.11
CL-PFU,v3.0b1,current,World,Bio jet kerosene,Total energy supply; Total final consumption; Transport; Road,1.11,1.11,1.11,1.11,1.11,1.11,1.11,1.11,1.11,1.11,1.11,1.11,1.11,1.11,1.11,1.11,1.11,1.11,1.11,1.11,1.11,1.11,1.11,1.11,1.11,1.11
CL-PFU,v3.0b1,current,World,Bio jet kerosene,Total energy supply; Total final consumption; Transport; Rail,1.11,1.11,1.11,1.11,1.11,1.11,1.11,1.11,1.11,1.11,1.11,1.11,1.11,1.11,1.11,1.11,1.11,1.11,1.11,1.11,1.11,1.11,1.11,1.11,1.11,1.11
CL-PFU,v3.0b1,current,World,Bio jet kerosene,Total energy supply; Total final consumption; Transport; Pipeline transport,1.11,1.11,1.11,1.11,1.11,1.11,1.11,1.11,1.11,1.11,1.11,1.11,1.11,1.11,1.11,1.11,1.11,1.11,1.11,1.11,1.11,1.11,1.11,1.11,1.11,1.11
CL-PFU,v3.0b1,current,World,Bio jet kerosene,Total energy supply; Total final consumption; Transport; World marine bunkers,1.11,1.11,1.11,1.11,1.11,1.11,1.11,1.11,1.11,1.11,1.11,1.11,1.11,1.11,1.11,1.11,1.11,1.11,1.11,1.11,1.11,1.11,1.11,1.11,1.11,1.11
CL-PFU,v3.0b1,current,World,Bio jet kerosene,Total energy supply; Total final consumption; Transport; Domestic navigation,1.11,1.11,1.11,1.11,1.11,1.11,1.11,1.11,1.11,1.11,1.11,1.11,1.11,1.11,1.11,1.11,1.11,1.11,1.11,1.11,1.11,1.11,1.11,1.11,1.11,1.11
CL-PFU,v3.0b1,current,World,Bio jet kerosene,Total energy supply; Total final consumption; Transport; Transport not elsewhere specified,1.11,1.11,1.11,1.11,1.11,1.11,1.11,1.11,1.11,1.11,1.11,1.11,1.11,1.11,1.11,1.11,1.11,1.11,1.11,1.11,1.11,1.11,1.11,1.11,1.11,1.11
CL-PFU,v3.0b1,current,World,Bio jet kerosene,Total energy supply; Total final consumption; Residential,1.11,1.11,1.11,1.11,1.11,1.11,1.11,1.11,1.11,1.11,1.11,1.11,1.11,1.11,1.11,1.11,1.11,1.11,1.11,1.11,1.11,1.11,1.11,1.11,1.11,1.11
CL-PFU,v3.0b1,current,World,Bio jet kerosene,Total energy supply; Total final consumption; Commercial and public services,1.11,1.11,1.11,1.11,1.11,1.11,1.11,1.11,1.11,1.11,1.11,1.11,1.11,1.11,1.11,1.11,1.11,1.11,1.11,1.11,1.11,1.11,1.11,1.11,1.11,1.11
CL-PFU,v3.0b1,current,World,Bio jet kerosene,Total energy supply; Total final consumption; Agriculture/forestry,1.11,1.11,1.11,1.11,1.11,1.11,1.11,1.11,1.11,1.11,1.11,1.11,1.11,1.11,1.11,1.11,1.11,1.11,1.11,1.11,1.11,1.11,1.11,1.11,1.11,1.11
CL-PFU,v3.0b1,current,World,Bio jet kerosene,Total energy supply; Total final consumption; Fishing,1.11,1.11,1.11,1.11,1.11,1.11,1.11,1.11,1.11,1.11,1.11,1.11,1.11,1.11,1.11,1.11,1.11,1.11,1.11,1.11,1.11,1.11,1.11,1.11,1.11,1.11
CL-PFU,v3.0b1,current,World,Bio jet kerosene,Total energy supply; Total final consumption; Final consumption not elsewhere specified,1.11,1.11,1.11,1.11,1.11,1.11,1.11,1.11,1.11,1.11,1.11,1.11,1.11,1.11,1.11,1.11,1.11,1.11,1.11,1.11,1.11,1.11,1.11,1.11,1.11,1.11
CL-PFU,v3.0b1,current,World,Bio jet kerosene,Total energy supply; Total final consumption; Non-energy use; Non-energy use industry/transformation/energy,1.11,1.11,1.11,1.11,1.11,1.11,1.11,1.11,1.11,1.11,1.11,1.11,1.11,1.11,1.11,1.11,1.11,1.11,1.11,1.11,1.11,1.11,1.11,1.11,1.11,1.11
CL-PFU,v3.0b1,current,World,Bio jet kerosene,Total energy supply; Total final consumption; Non-energy use; Non-energy use in transport,1.11,1.11,1.11,1.11,1.11,1.11,1.11,1.11,1.11,1.11,1.11,1.11,1.11,1.11,1.11,1.11,1.11,1.11,1.11,1.11,1.11,1.11,1.11,1.11,1.11,1.11
CL-PFU,v3.0b1,current,World,Bio jet kerosene,Total energy supply; Total final consumption; Non-energy use; Non-energy use in other,1.11,1.11,1.11,1.11,1.11,1.11,1.11,1.11,1.11,1.11,1.11,1.11,1.11,1.11,1.11,1.11,1.11,1.11,1.11,1.11,1.11,1.11,1.11,1.11,1.11,1.11
CL-PFU,v3.0b1,current,World,Biodiesels,Total energy supply; Energy industry own use; Coal mines,1.11,1.11,1.11,1.11,1.11,1.11,1.11,1.11,1.11,1.11,1.11,1.11,1.11,1.11,1.11,1.11,1.11,1.11,1.11,1.11,1.11,1.11,1.11,1.11,1.11,1.11
CL-PFU,v3.0b1,current,World,Biodiesels,Total energy supply; Energy industry own use; Oil and gas extraction,1.11,1.11,1.11,1.11,1.11,1.11,1.11,1.11,1.11,1.11,1.11,1.11,1.11,1.11,1.11,1.11,1.11,1.11,1.11,1.11,1.11,1.11,1.11,1.11,1.11,1.11
CL-PFU,v3.0b1,current,World,Biodiesels,Total energy supply; Energy industry own use; Blast furnaces,1.11,1.11,1.11,1.11,1.11,1.11,1.11,1.11,1.11,1.11,1.11,1.11,1.11,1.11,1.11,1.11,1.11,1.11,1.11,1.11,1.11,1.11,1.11,1.11,1.11,1.11
CL-PFU,v3.0b1,current,World,Biodiesels,Total energy supply; Energy industry own use; Gas works,1.11,1.11,1.11,1.11,1.11,1.11,1.11,1.11,1.11,1.11,1.11,1.11,1.11,1.11,1.11,1.11,1.11,1.11,1.11,1.11,1.11,1.11,1.11,1.11,1.11,1.11
CL-PFU,v3.0b1,current,World,Biodiesels,Total energy supply; Energy industry own use; Gasification plants for biogases,1.11,1.11,1.11,1.11,1.11,1.11,1.11,1.11,1.11,1.11,1.11,1.11,1.11,1.11,1.11,1.11,1.11,1.11,1.11,1.11,1.11,1.11,1.11,1.11,1.11,1.11
CL-PFU,v3.0b1,current,World,Biodiesels,Total energy supply; Energy industry own use; Coke ovens,1.11,1.11,1.11,1.11,1.11,1.11,1.11,1.11,1.11,1.11,1.11,1.11,1.11,1.11,1.11,1.11,1.11,1.11,1.11,1.11,1.11,1.11,1.11,1.11,1.11,1.11
CL-PFU,v3.0b1,current,World,Biodiesels,Total energy supply; Energy industry own use; Patent fuel plants,1.11,1.11,1.11,1.11,1.11,1.11,1.11,1.11,1.11,1.11,1.11,1.11,1.11,1.11,1.11,1.11,1.11,1.11,1.11,1.11,1.11,1.11,1.11,1.11,1.11,1.11
CL-PFU,v3.0b1,current,World,Biodiesels,Total energy supply; Energy industry own use; BKB/peat briquette plants,1.11,1.11,1.11,1.11,1.11,1.11,1.11,1.11,1.11,1.11,1.11,1.11,1.11,1.11,1.11,1.11,1.11,1.11,1.11,1.11,1.11,1.11,1.11,1.11,1.11,1.11
CL-PFU,v3.0b1,current,World,Biodiesels,Total energy supply; Energy industry own use; Oil refineries,1.11,1.11,1.11,1.11,1.11,1.11,1.11,1.11,1.11,1.11,1.11,1.11,1.11,1.11,1.11,1.11,1.11,1.11,1.11,1.11,1.11,1.11,1.11,1.11,1.11,1.11
CL-PFU,v3.0b1,current,World,Biodiesels,Total energy supply; Energy industry own use; Coal liquefaction plants,1.11,1.11,1.11,1.11,1.11,1.11,1.11,1.11,1.11,1.11,1.11,1.11,1.11,1.11,1.11,1.11,1.11,1.11,1.11,1.11,1.11,1.11,1.11,1.11,1.11,1.11
CL-PFU,v3.0b1,current,World,Biodiesels,Total energy supply; Energy industry own use; Liquefaction (LNG) / regasification plants,1.11,1.11,1.11,1.11,1.11,1.11,1.11,1.11,1.11,1.11,1.11,1.11,1.11,1.11,1.11,1.11,1.11,1.11,1.11,1.11,1.11,1.11,1.11,1.11,1.11,1.11
CL-PFU,v3.0b1,current,World,Biodiesels,Total energy supply; Energy industry own use; Gas-to-liquids (GTL) plants,1.11,1.11,1.11,1.11,1.11,1.11,1.11,1.11,1.11,1.11,1.11,1.11,1.11,1.11,1.11,1.11,1.11,1.11,1.11,1.11,1.11,1.11,1.11,1.11,1.11,1.11
CL-PFU,v3.0b1,current,World,Biodiesels,"Total energy supply; Energy industry own use; Own use in electricity, CHP and heat plants",1.11,1.11,1.11,1.11,1.11,1.11,1.11,1.11,1.11,1.11,1.11,1.11,1.11,1.11,1.11,1.11,1.11,1.11,1.11,1.11,1.11,1.11,1.11,1.11,1.11,1.11
CL-PFU,v3.0b1,current,World,Biodiesels,Total energy supply; Energy industry own use; Pumped storage plants,1.11,1.11,1.11,1.11,1.11,1.11,1.11,1.11,1.11,1.11,1.11,1.11,1.11,1.11,1.11,1.11,1.11,1.11,1.11,1.11,1.11,1.11,1.11,1.11,1.11,1.11
CL-PFU,v3.0b1,current,World,Biodiesels,Total energy supply; Energy industry own use; Nuclear industry,1.11,1.11,1.11,1.11,1.11,1.11,1.11,1.11,1.11,1.11,1.11,1.11,1.11,1.11,1.11,1.11,1.11,1.11,1.11,1.11,1.11,1.11,1.11,1.11,1.11,1.11
CL-PFU,v3.0b1,current,World,Biodiesels,Total energy supply; Energy industry own use; Charcoal production plants,1.11,1.11,1.11,1.11,1.11,1.11,1.11,1.11,1.11,1.11,1.11,1.11,1.11,1.11,1.11,1.11,1.11,1.11,1.11,1.11,1.11,1.11,1.11,1.11,1.11,1.11
CL-PFU,v3.0b1,current,World,Biodiesels,Total energy supply; Energy industry own use; Non-specified (energy),1.11,1.11,1.11,1.11,1.11,1.11,1.11,1.11,1.11,1.11,1.11,1.11,1.11,1.11,1.11,1.11,1.11,1.11,1.11,1.11,1.11,1.11,1.11,1.11,1.11,1.11
CL-PFU,v3.0b1,current,World,Biodiesels,Total energy supply; Losses,1.11,1.11,1.11,1.11,1.11,1.11,1.11,1.11,1.11,1.11,1.11,1.11,1.11,1.11,1.11,1.11,1.11,1.11,1.11,1.11,1.11,1.11,1.11,1.11,1.11,1.11
CL-PFU,v3.0b1,current,World,Biodiesels,Total energy supply; Total final consumption; Industry; Mining and quarrying,1.11,1.11,1.11,1.11,1.11,1.11,1.11,1.11,1.11,1.11,1.11,1.11,1.11,1.11,1.11,1.11,1.11,1.11,1.11,1.11,1.11,1.11,1.11,1.11,1.11,1.11
CL-PFU,v3.0b1,current,World,Biodiesels,Total energy supply; Total final consumption; Industry; Construction,1.11,1.11,1.11,1.11,1.11,1.11,1.11,1.11,1.11,1.11,1.11,1.11,1.11,1.11,1.11,1.11,1.11,1.11,1.11,1.11,1.11,1.11,1.11,1.11,1.11,1.11
CL-PFU,v3.0b1,current,World,Biodiesels,Total energy supply; Total final consumption; Industry; Manufacturing; Iron and steel,1.11,1.11,1.11,1.11,1.11,1.11,1.11,1.11,1.11,1.11,1.11,1.11,1.11,1.11,1.11,1.11,1.11,1.11,1.11,1.11,1.11,1.11,1.11,1.11,1.11,1.11
CL-PFU,v3.0b1,current,World,Biodiesels,Total energy supply; Total final consumption; Industry; Manufacturing; Chemical and petrochemical,1.11,1.11,1.11,1.11,1.11,1.11,1.11,1.11,1.11,1.11,1.11,1.11,1.11,1.11,1.11,1.11,1.11,1.11,1.11,1.11,1.11,1.11,1.11,1.11,1.11,1.11
CL-PFU,v3.0b1,current,World,Biodiesels,Total energy supply; Total final consumption; Industry; Manufacturing; Non-ferrous metals,1.11,1.11,1.11,1.11,1.11,1.11,1.11,1.11,1.11,1.11,1.11,1.11,1.11,1.11,1.11,1.11,1.11,1.11,1.11,1.11,1.11,1.11,1.11,1.11,1.11,1.11
CL-PFU,v3.0b1,current,World,Biodiesels,Total energy supply; Total final consumption; Industry; Manufacturing; Non-metallic minerals,1.11,1.11,1.11,1.11,1.11,1.11,1.11,1.11,1.11,1.11,1.11,1.11,1.11,1.11,1.11,1.11,1.11,1.11,1.11,1.11,1.11,1.11,1.11,1.11,1.11,1.11
CL-PFU,v3.0b1,current,World,Biodiesels,Total energy supply; Total final consumption; Industry; Manufacturing; Transport equipment,1.11,1.11,1.11,1.11,1.11,1.11,1.11,1.11,1.11,1.11,1.11,1.11,1.11,1.11,1.11,1.11,1.11,1.11,1.11,1.11,1.11,1.11,1.11,1.11,1.11,1.11
CL-PFU,v3.0b1,current,World,Biodiesels,Total energy supply; Total final consumption; Industry; Manufacturing; Machinery,1.11,1.11,1.11,1.11,1.11,1.11,1.11,1.11,1.11,1.11,1.11,1.11,1.11,1.11,1.11,1.11,1.11,1.11,1.11,1.11,1.11,1.11,1.11,1.11,1.11,1.11
CL-PFU,v3.0b1,current,World,Biodiesels,Total energy supply; Total final consumption; Industry; Manufacturing; Food and tobacco,1.11,1.11,1.11,1.11,1.11,1.11,1.11,1.11,1.11,1.11,1.11,1.11,1.11,1.11,1.11,1.11,1.11,1.11,1.11,1.11,1.11,1.11,1.11,1.11,1.11,1.11
CL-PFU,v3.0b1,current,World,Biodiesels,"Total energy supply; Total final consumption; Industry; Manufacturing; Paper, pulp and printing",1.11,1.11,1.11,1.11,1.11,1.11,1.11,1.11,1.11,1.11,1.11,1.11,1.11,1.11,1.11,1.11,1.11,1.11,1.11,1.11,1.11,1.11,1.11,1.11,1.11,1.11
CL-PFU,v3.0b1,current,World,Biodiesels,Total energy supply; Total final consumption; Industry; Manufacturing; Wood and wood products,1.11,1.11,1.11,1.11,1.11,1.11,1.11,1.11,1.11,1.11,1.11,1.11,1.11,1.11,1.11,1.11,1.11,1.11,1.11,1.11,1.11,1.11,1.11,1.11,1.11,1.11
CL-PFU,v3.0b1,current,World,Biodiesels,Total energy supply; Total final consumption; Industry; Manufacturing; Textile and leather,1.11,1.11,1.11,1.11,1.11,1.11,1.11,1.11,1.11,1.11,1.11,1.11,1.11,1.11,1.11,1.11,1.11,1.11,1.11,1.11,1.11,1.11,1.11,1.11,1.11,1.11
CL-PFU,v3.0b1,current,World,Biodiesels,Total energy supply; Total final consumption; Industry; Industry not elsewhere specified,1.11,1.11,1.11,1.11,1.11,1.11,1.11,1.11,1.11,1.11,1.11,1.11,1.11,1.11,1.11,1.11,1.11,1.11,1.11,1.11,1.11,1.11,1.11,1.11,1.11,1.11
CL-PFU,v3.0b1,current,World,Biodiesels,Total energy supply; Total final consumption; Transport; World aviation bunkers,1.11,1.11,1.11,1.11,1.11,1.11,1.11,1.11,1.11,1.11,1.11,1.11,1.11,1.11,1.11,1.11,1.11,1.11,1.11,1.11,1.11,1.11,1.11,1.11,1.11,1.11
CL-PFU,v3.0b1,current,World,Biodiesels,Total energy supply; Total final consumption; Transport; Domestic aviation,1.11,1.11,1.11,1.11,1.11,1.11,1.11,1.11,1.11,1.11,1.11,1.11,1.11,1.11,1.11,1.11,1.11,1.11,1.11,1.11,1.11,1.11,1.11,1.11,1.11,1.11
CL-PFU,v3.0b1,current,World,Biodiesels,Total energy supply; Total final consumption; Transport; Road,1.11,1.11,1.11,1.11,1.11,1.11,1.11,1.11,1.11,1.11,1.11,1.11,1.11,1.11,1.11,1.11,1.11,1.11,1.11,1.11,1.11,1.11,1.11,1.11,1.11,1.11
CL-PFU,v3.0b1,current,World,Biodiesels,Total energy supply; Total final consumption; Transport; Rail,1.11,1.11,1.11,1.11,1.11,1.11,1.11,1.11,1.11,1.11,1.11,1.11,1.11,1.11,1.11,1.11,1.11,1.11,1.11,1.11,1.11,1.11,1.11,1.11,1.11,1.11
CL-PFU,v3.0b1,current,World,Biodiesels,Total energy supply; Total final consumption; Transport; Pipeline transport,1.11,1.11,1.11,1.11,1.11,1.11,1.11,1.11,1.11,1.11,1.11,1.11,1.11,1.11,1.11,1.11,1.11,1.11,1.11,1.11,1.11,1.11,1.11,1.11,1.11,1.11
CL-PFU,v3.0b1,current,World,Biodiesels,Total energy supply; Total final consumption; Transport; World marine bunkers,1.11,1.11,1.11,1.11,1.11,1.11,1.11,1.11,1.11,1.11,1.11,1.11,1.11,1.11,1.11,1.11,1.11,1.11,1.11,1.11,1.11,1.11,1.11,1.11,1.11,1.11
CL-PFU,v3.0b1,current,World,Biodiesels,Total energy supply; Total final consumption; Transport; Domestic navigation,1.11,1.11,1.11,1.11,1.11,1.11,1.11,1.11,1.11,1.11,1.11,1.11,1.11,1.11,1.11,1.11,1.11,1.11,1.11,1.11,1.11,1.11,1.11,1.11,1.11,1.11
CL-PFU,v3.0b1,current,World,Biodiesels,Total energy supply; Total final consumption; Transport; Transport not elsewhere specified,1.11,1.11,1.11,1.11,1.11,1.11,1.11,1.11,1.11,1.11,1.11,1.11,1.11,1.11,1.11,1.11,1.11,1.11,1.11,1.11,1.11,1.11,1.11,1.11,1.11,1.11
CL-PFU,v3.0b1,current,World,Biodiesels,Total energy supply; Total final consumption; Residential,1.11,1.11,1.11,1.11,1.11,1.11,1.11,1.11,1.11,1.11,1.11,1.11,1.11,1.11,1.11,1.11,1.11,1.11,1.11,1.11,1.11,1.11,1.11,1.11,1.11,1.11
CL-PFU,v3.0b1,current,World,Biodiesels,Total energy supply; Total final consumption; Commercial and public services,1.11,1.11,1.11,1.11,1.11,1.11,1.11,1.11,1.11,1.11,1.11,1.11,1.11,1.11,1.11,1.11,1.11,1.11,1.11,1.11,1.11,1.11,1.11,1.11,1.11,1.11
CL-PFU,v3.0b1,current,World,Biodiesels,Total energy supply; Total final consumption; Agriculture/forestry,1.11,1.11,1.11,1.11,1.11,1.11,1.11,1.11,1.11,1.11,1.11,1.11,1.11,1.11,1.11,1.11,1.11,1.11,1.11,1.11,1.11,1.11,1.11,1.11,1.11,1.11
CL-PFU,v3.0b1,current,World,Biodiesels,Total energy supply; Total final consumption; Fishing,1.11,1.11,1.11,1.11,1.11,1.11,1.11,1.11,1.11,1.11,1.11,1.11,1.11,1.11,1.11,1.11,1.11,1.11,1.11,1.11,1.11,1.11,1.11,1.11,1.11,1.11
CL-PFU,v3.0b1,current,World,Biodiesels,Total energy supply; Total final consumption; Final consumption not elsewhere specified,1.11,1.11,1.11,1.11,1.11,1.11,1.11,1.11,1.11,1.11,1.11,1.11,1.11,1.11,1.11,1.11,1.11,1.11,1.11,1.11,1.11,1.11,1.11,1.11,1.11,1.11
CL-PFU,v3.0b1,current,World,Biodiesels,Total energy supply; Total final consumption; Non-energy use; Non-energy use industry/transformation/energy,1.11,1.11,1.11,1.11,1.11,1.11,1.11,1.11,1.11,1.11,1.11,1.11,1.11,1.11,1.11,1.11,1.11,1.11,1.11,1.11,1.11,1.11,1.11,1.11,1.11,1.11
CL-PFU,v3.0b1,current,World,Biodiesels,Total energy supply; Total final consumption; Non-energy use; Non-energy use in transport,1.11,1.11,1.11,1.11,1.11,1.11,1.11,1.11,1.11,1.11,1.11,1.11,1.11,1.11,1.11,1.11,1.11,1.11,1.11,1.11,1.11,1.11,1.11,1.11,1.11,1.11
CL-PFU,v3.0b1,current,World,Biodiesels,Total energy supply; Total final consumption; Non-energy use; Non-energy use in other,1.11,1.11,1.11,1.11,1.11,1.11,1.11,1.11,1.11,1.11,1.11,1.11,1.11,1.11,1.11,1.11,1.11,1.11,1.11,1.11,1.11,1.11,1.11,1.11,1.11,1.11
CL-PFU,v3.0b1,current,World,Biogases,Total energy supply; Energy industry own use; Coal mines,1.11,1.11,1.11,1.11,1.11,1.11,1.11,1.11,1.11,1.11,1.11,1.11,1.11,1.11,1.11,1.11,1.11,1.11,1.11,1.11,1.11,1.11,1.11,1.11,1.11,1.11
CL-PFU,v3.0b1,current,World,Biogases,Total energy supply; Energy industry own use; Oil and gas extraction,1.11,1.11,1.11,1.11,1.11,1.11,1.11,1.11,1.11,1.11,1.11,1.11,1.11,1.11,1.11,1.11,1.11,1.11,1.11,1.11,1.11,1.11,1.11,1.11,1.11,1.11
CL-PFU,v3.0b1,current,World,Biogases,Total energy supply; Energy industry own use; Blast furnaces,1.11,1.11,1.11,1.11,1.11,1.11,1.11,1.11,1.11,1.11,1.11,1.11,1.11,1.11,1.11,1.11,1.11,1.11,1.11,1.11,1.11,1.11,1.11,1.11,1.11,1.11
CL-PFU,v3.0b1,current,World,Biogases,Total energy supply; Energy industry own use; Gas works,1.11,1.11,1.11,1.11,1.11,1.11,1.11,1.11,1.11,1.11,1.11,1.11,1.11,1.11,1.11,1.11,1.11,1.11,1.11,1.11,1.11,1.11,1.11,1.11,1.11,1.11
CL-PFU,v3.0b1,current,World,Biogases,Total energy supply; Energy industry own use; Gasification plants for biogases,1.11,1.11,1.11,1.11,1.11,1.11,1.11,1.11,1.11,1.11,1.11,1.11,1.11,1.11,1.11,1.11,1.11,1.11,1.11,1.11,1.11,1.11,1.11,1.11,1.11,1.11
CL-PFU,v3.0b1,current,World,Biogases,Total energy supply; Energy industry own use; Coke ovens,1.11,1.11,1.11,1.11,1.11,1.11,1.11,1.11,1.11,1.11,1.11,1.11,1.11,1.11,1.11,1.11,1.11,1.11,1.11,1.11,1.11,1.11,1.11,1.11,1.11,1.11
CL-PFU,v3.0b1,current,World,Biogases,Total energy supply; Energy industry own use; Patent fuel plants,1.11,1.11,1.11,1.11,1.11,1.11,1.11,1.11,1.11,1.11,1.11,1.11,1.11,1.11,1.11,1.11,1.11,1.11,1.11,1.11,1.11,1.11,1.11,1.11,1.11,1.11
CL-PFU,v3.0b1,current,World,Biogases,Total energy supply; Energy industry own use; BKB/peat briquette plants,1.11,1.11,1.11,1.11,1.11,1.11,1.11,1.11,1.11,1.11,1.11,1.11,1.11,1.11,1.11,1.11,1.11,1.11,1.11,1.11,1.11,1.11,1.11,1.11,1.11,1.11
CL-PFU,v3.0b1,current,World,Biogases,Total energy supply; Energy industry own use; Oil refineries,1.11,1.11,1.11,1.11,1.11,1.11,1.11,1.11,1.11,1.11,1.11,1.11,1.11,1.11,1.11,1.11,1.11,1.11,1.11,1.11,1.11,1.11,1.11,1.11,1.11,1.11
CL-PFU,v3.0b1,current,World,Biogases,Total energy supply; Energy industry own use; Coal liquefaction plants,1.11,1.11,1.11,1.11,1.11,1.11,1.11,1.11,1.11,1.11,1.11,1.11,1.11,1.11,1.11,1.11,1.11,1.11,1.11,1.11,1.11,1.11,1.11,1.11,1.11,1.11
CL-PFU,v3.0b1,current,World,Biogases,Total energy supply; Energy industry own use; Liquefaction (LNG) / regasification plants,1.11,1.11,1.11,1.11,1.11,1.11,1.11,1.11,1.11,1.11,1.11,1.11,1.11,1.11,1.11,1.11,1.11,1.11,1.11,1.11,1.11,1.11,1.11,1.11,1.11,1.11
CL-PFU,v3.0b1,current,World,Biogases,Total energy supply; Energy industry own use; Gas-to-liquids (GTL) plants,1.11,1.11,1.11,1.11,1.11,1.11,1.11,1.11,1.11,1.11,1.11,1.11,1.11,1.11,1.11,1.11,1.11,1.11,1.11,1.11,1.11,1.11,1.11,1.11,1.11,1.11
CL-PFU,v3.0b1,current,World,Biogases,"Total energy supply; Energy industry own use; Own use in electricity, CHP and heat plants",1.11,1.11,1.11,1.11,1.11,1.11,1.11,1.11,1.11,1.11,1.11,1.11,1.11,1.11,1.11,1.11,1.11,1.11,1.11,1.11,1.11,1.11,1.11,1.11,1.11,1.11
CL-PFU,v3.0b1,current,World,Biogases,Total energy supply; Energy industry own use; Pumped storage plants,1.11,1.11,1.11,1.11,1.11,1.11,1.11,1.11,1.11,1.11,1.11,1.11,1.11,1.11,1.11,1.11,1.11,1.11,1.11,1.11,1.11,1.11,1.11,1.11,1.11,1.11
CL-PFU,v3.0b1,current,World,Biogases,Total energy supply; Energy industry own use; Nuclear industry,1.11,1.11,1.11,1.11,1.11,1.11,1.11,1.11,1.11,1.11,1.11,1.11,1.11,1.11,1.11,1.11,1.11,1.11,1.11,1.11,1.11,1.11,1.11,1.11,1.11,1.11
CL-PFU,v3.0b1,current,World,Biogases,Total energy supply; Energy industry own use; Charcoal production plants,1.11,1.11,1.11,1.11,1.11,1.11,1.11,1.11,1.11,1.11,1.11,1.11,1.11,1.11,1.11,1.11,1.11,1.11,1.11,1.11,1.11,1.11,1.11,1.11,1.11,1.11
CL-PFU,v3.0b1,current,World,Biogases,Total energy supply; Energy industry own use; Non-specified (energy),1.11,1.11,1.11,1.11,1.11,1.11,1.11,1.11,1.11,1.11,1.11,1.11,1.11,1.11,1.11,1.11,1.11,1.11,1.11,1.11,1.11,1.11,1.11,1.11,1.11,1.11
CL-PFU,v3.0b1,current,World,Biogases,Total energy supply; Losses,1.11,1.11,1.11,1.11,1.11,1.11,1.11,1.11,1.11,1.11,1.11,1.11,1.11,1.11,1.11,1.11,1.11,1.11,1.11,1.11,1.11,1.11,1.11,1.11,1.11,1.11
CL-PFU,v3.0b1,current,World,Biogases,Total energy supply; Total final consumption; Industry; Mining and quarrying,1.11,1.11,1.11,1.11,1.11,1.11,1.11,1.11,1.11,1.11,1.11,1.11,1.11,1.11,1.11,1.11,1.11,1.11,1.11,1.11,1.11,1.11,1.11,1.11,1.11,1.11
CL-PFU,v3.0b1,current,World,Biogases,Total energy supply; Total final consumption; Industry; Construction,1.11,1.11,1.11,1.11,1.11,1.11,1.11,1.11,1.11,1.11,1.11,1.11,1.11,1.11,1.11,1.11,1.11,1.11,1.11,1.11,1.11,1.11,1.11,1.11,1.11,1.11
CL-PFU,v3.0b1,current,World,Biogases,Total energy supply; Total final consumption; Industry; Manufacturing; Iron and steel,1.11,1.11,1.11,1.11,1.11,1.11,1.11,1.11,1.11,1.11,1.11,1.11,1.11,1.11,1.11,1.11,1.11,1.11,1.11,1.11,1.11,1.11,1.11,1.11,1.11,1.11
CL-PFU,v3.0b1,current,World,Biogases,Total energy supply; Total final consumption; Industry; Manufacturing; Chemical and petrochemical,1.11,1.11,1.11,1.11,1.11,1.11,1.11,1.11,1.11,1.11,1.11,1.11,1.11,1.11,1.11,1.11,1.11,1.11,1.11,1.11,1.11,1.11,1.11,1.11,1.11,1.11
CL-PFU,v3.0b1,current,World,Biogases,Total energy supply; Total final consumption; Industry; Manufacturing; Non-ferrous metals,1.11,1.11,1.11,1.11,1.11,1.11,1.11,1.11,1.11,1.11,1.11,1.11,1.11,1.11,1.11,1.11,1.11,1.11,1.11,1.11,1.11,1.11,1.11,1.11,1.11,1.11
CL-PFU,v3.0b1,current,World,Biogases,Total energy supply; Total final consumption; Industry; Manufacturing; Non-metallic minerals,1.11,1.11,1.11,1.11,1.11,1.11,1.11,1.11,1.11,1.11,1.11,1.11,1.11,1.11,1.11,1.11,1.11,1.11,1.11,1.11,1.11,1.11,1.11,1.11,1.11,1.11
CL-PFU,v3.0b1,current,World,Biogases,Total energy supply; Total final consumption; Industry; Manufacturing; Transport equipment,1.11,1.11,1.11,1.11,1.11,1.11,1.11,1.11,1.11,1.11,1.11,1.11,1.11,1.11,1.11,1.11,1.11,1.11,1.11,1.11,1.11,1.11,1.11,1.11,1.11,1.11
CL-PFU,v3.0b1,current,World,Biogases,Total energy supply; Total final consumption; Industry; Manufacturing; Machinery,1.11,1.11,1.11,1.11,1.11,1.11,1.11,1.11,1.11,1.11,1.11,1.11,1.11,1.11,1.11,1.11,1.11,1.11,1.11,1.11,1.11,1.11,1.11,1.11,1.11,1.11
CL-PFU,v3.0b1,current,World,Biogases,Total energy supply; Total final consumption; Industry; Manufacturing; Food and tobacco,1.11,1.11,1.11,1.11,1.11,1.11,1.11,1.11,1.11,1.11,1.11,1.11,1.11,1.11,1.11,1.11,1.11,1.11,1.11,1.11,1.11,1.11,1.11,1.11,1.11,1.11
CL-PFU,v3.0b1,current,World,Biogases,"Total energy supply; Total final consumption; Industry; Manufacturing; Paper, pulp and printing",1.11,1.11,1.11,1.11,1.11,1.11,1.11,1.11,1.11,1.11,1.11,1.11,1.11,1.11,1.11,1.11,1.11,1.11,1.11,1.11,1.11,1.11,1.11,1.11,1.11,1.11
CL-PFU,v3.0b1,current,World,Biogases,Total energy supply; Total final consumption; Industry; Manufacturing; Wood and wood products,1.11,1.11,1.11,1.11,1.11,1.11,1.11,1.11,1.11,1.11,1.11,1.11,1.11,1.11,1.11,1.11,1.11,1.11,1.11,1.11,1.11,1.11,1.11,1.11,1.11,1.11
CL-PFU,v3.0b1,current,World,Biogases,Total energy supply; Total final consumption; Industry; Manufacturing; Textile and leather,1.11,1.11,1.11,1.11,1.11,1.11,1.11,1.11,1.11,1.11,1.11,1.11,1.11,1.11,1.11,1.11,1.11,1.11,1.11,1.11,1.11,1.11,1.11,1.11,1.11,1.11
CL-PFU,v3.0b1,current,World,Biogases,Total energy supply; Total final consumption; Industry; Industry not elsewhere specified,1.11,1.11,1.11,1.11,1.11,1.11,1.11,1.11,1.11,1.11,1.11,1.11,1.11,1.11,1.11,1.11,1.11,1.11,1.11,1.11,1.11,1.11,1.11,1.11,1.11,1.11
CL-PFU,v3.0b1,current,World,Biogases,Total energy supply; Total final consumption; Transport; World aviation bunkers,1.11,1.11,1.11,1.11,1.11,1.11,1.11,1.11,1.11,1.11,1.11,1.11,1.11,1.11,1.11,1.11,1.11,1.11,1.11,1.11,1.11,1.11,1.11,1.11,1.11,1.11
CL-PFU,v3.0b1,current,World,Biogases,Total energy supply; Total final consumption; Transport; Domestic aviation,1.11,1.11,1.11,1.11,1.11,1.11,1.11,1.11,1.11,1.11,1.11,1.11,1.11,1.11,1.11,1.11,1.11,1.11,1.11,1.11,1.11,1.11,1.11,1.11,1.11,1.11
CL-PFU,v3.0b1,current,World,Biogases,Total energy supply; Total final consumption; Transport; Road,1.11,1.11,1.11,1.11,1.11,1.11,1.11,1.11,1.11,1.11,1.11,1.11,1.11,1.11,1.11,1.11,1.11,1.11,1.11,1.11,1.11,1.11,1.11,1.11,1.11,1.11
CL-PFU,v3.0b1,current,World,Biogases,Total energy supply; Total final consumption; Transport; Rail,1.11,1.11,1.11,1.11,1.11,1.11,1.11,1.11,1.11,1.11,1.11,1.11,1.11,1.11,1.11,1.11,1.11,1.11,1.11,1.11,1.11,1.11,1.11,1.11,1.11,1.11
CL-PFU,v3.0b1,current,World,Biogases,Total energy supply; Total final consumption; Transport; Pipeline transport,1.11,1.11,1.11,1.11,1.11,1.11,1.11,1.11,1.11,1.11,1.11,1.11,1.11,1.11,1.11,1.11,1.11,1.11,1.11,1.11,1.11,1.11,1.11,1.11,1.11,1.11
CL-PFU,v3.0b1,current,World,Biogases,Total energy supply; Total final consumption; Transport; World marine bunkers,1.11,1.11,1.11,1.11,1.11,1.11,1.11,1.11,1.11,1.11,1.11,1.11,1.11,1.11,1.11,1.11,1.11,1.11,1.11,1.11,1.11,1.11,1.11,1.11,1.11,1.11
CL-PFU,v3.0b1,current,World,Biogases,Total energy supply; Total final consumption; Transport; Domestic navigation,1.11,1.11,1.11,1.11,1.11,1.11,1.11,1.11,1.11,1.11,1.11,1.11,1.11,1.11,1.11,1.11,1.11,1.11,1.11,1.11,1.11,1.11,1.11,1.11,1.11,1.11
CL-PFU,v3.0b1,current,World,Biogases,Total energy supply; Total final consumption; Transport; Transport not elsewhere specified,1.11,1.11,1.11,1.11,1.11,1.11,1.11,1.11,1.11,1.11,1.11,1.11,1.11,1.11,1.11,1.11,1.11,1.11,1.11,1.11,1.11,1.11,1.11,1.11,1.11,1.11
CL-PFU,v3.0b1,current,World,Biogases,Total energy supply; Total final consumption; Residential,1.11,1.11,1.11,1.11,1.11,1.11,1.11,1.11,1.11,1.11,1.11,1.11,1.11,1.11,1.11,1.11,1.11,1.11,1.11,1.11,1.11,1.11,1.11,1.11,1.11,1.11
CL-PFU,v3.0b1,current,World,Biogases,Total energy supply; Total final consumption; Commercial and public services,1.11,1.11,1.11,1.11,1.11,1.11,1.11,1.11,1.11,1.11,1.11,1.11,1.11,1.11,1.11,1.11,1.11,1.11,1.11,1.11,1.11,1.11,1.11,1.11,1.11,1.11
CL-PFU,v3.0b1,current,World,Biogases,Total energy supply; Total final consumption; Agriculture/forestry,1.11,1.11,1.11,1.11,1.11,1.11,1.11,1.11,1.11,1.11,1.11,1.11,1.11,1.11,1.11,1.11,1.11,1.11,1.11,1.11,1.11,1.11,1.11,1.11,1.11,1.11
CL-PFU,v3.0b1,current,World,Biogases,Total energy supply; Total final consumption; Fishing,1.11,1.11,1.11,1.11,1.11,1.11,1.11,1.11,1.11,1.11,1.11,1.11,1.11,1.11,1.11,1.11,1.11,1.11,1.11,1.11,1.11,1.11,1.11,1.11,1.11,1.11
CL-PFU,v3.0b1,current,World,Biogases,Total energy supply; Total final consumption; Final consumption not elsewhere specified,1.11,1.11,1.11,1.11,1.11,1.11,1.11,1.11,1.11,1.11,1.11,1.11,1.11,1.11,1.11,1.11,1.11,1.11,1.11,1.11,1.11,1.11,1.11,1.11,1.11,1.11
CL-PFU,v3.0b1,current,World,Biogases,Total energy supply; Total final consumption; Non-energy use; Non-energy use industry/transformation/energy,1.11,1.11,1.11,1.11,1.11,1.11,1.11,1.11,1.11,1.11,1.11,1.11,1.11,1.11,1.11,1.11,1.11,1.11,1.11,1.11,1.11,1.11,1.11,1.11,1.11,1.11
CL-PFU,v3.0b1,current,World,Biogases,Total energy supply; Total final consumption; Non-energy use; Non-energy use in transport,1.11,1.11,1.11,1.11,1.11,1.11,1.11,1.11,1.11,1.11,1.11,1.11,1.11,1.11,1.11,1.11,1.11,1.11,1.11,1.11,1.11,1.11,1.11,1.11,1.11,1.11
CL-PFU,v3.0b1,current,World,Biogases,Total energy supply; Total final consumption; Non-energy use; Non-energy use in other,1.11,1.11,1.11,1.11,1.11,1.11,1.11,1.11,1.11,1.11,1.11,1.11,1.11,1.11,1.11,1.11,1.11,1.11,1.11,1.11,1.11,1.11,1.11,1.11,1.11,1.11
CL-PFU,v3.0b1,current,World,Biogasoline,Total energy supply; Energy industry own use; Coal mines,1.11,1.11,1.11,1.11,1.11,1.11,1.11,1.11,1.11,1.11,1.11,1.11,1.11,1.11,1.11,1.11,1.11,1.11,1.11,1.11,1.11,1.11,1.11,1.11,1.11,1.11
CL-PFU,v3.0b1,current,World,Biogasoline,Total energy supply; Energy industry own use; Oil and gas extraction,1.11,1.11,1.11,1.11,1.11,1.11,1.11,1.11,1.11,1.11,1.11,1.11,1.11,1.11,1.11,1.11,1.11,1.11,1.11,1.11,1.11,1.11,1.11,1.11,1.11,1.11
CL-PFU,v3.0b1,current,World,Biogasoline,Total energy supply; Energy industry own use; Blast furnaces,1.11,1.11,1.11,1.11,1.11,1.11,1.11,1.11,1.11,1.11,1.11,1.11,1.11,1.11,1.11,1.11,1.11,1.11,1.11,1.11,1.11,1.11,1.11,1.11,1.11,1.11
CL-PFU,v3.0b1,current,World,Biogasoline,Total energy supply; Energy industry own use; Gas works,1.11,1.11,1.11,1.11,1.11,1.11,1.11,1.11,1.11,1.11,1.11,1.11,1.11,1.11,1.11,1.11,1.11,1.11,1.11,1.11,1.11,1.11,1.11,1.11,1.11,1.11
CL-PFU,v3.0b1,current,World,Biogasoline,Total energy supply; Energy industry own use; Gasification plants for biogases,1.11,1.11,1.11,1.11,1.11,1.11,1.11,1.11,1.11,1.11,1.11,1.11,1.11,1.11,1.11,1.11,1.11,1.11,1.11,1.11,1.11,1.11,1.11,1.11,1.11,1.11
CL-PFU,v3.0b1,current,World,Biogasoline,Total energy supply; Energy industry own use; Coke ovens,1.11,1.11,1.11,1.11,1.11,1.11,1.11,1.11,1.11,1.11,1.11,1.11,1.11,1.11,1.11,1.11,1.11,1.11,1.11,1.11,1.11,1.11,1.11,1.11,1.11,1.11
CL-PFU,v3.0b1,current,World,Biogasoline,Total energy supply; Energy industry own use; Patent fuel plants,1.11,1.11,1.11,1.11,1.11,1.11,1.11,1.11,1.11,1.11,1.11,1.11,1.11,1.11,1.11,1.11,1.11,1.11,1.11,1.11,1.11,1.11,1.11,1.11,1.11,1.11
CL-PFU,v3.0b1,current,World,Biogasoline,Total energy supply; Energy industry own use; BKB/peat briquette plants,1.11,1.11,1.11,1.11,1.11,1.11,1.11,1.11,1.11,1.11,1.11,1.11,1.11,1.11,1.11,1.11,1.11,1.11,1.11,1.11,1.11,1.11,1.11,1.11,1.11,1.11
CL-PFU,v3.0b1,current,World,Biogasoline,Total energy supply; Energy industry own use; Oil refineries,1.11,1.11,1.11,1.11,1.11,1.11,1.11,1.11,1.11,1.11,1.11,1.11,1.11,1.11,1.11,1.11,1.11,1.11,1.11,1.11,1.11,1.11,1.11,1.11,1.11,1.11
CL-PFU,v3.0b1,current,World,Biogasoline,Total energy supply; Energy industry own use; Coal liquefaction plants,1.11,1.11,1.11,1.11,1.11,1.11,1.11,1.11,1.11,1.11,1.11,1.11,1.11,1.11,1.11,1.11,1.11,1.11,1.11,1.11,1.11,1.11,1.11,1.11,1.11,1.11
CL-PFU,v3.0b1,current,World,Biogasoline,Total energy supply; Energy industry own use; Liquefaction (LNG) / regasification plants,1.11,1.11,1.11,1.11,1.11,1.11,1.11,1.11,1.11,1.11,1.11,1.11,1.11,1.11,1.11,1.11,1.11,1.11,1.11,1.11,1.11,1.11,1.11,1.11,1.11,1.11
CL-PFU,v3.0b1,current,World,Biogasoline,Total energy supply; Energy industry own use; Gas-to-liquids (GTL) plants,1.11,1.11,1.11,1.11,1.11,1.11,1.11,1.11,1.11,1.11,1.11,1.11,1.11,1.11,1.11,1.11,1.11,1.11,1.11,1.11,1.11,1.11,1.11,1.11,1.11,1.11
CL-PFU,v3.0b1,current,World,Biogasoline,"Total energy supply; Energy industry own use; Own use in electricity, CHP and heat plants",1.11,1.11,1.11,1.11,1.11,1.11,1.11,1.11,1.11,1.11,1.11,1.11,1.11,1.11,1.11,1.11,1.11,1.11,1.11,1.11,1.11,1.11,1.11,1.11,1.11,1.11
CL-PFU,v3.0b1,current,World,Biogasoline,Total energy supply; Energy industry own use; Pumped storage plants,1.11,1.11,1.11,1.11,1.11,1.11,1.11,1.11,1.11,1.11,1.11,1.11,1.11,1.11,1.11,1.11,1.11,1.11,1.11,1.11,1.11,1.11,1.11,1.11,1.11,1.11
CL-PFU,v3.0b1,current,World,Biogasoline,Total energy supply; Energy industry own use; Nuclear industry,1.11,1.11,1.11,1.11,1.11,1.11,1.11,1.11,1.11,1.11,1.11,1.11,1.11,1.11,1.11,1.11,1.11,1.11,1.11,1.11,1.11,1.11,1.11,1.11,1.11,1.11
CL-PFU,v3.0b1,current,World,Biogasoline,Total energy supply; Energy industry own use; Charcoal production plants,1.11,1.11,1.11,1.11,1.11,1.11,1.11,1.11,1.11,1.11,1.11,1.11,1.11,1.11,1.11,1.11,1.11,1.11,1.11,1.11,1.11,1.11,1.11,1.11,1.11,1.11
CL-PFU,v3.0b1,current,World,Biogasoline,Total energy supply; Energy industry own use; Non-specified (energy),1.11,1.11,1.11,1.11,1.11,1.11,1.11,1.11,1.11,1.11,1.11,1.11,1.11,1.11,1.11,1.11,1.11,1.11,1.11,1.11,1.11,1.11,1.11,1.11,1.11,1.11
CL-PFU,v3.0b1,current,World,Biogasoline,Total energy supply; Losses,1.11,1.11,1.11,1.11,1.11,1.11,1.11,1.11,1.11,1.11,1.11,1.11,1.11,1.11,1.11,1.11,1.11,1.11,1.11,1.11,1.11,1.11,1.11,1.11,1.11,1.11
CL-PFU,v3.0b1,current,World,Biogasoline,Total energy supply; Total final consumption; Industry; Mining and quarrying,1.11,1.11,1.11,1.11,1.11,1.11,1.11,1.11,1.11,1.11,1.11,1.11,1.11,1.11,1.11,1.11,1.11,1.11,1.11,1.11,1.11,1.11,1.11,1.11,1.11,1.11
CL-PFU,v3.0b1,current,World,Biogasoline,Total energy supply; Total final consumption; Industry; Construction,1.11,1.11,1.11,1.11,1.11,1.11,1.11,1.11,1.11,1.11,1.11,1.11,1.11,1.11,1.11,1.11,1.11,1.11,1.11,1.11,1.11,1.11,1.11,1.11,1.11,1.11
CL-PFU,v3.0b1,current,World,Biogasoline,Total energy supply; Total final consumption; Industry; Manufacturing; Iron and steel,1.11,1.11,1.11,1.11,1.11,1.11,1.11,1.11,1.11,1.11,1.11,1.11,1.11,1.11,1.11,1.11,1.11,1.11,1.11,1.11,1.11,1.11,1.11,1.11,1.11,1.11
CL-PFU,v3.0b1,current,World,Biogasoline,Total energy supply; Total final consumption; Industry; Manufacturing; Chemical and petrochemical,1.11,1.11,1.11,1.11,1.11,1.11,1.11,1.11,1.11,1.11,1.11,1.11,1.11,1.11,1.11,1.11,1.11,1.11,1.11,1.11,1.11,1.11,1.11,1.11,1.11,1.11
CL-PFU,v3.0b1,current,World,Biogasoline,Total energy supply; Total final consumption; Industry; Manufacturing; Non-ferrous metals,1.11,1.11,1.11,1.11,1.11,1.11,1.11,1.11,1.11,1.11,1.11,1.11,1.11,1.11,1.11,1.11,1.11,1.11,1.11,1.11,1.11,1.11,1.11,1.11,1.11,1.11
CL-PFU,v3.0b1,current,World,Biogasoline,Total energy supply; Total final consumption; Industry; Manufacturing; Non-metallic minerals,1.11,1.11,1.11,1.11,1.11,1.11,1.11,1.11,1.11,1.11,1.11,1.11,1.11,1.11,1.11,1.11,1.11,1.11,1.11,1.11,1.11,1.11,1.11,1.11,1.11,1.11
CL-PFU,v3.0b1,current,World,Biogasoline,Total energy supply; Total final consumption; Industry; Manufacturing; Transport equipment,1.11,1.11,1.11,1.11,1.11,1.11,1.11,1.11,1.11,1.11,1.11,1.11,1.11,1.11,1.11,1.11,1.11,1.11,1.11,1.11,1.11,1.11,1.11,1.11,1.11,1.11
CL-PFU,v3.0b1,current,World,Biogasoline,Total energy supply; Total final consumption; Industry; Manufacturing; Machinery,1.11,1.11,1.11,1.11,1.11,1.11,1.11,1.11,1.11,1.11,1.11,1.11,1.11,1.11,1.11,1.11,1.11,1.11,1.11,1.11,1.11,1.11,1.11,1.11,1.11,1.11
CL-PFU,v3.0b1,current,World,Biogasoline,Total energy supply; Total final consumption; Industry; Manufacturing; Food and tobacco,1.11,1.11,1.11,1.11,1.11,1.11,1.11,1.11,1.11,1.11,1.11,1.11,1.11,1.11,1.11,1.11,1.11,1.11,1.11,1.11,1.11,1.11,1.11,1.11,1.11,1.11
CL-PFU,v3.0b1,current,World,Biogasoline,"Total energy supply; Total final consumption; Industry; Manufacturing; Paper, pulp and printing",1.11,1.11,1.11,1.11,1.11,1.11,1.11,1.11,1.11,1.11,1.11,1.11,1.11,1.11,1.11,1.11,1.11,1.11,1.11,1.11,1.11,1.11,1.11,1.11,1.11,1.11
CL-PFU,v3.0b1,current,World,Biogasoline,Total energy supply; Total final consumption; Industry; Manufacturing; Wood and wood products,1.11,1.11,1.11,1.11,1.11,1.11,1.11,1.11,1.11,1.11,1.11,1.11,1.11,1.11,1.11,1.11,1.11,1.11,1.11,1.11,1.11,1.11,1.11,1.11,1.11,1.11
CL-PFU,v3.0b1,current,World,Biogasoline,Total energy supply; Total final consumption; Industry; Manufacturing; Textile and leather,1.11,1.11,1.11,1.11,1.11,1.11,1.11,1.11,1.11,1.11,1.11,1.11,1.11,1.11,1.11,1.11,1.11,1.11,1.11,1.11,1.11,1.11,1.11,1.11,1.11,1.11
CL-PFU,v3.0b1,current,World,Biogasoline,Total energy supply; Total final consumption; Industry; Industry not elsewhere specified,1.11,1.11,1.11,1.11,1.11,1.11,1.11,1.11,1.11,1.11,1.11,1.11,1.11,1.11,1.11,1.11,1.11,1.11,1.11,1.11,1.11,1.11,1.11,1.11,1.11,1.11
CL-PFU,v3.0b1,current,World,Biogasoline,Total energy supply; Total final consumption; Transport; World aviation bunkers,1.11,1.11,1.11,1.11,1.11,1.11,1.11,1.11,1.11,1.11,1.11,1.11,1.11,1.11,1.11,1.11,1.11,1.11,1.11,1.11,1.11,1.11,1.11,1.11,1.11,1.11
CL-PFU,v3.0b1,current,World,Biogasoline,Total energy supply; Total final consumption; Transport; Domestic aviation,1.11,1.11,1.11,1.11,1.11,1.11,1.11,1.11,1.11,1.11,1.11,1.11,1.11,1.11,1.11,1.11,1.11,1.11,1.11,1.11,1.11,1.11,1.11,1.11,1.11,1.11
CL-PFU,v3.0b1,current,World,Biogasoline,Total energy supply; Total final consumption; Transport; Road,1.11,1.11,1.11,1.11,1.11,1.11,1.11,1.11,1.11,1.11,1.11,1.11,1.11,1.11,1.11,1.11,1.11,1.11,1.11,1.11,1.11,1.11,1.11,1.11,1.11,1.11
CL-PFU,v3.0b1,current,World,Biogasoline,Total energy supply; Total final consumption; Transport; Rail,1.11,1.11,1.11,1.11,1.11,1.11,1.11,1.11,1.11,1.11,1.11,1.11,1.11,1.11,1.11,1.11,1.11,1.11,1.11,1.11,1.11,1.11,1.11,1.11,1.11,1.11
CL-PFU,v3.0b1,current,World,Biogasoline,Total energy supply; Total final consumption; Transport; Pipeline transport,1.11,1.11,1.11,1.11,1.11,1.11,1.11,1.11,1.11,1.11,1.11,1.11,1.11,1.11,1.11,1.11,1.11,1.11,1.11,1.11,1.11,1.11,1.11,1.11,1.11,1.11
CL-PFU,v3.0b1,current,World,Biogasoline,Total energy supply; Total final consumption; Transport; World marine bunkers,1.11,1.11,1.11,1.11,1.11,1.11,1.11,1.11,1.11,1.11,1.11,1.11,1.11,1.11,1.11,1.11,1.11,1.11,1.11,1.11,1.11,1.11,1.11,1.11,1.11,1.11
CL-PFU,v3.0b1,current,World,Biogasoline,Total energy supply; Total final consumption; Transport; Domestic navigation,1.11,1.11,1.11,1.11,1.11,1.11,1.11,1.11,1.11,1.11,1.11,1.11,1.11,1.11,1.11,1.11,1.11,1.11,1.11,1.11,1.11,1.11,1.11,1.11,1.11,1.11
CL-PFU,v3.0b1,current,World,Biogasoline,Total energy supply; Total final consumption; Transport; Transport not elsewhere specified,1.11,1.11,1.11,1.11,1.11,1.11,1.11,1.11,1.11,1.11,1.11,1.11,1.11,1.11,1.11,1.11,1.11,1.11,1.11,1.11,1.11,1.11,1.11,1.11,1.11,1.11
CL-PFU,v3.0b1,current,World,Biogasoline,Total energy supply; Total final consumption; Residential,1.11,1.11,1.11,1.11,1.11,1.11,1.11,1.11,1.11,1.11,1.11,1.11,1.11,1.11,1.11,1.11,1.11,1.11,1.11,1.11,1.11,1.11,1.11,1.11,1.11,1.11
CL-PFU,v3.0b1,current,World,Biogasoline,Total energy supply; Total final consumption; Commercial and public services,1.11,1.11,1.11,1.11,1.11,1.11,1.11,1.11,1.11,1.11,1.11,1.11,1.11,1.11,1.11,1.11,1.11,1.11,1.11,1.11,1.11,1.11,1.11,1.11,1.11,1.11
CL-PFU,v3.0b1,current,World,Biogasoline,Total energy supply; Total final consumption; Agriculture/forestry,1.11,1.11,1.11,1.11,1.11,1.11,1.11,1.11,1.11,1.11,1.11,1.11,1.11,1.11,1.11,1.11,1.11,1.11,1.11,1.11,1.11,1.11,1.11,1.11,1.11,1.11
CL-PFU,v3.0b1,current,World,Biogasoline,Total energy supply; Total final consumption; Fishing,1.11,1.11,1.11,1.11,1.11,1.11,1.11,1.11,1.11,1.11,1.11,1.11,1.11,1.11,1.11,1.11,1.11,1.11,1.11,1.11,1.11,1.11,1.11,1.11,1.11,1.11
CL-PFU,v3.0b1,current,World,Biogasoline,Total energy supply; Total final consumption; Final consumption not elsewhere specified,1.11,1.11,1.11,1.11,1.11,1.11,1.11,1.11,1.11,1.11,1.11,1.11,1.11,1.11,1.11,1.11,1.11,1.11,1.11,1.11,1.11,1.11,1.11,1.11,1.11,1.11
CL-PFU,v3.0b1,current,World,Biogasoline,Total energy supply; Total final consumption; Non-energy use; Non-energy use industry/transformation/energy,1.11,1.11,1.11,1.11,1.11,1.11,1.11,1.11,1.11,1.11,1.11,1.11,1.11,1.11,1.11,1.11,1.11,1.11,1.11,1.11,1.11,1.11,1.11,1.11,1.11,1.11
CL-PFU,v3.0b1,current,World,Biogasoline,Total energy supply; Total final consumption; Non-energy use; Non-energy use in transport,1.11,1.11,1.11,1.11,1.11,1.11,1.11,1.11,1.11,1.11,1.11,1.11,1.11,1.11,1.11,1.11,1.11,1.11,1.11,1.11,1.11,1.11,1.11,1.11,1.11,1.11
CL-PFU,v3.0b1,current,World,Biogasoline,Total energy supply; Total final consumption; Non-energy use; Non-energy use in other,1.11,1.11,1.11,1.11,1.11,1.11,1.11,1.11,1.11,1.11,1.11,1.11,1.11,1.11,1.11,1.11,1.11,1.11,1.11,1.11,1.11,1.11,1.11,1.11,1.11,1.11
CL-PFU,v3.0b1,current,World,Bitumen,Total energy supply; Energy industry own use; Coal mines,1.06,1.06,1.06,1.06,1.06,1.06,1.06,1.06,1.06,1.06,1.06,1.06,1.06,1.06,1.06,1.06,1.06,1.06,1.06,1.06,1.06,1.06,1.06,1.06,1.06,1.06
CL-PFU,v3.0b1,current,World,Bitumen,Total energy supply; Energy industry own use; Oil and gas extraction,1.06,1.06,1.06,1.06,1.06,1.06,1.06,1.06,1.06,1.06,1.06,1.06,1.06,1.06,1.06,1.06,1.06,1.06,1.06,1.06,1.06,1.06,1.06,1.06,1.06,1.06
CL-PFU,v3.0b1,current,World,Bitumen,Total energy supply; Energy industry own use; Blast furnaces,1.06,1.06,1.06,1.06,1.06,1.06,1.06,1.06,1.06,1.06,1.06,1.06,1.06,1.06,1.06,1.06,1.06,1.06,1.06,1.06,1.06,1.06,1.06,1.06,1.06,1.06
CL-PFU,v3.0b1,current,World,Bitumen,Total energy supply; Energy industry own use; Gas works,1.06,1.06,1.06,1.06,1.06,1.06,1.06,1.06,1.06,1.06,1.06,1.06,1.06,1.06,1.06,1.06,1.06,1.06,1.06,1.06,1.06,1.06,1.06,1.06,1.06,1.06
CL-PFU,v3.0b1,current,World,Bitumen,Total energy supply; Energy industry own use; Gasification plants for biogases,1.06,1.06,1.06,1.06,1.06,1.06,1.06,1.06,1.06,1.06,1.06,1.06,1.06,1.06,1.06,1.06,1.06,1.06,1.06,1.06,1.06,1.06,1.06,1.06,1.06,1.06
CL-PFU,v3.0b1,current,World,Bitumen,Total energy supply; Energy industry own use; Coke ovens,1.06,1.06,1.06,1.06,1.06,1.06,1.06,1.06,1.06,1.06,1.06,1.06,1.06,1.06,1.06,1.06,1.06,1.06,1.06,1.06,1.06,1.06,1.06,1.06,1.06,1.06
CL-PFU,v3.0b1,current,World,Bitumen,Total energy supply; Energy industry own use; Patent fuel plants,1.06,1.06,1.06,1.06,1.06,1.06,1.06,1.06,1.06,1.06,1.06,1.06,1.06,1.06,1.06,1.06,1.06,1.06,1.06,1.06,1.06,1.06,1.06,1.06,1.06,1.06
CL-PFU,v3.0b1,current,World,Bitumen,Total energy supply; Energy industry own use; BKB/peat briquette plants,1.06,1.06,1.06,1.06,1.06,1.06,1.06,1.06,1.06,1.06,1.06,1.06,1.06,1.06,1.06,1.06,1.06,1.06,1.06,1.06,1.06,1.06,1.06,1.06,1.06,1.06
CL-PFU,v3.0b1,current,World,Bitumen,Total energy supply; Energy industry own use; Oil refineries,1.06,1.06,1.06,1.06,1.06,1.06,1.06,1.06,1.06,1.06,1.06,1.06,1.06,1.06,1.06,1.06,1.06,1.06,1.06,1.06,1.06,1.06,1.06,1.06,1.06,1.06
CL-PFU,v3.0b1,current,World,Bitumen,Total energy supply; Energy industry own use; Coal liquefaction plants,1.06,1.06,1.06,1.06,1.06,1.06,1.06,1.06,1.06,1.06,1.06,1.06,1.06,1.06,1.06,1.06,1.06,1.06,1.06,1.06,1.06,1.06,1.06,1.06,1.06,1.06
CL-PFU,v3.0b1,current,World,Bitumen,Total energy supply; Energy industry own use; Liquefaction (LNG) / regasification plants,1.06,1.06,1.06,1.06,1.06,1.06,1.06,1.06,1.06,1.06,1.06,1.06,1.06,1.06,1.06,1.06,1.06,1.06,1.06,1.06,1.06,1.06,1.06,1.06,1.06,1.06
CL-PFU,v3.0b1,current,World,Bitumen,Total energy supply; Energy industry own use; Gas-to-liquids (GTL) plants,1.06,1.06,1.06,1.06,1.06,1.06,1.06,1.06,1.06,1.06,1.06,1.06,1.06,1.06,1.06,1.06,1.06,1.06,1.06,1.06,1.06,1.06,1.06,1.06,1.06,1.06
CL-PFU,v3.0b1,current,World,Bitumen,"Total energy supply; Energy industry own use; Own use in electricity, CHP and heat plants",1.06,1.06,1.06,1.06,1.06,1.06,1.06,1.06,1.06,1.06,1.06,1.06,1.06,1.06,1.06,1.06,1.06,1.06,1.06,1.06,1.06,1.06,1.06,1.06,1.06,1.06
CL-PFU,v3.0b1,current,World,Bitumen,Total energy supply; Energy industry own use; Pumped storage plants,1.06,1.06,1.06,1.06,1.06,1.06,1.06,1.06,1.06,1.06,1.06,1.06,1.06,1.06,1.06,1.06,1.06,1.06,1.06,1.06,1.06,1.06,1.06,1.06,1.06,1.06
CL-PFU,v3.0b1,current,World,Bitumen,Total energy supply; Energy industry own use; Nuclear industry,1.06,1.06,1.06,1.06,1.06,1.06,1.06,1.06,1.06,1.06,1.06,1.06,1.06,1.06,1.06,1.06,1.06,1.06,1.06,1.06,1.06,1.06,1.06,1.06,1.06,1.06
CL-PFU,v3.0b1,current,World,Bitumen,Total energy supply; Energy industry own use; Charcoal production plants,1.06,1.06,1.06,1.06,1.06,1.06,1.06,1.06,1.06,1.06,1.06,1.06,1.06,1.06,1.06,1.06,1.06,1.06,1.06,1.06,1.06,1.06,1.06,1.06,1.06,1.06
CL-PFU,v3.0b1,current,World,Bitumen,Total energy supply; Energy industry own use; Non-specified (energy),1.06,1.06,1.06,1.06,1.06,1.06,1.06,1.06,1.06,1.06,1.06,1.06,1.06,1.06,1.06,1.06,1.06,1.06,1.06,1.06,1.06,1.06,1.06,1.06,1.06,1.06
CL-PFU,v3.0b1,current,World,Bitumen,Total energy supply; Losses,1.06,1.06,1.06,1.06,1.06,1.06,1.06,1.06,1.06,1.06,1.06,1.06,1.06,1.06,1.06,1.06,1.06,1.06,1.06,1.06,1.06,1.06,1.06,1.06,1.06,1.06
CL-PFU,v3.0b1,current,World,Bitumen,Total energy supply; Total final consumption; Industry; Mining and quarrying,1.06,1.06,1.06,1.06,1.06,1.06,1.06,1.06,1.06,1.06,1.06,1.06,1.06,1.06,1.06,1.06,1.06,1.06,1.06,1.06,1.06,1.06,1.06,1.06,1.06,1.06
CL-PFU,v3.0b1,current,World,Bitumen,Total energy supply; Total final consumption; Industry; Construction,1.06,1.06,1.06,1.06,1.06,1.06,1.06,1.06,1.06,1.06,1.06,1.06,1.06,1.06,1.06,1.06,1.06,1.06,1.06,1.06,1.06,1.06,1.06,1.06,1.06,1.06
CL-PFU,v3.0b1,current,World,Bitumen,Total energy supply; Total final consumption; Industry; Manufacturing; Iron and steel,1.06,1.06,1.06,1.06,1.06,1.06,1.06,1.06,1.06,1.06,1.06,1.06,1.06,1.06,1.06,1.06,1.06,1.06,1.06,1.06,1.06,1.06,1.06,1.06,1.06,1.06
CL-PFU,v3.0b1,current,World,Bitumen,Total energy supply; Total final consumption; Industry; Manufacturing; Chemical and petrochemical,1.06,1.06,1.06,1.06,1.06,1.06,1.06,1.06,1.06,1.06,1.06,1.06,1.06,1.06,1.06,1.06,1.06,1.06,1.06,1.06,1.06,1.06,1.06,1.06,1.06,1.06
CL-PFU,v3.0b1,current,World,Bitumen,Total energy supply; Total final consumption; Industry; Manufacturing; Non-ferrous metals,1.06,1.06,1.06,1.06,1.06,1.06,1.06,1.06,1.06,1.06,1.06,1.06,1.06,1.06,1.06,1.06,1.06,1.06,1.06,1.06,1.06,1.06,1.06,1.06,1.06,1.06
CL-PFU,v3.0b1,current,World,Bitumen,Total energy supply; Total final consumption; Industry; Manufacturing; Non-metallic minerals,1.06,1.06,1.06,1.06,1.06,1.06,1.06,1.06,1.06,1.06,1.06,1.06,1.06,1.06,1.06,1.06,1.06,1.06,1.06,1.06,1.06,1.06,1.06,1.06,1.06,1.06
CL-PFU,v3.0b1,current,World,Bitumen,Total energy supply; Total final consumption; Industry; Manufacturing; Transport equipment,1.06,1.06,1.06,1.06,1.06,1.06,1.06,1.06,1.06,1.06,1.06,1.06,1.06,1.06,1.06,1.06,1.06,1.06,1.06,1.06,1.06,1.06,1.06,1.06,1.06,1.06
CL-PFU,v3.0b1,current,World,Bitumen,Total energy supply; Total final consumption; Industry; Manufacturing; Machinery,1.06,1.06,1.06,1.06,1.06,1.06,1.06,1.06,1.06,1.06,1.06,1.06,1.06,1.06,1.06,1.06,1.06,1.06,1.06,1.06,1.06,1.06,1.06,1.06,1.06,1.06
CL-PFU,v3.0b1,current,World,Bitumen,Total energy supply; Total final consumption; Industry; Manufacturing; Food and tobacco,1.06,1.06,1.06,1.06,1.06,1.06,1.06,1.06,1.06,1.06,1.06,1.06,1.06,1.06,1.06,1.06,1.06,1.06,1.06,1.06,1.06,1.06,1.06,1.06,1.06,1.06
CL-PFU,v3.0b1,current,World,Bitumen,"Total energy supply; Total final consumption; Industry; Manufacturing; Paper, pulp and printing",1.06,1.06,1.06,1.06,1.06,1.06,1.06,1.06,1.06,1.06,1.06,1.06,1.06,1.06,1.06,1.06,1.06,1.06,1.06,1.06,1.06,1.06,1.06,1.06,1.06,1.06
CL-PFU,v3.0b1,current,World,Bitumen,Total energy supply; Total final consumption; Industry; Manufacturing; Wood and wood products,1.06,1.06,1.06,1.06,1.06,1.06,1.06,1.06,1.06,1.06,1.06,1.06,1.06,1.06,1.06,1.06,1.06,1.06,1.06,1.06,1.06,1.06,1.06,1.06,1.06,1.06
CL-PFU,v3.0b1,current,World,Bitumen,Total energy supply; Total final consumption; Industry; Manufacturing; Textile and leather,1.06,1.06,1.06,1.06,1.06,1.06,1.06,1.06,1.06,1.06,1.06,1.06,1.06,1.06,1.06,1.06,1.06,1.06,1.06,1.06,1.06,1.06,1.06,1.06,1.06,1.06
CL-PFU,v3.0b1,current,World,Bitumen,Total energy supply; Total final consumption; Industry; Industry not elsewhere specified,1.06,1.06,1.06,1.06,1.06,1.06,1.06,1.06,1.06,1.06,1.06,1.06,1.06,1.06,1.06,1.06,1.06,1.06,1.06,1.06,1.06,1.06,1.06,1.06,1.06,1.06
CL-PFU,v3.0b1,current,World,Bitumen,Total energy supply; Total final consumption; Transport; World aviation bunkers,1.06,1.06,1.06,1.06,1.06,1.06,1.06,1.06,1.06,1.06,1.06,1.06,1.06,1.06,1.06,1.06,1.06,1.06,1.06,1.06,1.06,1.06,1.06,1.06,1.06,1.06
CL-PFU,v3.0b1,current,World,Bitumen,Total energy supply; Total final consumption; Transport; Domestic aviation,1.06,1.06,1.06,1.06,1.06,1.06,1.06,1.06,1.06,1.06,1.06,1.06,1.06,1.06,1.06,1.06,1.06,1.06,1.06,1.06,1.06,1.06,1.06,1.06,1.06,1.06
CL-PFU,v3.0b1,current,World,Bitumen,Total energy supply; Total final consumption; Transport; Road,1.06,1.06,1.06,1.06,1.06,1.06,1.06,1.06,1.06,1.06,1.06,1.06,1.06,1.06,1.06,1.06,1.06,1.06,1.06,1.06,1.06,1.06,1.06,1.06,1.06,1.06
CL-PFU,v3.0b1,current,World,Bitumen,Total energy supply; Total final consumption; Transport; Rail,1.06,1.06,1.06,1.06,1.06,1.06,1.06,1.06,1.06,1.06,1.06,1.06,1.06,1.06,1.06,1.06,1.06,1.06,1.06,1.06,1.06,1.06,1.06,1.06,1.06,1.06
CL-PFU,v3.0b1,current,World,Bitumen,Total energy supply; Total final consumption; Transport; Pipeline transport,1.06,1.06,1.06,1.06,1.06,1.06,1.06,1.06,1.06,1.06,1.06,1.06,1.06,1.06,1.06,1.06,1.06,1.06,1.06,1.06,1.06,1.06,1.06,1.06,1.06,1.06
CL-PFU,v3.0b1,current,World,Bitumen,Total energy supply; Total final consumption; Transport; World marine bunkers,1.06,1.06,1.06,1.06,1.06,1.06,1.06,1.06,1.06,1.06,1.06,1.06,1.06,1.06,1.06,1.06,1.06,1.06,1.06,1.06,1.06,1.06,1.06,1.06,1.06,1.06
CL-PFU,v3.0b1,current,World,Bitumen,Total energy supply; Total final consumption; Transport; Domestic navigation,1.06,1.06,1.06,1.06,1.06,1.06,1.06,1.06,1.06,1.06,1.06,1.06,1.06,1.06,1.06,1.06,1.06,1.06,1.06,1.06,1.06,1.06,1.06,1.06,1.06,1.06
CL-PFU,v3.0b1,current,World,Bitumen,Total energy supply; Total final consumption; Transport; Transport not elsewhere specified,1.06,1.06,1.06,1.06,1.06,1.06,1.06,1.06,1.06,1.06,1.06,1.06,1.06,1.06,1.06,1.06,1.06,1.06,1.06,1.06,1.06,1.06,1.06,1.06,1.06,1.06
CL-PFU,v3.0b1,current,World,Bitumen,Total energy supply; Total final consumption; Residential,1.06,1.06,1.06,1.06,1.06,1.06,1.06,1.06,1.06,1.06,1.06,1.06,1.06,1.06,1.06,1.06,1.06,1.06,1.06,1.06,1.06,1.06,1.06,1.06,1.06,1.06
CL-PFU,v3.0b1,current,World,Bitumen,Total energy supply; Total final consumption; Commercial and public services,1.06,1.06,1.06,1.06,1.06,1.06,1.06,1.06,1.06,1.06,1.06,1.06,1.06,1.06,1.06,1.06,1.06,1.06,1.06,1.06,1.06,1.06,1.06,1.06,1.06,1.06
CL-PFU,v3.0b1,current,World,Bitumen,Total energy supply; Total final consumption; Agriculture/forestry,1.06,1.06,1.06,1.06,1.06,1.06,1.06,1.06,1.06,1.06,1.06,1.06,1.06,1.06,1.06,1.06,1.06,1.06,1.06,1.06,1.06,1.06,1.06,1.06,1.06,1.06
CL-PFU,v3.0b1,current,World,Bitumen,Total energy supply; Total final consumption; Fishing,1.06,1.06,1.06,1.06,1.06,1.06,1.06,1.06,1.06,1.06,1.06,1.06,1.06,1.06,1.06,1.06,1.06,1.06,1.06,1.06,1.06,1.06,1.06,1.06,1.06,1.06
CL-PFU,v3.0b1,current,World,Bitumen,Total energy supply; Total final consumption; Final consumption not elsewhere specified,1.06,1.06,1.06,1.06,1.06,1.06,1.06,1.06,1.06,1.06,1.06,1.06,1.06,1.06,1.06,1.06,1.06,1.06,1.06,1.06,1.06,1.06,1.06,1.06,1.06,1.06
CL-PFU,v3.0b1,current,World,Bitumen,Total energy supply; Total final consumption; Non-energy use; Non-energy use industry/transformation/energy,1.06,1.06,1.06,1.06,1.06,1.06,1.06,1.06,1.06,1.06,1.06,1.06,1.06,1.06,1.06,1.06,1.06,1.06,1.06,1.06,1.06,1.06,1.06,1.06,1.06,1.06
CL-PFU,v3.0b1,current,World,Bitumen,Total energy supply; Total final consumption; Non-energy use; Non-energy use in transport,1.06,1.06,1.06,1.06,1.06,1.06,1.06,1.06,1.06,1.06,1.06,1.06,1.06,1.06,1.06,1.06,1.06,1.06,1.06,1.06,1.06,1.06,1.06,1.06,1.06,1.06
CL-PFU,v3.0b1,current,World,Bitumen,Total energy supply; Total final consumption; Non-energy use; Non-energy use in other,1.06,1.06,1.06,1.06,1.06,1.06,1.06,1.06,1.06,1.06,1.06,1.06,1.06,1.06,1.06,1.06,1.06,1.06,1.06,1.06,1.06,1.06,1.06,1.06,1.06,1.06
CL-PFU,v3.0b1,current,World,BKB,Total energy supply; Energy industry own use; Coal mines,1.05,1.05,1.05,1.05,1.05,1.05,1.05,1.05,1.05,1.05,1.05,1.05,1.05,1.05,1.05,1.05,1.05,1.05,1.05,1.05,1.05,1.05,1.05,1.05,1.05,1.05
CL-PFU,v3.0b1,current,World,BKB,Total energy supply; Energy industry own use; Oil and gas extraction,1.05,1.05,1.05,1.05,1.05,1.05,1.05,1.05,1.05,1.05,1.05,1.05,1.05,1.05,1.05,1.05,1.05,1.05,1.05,1.05,1.05,1.05,1.05,1.05,1.05,1.05
CL-PFU,v3.0b1,current,World,BKB,Total energy supply; Energy industry own use; Blast furnaces,1.05,1.05,1.05,1.05,1.05,1.05,1.05,1.05,1.05,1.05,1.05,1.05,1.05,1.05,1.05,1.05,1.05,1.05,1.05,1.05,1.05,1.05,1.05,1.05,1.05,1.05
CL-PFU,v3.0b1,current,World,BKB,Total energy supply; Energy industry own use; Gas works,1.05,1.05,1.05,1.05,1.05,1.05,1.05,1.05,1.05,1.05,1.05,1.05,1.05,1.05,1.05,1.05,1.05,1.05,1.05,1.05,1.05,1.05,1.05,1.05,1.05,1.05
CL-PFU,v3.0b1,current,World,BKB,Total energy supply; Energy industry own use; Gasification plants for biogases,1.05,1.05,1.05,1.05,1.05,1.05,1.05,1.05,1.05,1.05,1.05,1.05,1.05,1.05,1.05,1.05,1.05,1.05,1.05,1.05,1.05,1.05,1.05,1.05,1.05,1.05
CL-PFU,v3.0b1,current,World,BKB,Total energy supply; Energy industry own use; Coke ovens,1.05,1.05,1.05,1.05,1.05,1.05,1.05,1.05,1.05,1.05,1.05,1.05,1.05,1.05,1.05,1.05,1.05,1.05,1.05,1.05,1.05,1.05,1.05,1.05,1.05,1.05
CL-PFU,v3.0b1,current,World,BKB,Total energy supply; Energy industry own use; Patent fuel plants,1.05,1.05,1.05,1.05,1.05,1.05,1.05,1.05,1.05,1.05,1.05,1.05,1.05,1.05,1.05,1.05,1.05,1.05,1.05,1.05,1.05,1.05,1.05,1.05,1.05,1.05
CL-PFU,v3.0b1,current,World,BKB,Total energy supply; Energy industry own use; BKB/peat briquette plants,1.05,1.05,1.05,1.05,1.05,1.05,1.05,1.05,1.05,1.05,1.05,1.05,1.05,1.05,1.05,1.05,1.05,1.05,1.05,1.05,1.05,1.05,1.05,1.05,1.05,1.05
CL-PFU,v3.0b1,current,World,BKB,Total energy supply; Energy industry own use; Oil refineries,1.05,1.05,1.05,1.05,1.05,1.05,1.05,1.05,1.05,1.05,1.05,1.05,1.05,1.05,1.05,1.05,1.05,1.05,1.05,1.05,1.05,1.05,1.05,1.05,1.05,1.05
CL-PFU,v3.0b1,current,World,BKB,Total energy supply; Energy industry own use; Coal liquefaction plants,1.05,1.05,1.05,1.05,1.05,1.05,1.05,1.05,1.05,1.05,1.05,1.05,1.05,1.05,1.05,1.05,1.05,1.05,1.05,1.05,1.05,1.05,1.05,1.05,1.05,1.05
CL-PFU,v3.0b1,current,World,BKB,Total energy supply; Energy industry own use; Liquefaction (LNG) / regasification plants,1.05,1.05,1.05,1.05,1.05,1.05,1.05,1.05,1.05,1.05,1.05,1.05,1.05,1.05,1.05,1.05,1.05,1.05,1.05,1.05,1.05,1.05,1.05,1.05,1.05,1.05
CL-PFU,v3.0b1,current,World,BKB,Total energy supply; Energy industry own use; Gas-to-liquids (GTL) plants,1.05,1.05,1.05,1.05,1.05,1.05,1.05,1.05,1.05,1.05,1.05,1.05,1.05,1.05,1.05,1.05,1.05,1.05,1.05,1.05,1.05,1.05,1.05,1.05,1.05,1.05
CL-PFU,v3.0b1,current,World,BKB,"Total energy supply; Energy industry own use; Own use in electricity, CHP and heat plants",1.05,1.05,1.05,1.05,1.05,1.05,1.05,1.05,1.05,1.05,1.05,1.05,1.05,1.05,1.05,1.05,1.05,1.05,1.05,1.05,1.05,1.05,1.05,1.05,1.05,1.05
CL-PFU,v3.0b1,current,World,BKB,Total energy supply; Energy industry own use; Pumped storage plants,1.05,1.05,1.05,1.05,1.05,1.05,1.05,1.05,1.05,1.05,1.05,1.05,1.05,1.05,1.05,1.05,1.05,1.05,1.05,1.05,1.05,1.05,1.05,1.05,1.05,1.05
CL-PFU,v3.0b1,current,World,BKB,Total energy supply; Energy industry own use; Nuclear industry,1.05,1.05,1.05,1.05,1.05,1.05,1.05,1.05,1.05,1.05,1.05,1.05,1.05,1.05,1.05,1.05,1.05,1.05,1.05,1.05,1.05,1.05,1.05,1.05,1.05,1.05
CL-PFU,v3.0b1,current,World,BKB,Total energy supply; Energy industry own use; Charcoal production plants,1.05,1.05,1.05,1.05,1.05,1.05,1.05,1.05,1.05,1.05,1.05,1.05,1.05,1.05,1.05,1.05,1.05,1.05,1.05,1.05,1.05,1.05,1.05,1.05,1.05,1.05
CL-PFU,v3.0b1,current,World,BKB,Total energy supply; Energy industry own use; Non-specified (energy),1.05,1.05,1.05,1.05,1.05,1.05,1.05,1.05,1.05,1.05,1.05,1.05,1.05,1.05,1.05,1.05,1.05,1.05,1.05,1.05,1.05,1.05,1.05,1.05,1.05,1.05
CL-PFU,v3.0b1,current,World,BKB,Total energy supply; Losses,1.05,1.05,1.05,1.05,1.05,1.05,1.05,1.05,1.05,1.05,1.05,1.05,1.05,1.05,1.05,1.05,1.05,1.05,1.05,1.05,1.05,1.05,1.05,1.05,1.05,1.05
CL-PFU,v3.0b1,current,World,BKB,Total energy supply; Total final consumption; Industry; Mining and quarrying,1.05,1.05,1.05,1.05,1.05,1.05,1.05,1.05,1.05,1.05,1.05,1.05,1.05,1.05,1.05,1.05,1.05,1.05,1.05,1.05,1.05,1.05,1.05,1.05,1.05,1.05
CL-PFU,v3.0b1,current,World,BKB,Total energy supply; Total final consumption; Industry; Construction,1.05,1.05,1.05,1.05,1.05,1.05,1.05,1.05,1.05,1.05,1.05,1.05,1.05,1.05,1.05,1.05,1.05,1.05,1.05,1.05,1.05,1.05,1.05,1.05,1.05,1.05
CL-PFU,v3.0b1,current,World,BKB,Total energy supply; Total final consumption; Industry; Manufacturing; Iron and steel,1.05,1.05,1.05,1.05,1.05,1.05,1.05,1.05,1.05,1.05,1.05,1.05,1.05,1.05,1.05,1.05,1.05,1.05,1.05,1.05,1.05,1.05,1.05,1.05,1.05,1.05
CL-PFU,v3.0b1,current,World,BKB,Total energy supply; Total final consumption; Industry; Manufacturing; Chemical and petrochemical,1.05,1.05,1.05,1.05,1.05,1.05,1.05,1.05,1.05,1.05,1.05,1.05,1.05,1.05,1.05,1.05,1.05,1.05,1.05,1.05,1.05,1.05,1.05,1.05,1.05,1.05
CL-PFU,v3.0b1,current,World,BKB,Total energy supply; Total final consumption; Industry; Manufacturing; Non-ferrous metals,1.05,1.05,1.05,1.05,1.05,1.05,1.05,1.05,1.05,1.05,1.05,1.05,1.05,1.05,1.05,1.05,1.05,1.05,1.05,1.05,1.05,1.05,1.05,1.05,1.05,1.05
CL-PFU,v3.0b1,current,World,BKB,Total energy supply; Total final consumption; Industry; Manufacturing; Non-metallic minerals,1.05,1.05,1.05,1.05,1.05,1.05,1.05,1.05,1.05,1.05,1.05,1.05,1.05,1.05,1.05,1.05,1.05,1.05,1.05,1.05,1.05,1.05,1.05,1.05,1.05,1.05
CL-PFU,v3.0b1,current,World,BKB,Total energy supply; Total final consumption; Industry; Manufacturing; Transport equipment,1.05,1.05,1.05,1.05,1.05,1.05,1.05,1.05,1.05,1.05,1.05,1.05,1.05,1.05,1.05,1.05,1.05,1.05,1.05,1.05,1.05,1.05,1.05,1.05,1.05,1.05
CL-PFU,v3.0b1,current,World,BKB,Total energy supply; Total final consumption; Industry; Manufacturing; Machinery,1.05,1.05,1.05,1.05,1.05,1.05,1.05,1.05,1.05,1.05,1.05,1.05,1.05,1.05,1.05,1.05,1.05,1.05,1.05,1.05,1.05,1.05,1.05,1.05,1.05,1.05
CL-PFU,v3.0b1,current,World,BKB,Total energy supply; Total final consumption; Industry; Manufacturing; Food and tobacco,1.05,1.05,1.05,1.05,1.05,1.05,1.05,1.05,1.05,1.05,1.05,1.05,1.05,1.05,1.05,1.05,1.05,1.05,1.05,1.05,1.05,1.05,1.05,1.05,1.05,1.05
CL-PFU,v3.0b1,current,World,BKB,"Total energy supply; Total final consumption; Industry; Manufacturing; Paper, pulp and printing",1.05,1.05,1.05,1.05,1.05,1.05,1.05,1.05,1.05,1.05,1.05,1.05,1.05,1.05,1.05,1.05,1.05,1.05,1.05,1.05,1.05,1.05,1.05,1.05,1.05,1.05
CL-PFU,v3.0b1,current,World,BKB,Total energy supply; Total final consumption; Industry; Manufacturing; Wood and wood products,1.05,1.05,1.05,1.05,1.05,1.05,1.05,1.05,1.05,1.05,1.05,1.05,1.05,1.05,1.05,1.05,1.05,1.05,1.05,1.05,1.05,1.05,1.05,1.05,1.05,1.05
CL-PFU,v3.0b1,current,World,BKB,Total energy supply; Total final consumption; Industry; Manufacturing; Textile and leather,1.05,1.05,1.05,1.05,1.05,1.05,1.05,1.05,1.05,1.05,1.05,1.05,1.05,1.05,1.05,1.05,1.05,1.05,1.05,1.05,1.05,1.05,1.05,1.05,1.05,1.05
CL-PFU,v3.0b1,current,World,BKB,Total energy supply; Total final consumption; Industry; Industry not elsewhere specified,1.05,1.05,1.05,1.05,1.05,1.05,1.05,1.05,1.05,1.05,1.05,1.05,1.05,1.05,1.05,1.05,1.05,1.05,1.05,1.05,1.05,1.05,1.05,1.05,1.05,1.05
CL-PFU,v3.0b1,current,World,BKB,Total energy supply; Total final consumption; Transport; World aviation bunkers,1.05,1.05,1.05,1.05,1.05,1.05,1.05,1.05,1.05,1.05,1.05,1.05,1.05,1.05,1.05,1.05,1.05,1.05,1.05,1.05,1.05,1.05,1.05,1.05,1.05,1.05
CL-PFU,v3.0b1,current,World,BKB,Total energy supply; Total final consumption; Transport; Domestic aviation,1.05,1.05,1.05,1.05,1.05,1.05,1.05,1.05,1.05,1.05,1.05,1.05,1.05,1.05,1.05,1.05,1.05,1.05,1.05,1.05,1.05,1.05,1.05,1.05,1.05,1.05
CL-PFU,v3.0b1,current,World,BKB,Total energy supply; Total final consumption; Transport; Road,1.05,1.05,1.05,1.05,1.05,1.05,1.05,1.05,1.05,1.05,1.05,1.05,1.05,1.05,1.05,1.05,1.05,1.05,1.05,1.05,1.05,1.05,1.05,1.05,1.05,1.05
CL-PFU,v3.0b1,current,World,BKB,Total energy supply; Total final consumption; Transport; Rail,1.05,1.05,1.05,1.05,1.05,1.05,1.05,1.05,1.05,1.05,1.05,1.05,1.05,1.05,1.05,1.05,1.05,1.05,1.05,1.05,1.05,1.05,1.05,1.05,1.05,1.05
CL-PFU,v3.0b1,current,World,BKB,Total energy supply; Total final consumption; Transport; Pipeline transport,1.05,1.05,1.05,1.05,1.05,1.05,1.05,1.05,1.05,1.05,1.05,1.05,1.05,1.05,1.05,1.05,1.05,1.05,1.05,1.05,1.05,1.05,1.05,1.05,1.05,1.05
CL-PFU,v3.0b1,current,World,BKB,Total energy supply; Total final consumption; Transport; World marine bunkers,1.05,1.05,1.05,1.05,1.05,1.05,1.05,1.05,1.05,1.05,1.05,1.05,1.05,1.05,1.05,1.05,1.05,1.05,1.05,1.05,1.05,1.05,1.05,1.05,1.05,1.05
CL-PFU,v3.0b1,current,World,BKB,Total energy supply; Total final consumption; Transport; Domestic navigation,1.05,1.05,1.05,1.05,1.05,1.05,1.05,1.05,1.05,1.05,1.05,1.05,1.05,1.05,1.05,1.05,1.05,1.05,1.05,1.05,1.05,1.05,1.05,1.05,1.05,1.05
CL-PFU,v3.0b1,current,World,BKB,Total energy supply; Total final consumption; Transport; Transport not elsewhere specified,1.05,1.05,1.05,1.05,1.05,1.05,1.05,1.05,1.05,1.05,1.05,1.05,1.05,1.05,1.05,1.05,1.05,1.05,1.05,1.05,1.05,1.05,1.05,1.05,1.05,1.05
CL-PFU,v3.0b1,current,World,BKB,Total energy supply; Total final consumption; Residential,1.05,1.05,1.05,1.05,1.05,1.05,1.05,1.05,1.05,1.05,1.05,1.05,1.05,1.05,1.05,1.05,1.05,1.05,1.05,1.05,1.05,1.05,1.05,1.05,1.05,1.05
CL-PFU,v3.0b1,current,World,BKB,Total energy supply; Total final consumption; Commercial and public services,1.05,1.05,1.05,1.05,1.05,1.05,1.05,1.05,1.05,1.05,1.05,1.05,1.05,1.05,1.05,1.05,1.05,1.05,1.05,1.05,1.05,1.05,1.05,1.05,1.05,1.05
CL-PFU,v3.0b1,current,World,BKB,Total energy supply; Total final consumption; Agriculture/forestry,1.05,1.05,1.05,1.05,1.05,1.05,1.05,1.05,1.05,1.05,1.05,1.05,1.05,1.05,1.05,1.05,1.05,1.05,1.05,1.05,1.05,1.05,1.05,1.05,1.05,1.05
CL-PFU,v3.0b1,current,World,BKB,Total energy supply; Total final consumption; Fishing,1.05,1.05,1.05,1.05,1.05,1.05,1.05,1.05,1.05,1.05,1.05,1.05,1.05,1.05,1.05,1.05,1.05,1.05,1.05,1.05,1.05,1.05,1.05,1.05,1.05,1.05
CL-PFU,v3.0b1,current,World,BKB,Total energy supply; Total final consumption; Final consumption not elsewhere specified,1.05,1.05,1.05,1.05,1.05,1.05,1.05,1.05,1.05,1.05,1.05,1.05,1.05,1.05,1.05,1.05,1.05,1.05,1.05,1.05,1.05,1.05,1.05,1.05,1.05,1.05
CL-PFU,v3.0b1,current,World,BKB,Total energy supply; Total final consumption; Non-energy use; Non-energy use industry/transformation/energy,1.05,1.05,1.05,1.05,1.05,1.05,1.05,1.05,1.05,1.05,1.05,1.05,1.05,1.05,1.05,1.05,1.05,1.05,1.05,1.05,1.05,1.05,1.05,1.05,1.05,1.05
CL-PFU,v3.0b1,current,World,BKB,Total energy supply; Total final consumption; Non-energy use; Non-energy use in transport,1.05,1.05,1.05,1.05,1.05,1.05,1.05,1.05,1.05,1.05,1.05,1.05,1.05,1.05,1.05,1.05,1.05,1.05,1.05,1.05,1.05,1.05,1.05,1.05,1.05,1.05
CL-PFU,v3.0b1,current,World,BKB,Total energy supply; Total final consumption; Non-energy use; Non-energy use in other,1.05,1.05,1.05,1.05,1.05,1.05,1.05,1.05,1.05,1.05,1.05,1.05,1.05,1.05,1.05,1.05,1.05,1.05,1.05,1.05,1.05,1.05,1.05,1.05,1.05,1.05
CL-PFU,v3.0b1,current,World,Blast furnace gas,Total energy supply; Energy industry own use; Coal mines,1.04,1.04,1.04,1.04,1.04,1.04,1.04,1.04,1.04,1.04,1.04,1.04,1.04,1.04,1.04,1.04,1.04,1.04,1.04,1.04,1.04,1.04,1.04,1.04,1.04,1.04
CL-PFU,v3.0b1,current,World,Blast furnace gas,Total energy supply; Energy industry own use; Oil and gas extraction,1.04,1.04,1.04,1.04,1.04,1.04,1.04,1.04,1.04,1.04,1.04,1.04,1.04,1.04,1.04,1.04,1.04,1.04,1.04,1.04,1.04,1.04,1.04,1.04,1.04,1.04
CL-PFU,v3.0b1,current,World,Blast furnace gas,Total energy supply; Energy industry own use; Blast furnaces,1.04,1.04,1.04,1.04,1.04,1.04,1.04,1.04,1.04,1.04,1.04,1.04,1.04,1.04,1.04,1.04,1.04,1.04,1.04,1.04,1.04,1.04,1.04,1.04,1.04,1.04
CL-PFU,v3.0b1,current,World,Blast furnace gas,Total energy supply; Energy industry own use; Gas works,1.04,1.04,1.04,1.04,1.04,1.04,1.04,1.04,1.04,1.04,1.04,1.04,1.04,1.04,1.04,1.04,1.04,1.04,1.04,1.04,1.04,1.04,1.04,1.04,1.04,1.04
CL-PFU,v3.0b1,current,World,Blast furnace gas,Total energy supply; Energy industry own use; Gasification plants for biogases,1.04,1.04,1.04,1.04,1.04,1.04,1.04,1.04,1.04,1.04,1.04,1.04,1.04,1.04,1.04,1.04,1.04,1.04,1.04,1.04,1.04,1.04,1.04,1.04,1.04,1.04
CL-PFU,v3.0b1,current,World,Blast furnace gas,Total energy supply; Energy industry own use; Coke ovens,1.04,1.04,1.04,1.04,1.04,1.04,1.04,1.04,1.04,1.04,1.04,1.04,1.04,1.04,1.04,1.04,1.04,1.04,1.04,1.04,1.04,1.04,1.04,1.04,1.04,1.04
CL-PFU,v3.0b1,current,World,Blast furnace gas,Total energy supply; Energy industry own use; Patent fuel plants,1.04,1.04,1.04,1.04,1.04,1.04,1.04,1.04,1.04,1.04,1.04,1.04,1.04,1.04,1.04,1.04,1.04,1.04,1.04,1.04,1.04,1.04,1.04,1.04,1.04,1.04
CL-PFU,v3.0b1,current,World,Blast furnace gas,Total energy supply; Energy industry own use; BKB/peat briquette plants,1.04,1.04,1.04,1.04,1.04,1.04,1.04,1.04,1.04,1.04,1.04,1.04,1.04,1.04,1.04,1.04,1.04,1.04,1.04,1.04,1.04,1.04,1.04,1.04,1.04,1.04
CL-PFU,v3.0b1,current,World,Blast furnace gas,Total energy supply; Energy industry own use; Oil refineries,1.04,1.04,1.04,1.04,1.04,1.04,1.04,1.04,1.04,1.04,1.04,1.04,1.04,1.04,1.04,1.04,1.04,1.04,1.04,1.04,1.04,1.04,1.04,1.04,1.04,1.04
CL-PFU,v3.0b1,current,World,Blast furnace gas,Total energy supply; Energy industry own use; Coal liquefaction plants,1.04,1.04,1.04,1.04,1.04,1.04,1.04,1.04,1.04,1.04,1.04,1.04,1.04,1.04,1.04,1.04,1.04,1.04,1.04,1.04,1.04,1.04,1.04,1.04,1.04,1.04
CL-PFU,v3.0b1,current,World,Blast furnace gas,Total energy supply; Energy industry own use; Liquefaction (LNG) / regasification plants,1.04,1.04,1.04,1.04,1.04,1.04,1.04,1.04,1.04,1.04,1.04,1.04,1.04,1.04,1.04,1.04,1.04,1.04,1.04,1.04,1.04,1.04,1.04,1.04,1.04,1.04
CL-PFU,v3.0b1,current,World,Blast furnace gas,Total energy supply; Energy industry own use; Gas-to-liquids (GTL) plants,1.04,1.04,1.04,1.04,1.04,1.04,1.04,1.04,1.04,1.04,1.04,1.04,1.04,1.04,1.04,1.04,1.04,1.04,1.04,1.04,1.04,1.04,1.04,1.04,1.04,1.04
CL-PFU,v3.0b1,current,World,Blast furnace gas,"Total energy supply; Energy industry own use; Own use in electricity, CHP and heat plants",1.04,1.04,1.04,1.04,1.04,1.04,1.04,1.04,1.04,1.04,1.04,1.04,1.04,1.04,1.04,1.04,1.04,1.04,1.04,1.04,1.04,1.04,1.04,1.04,1.04,1.04
CL-PFU,v3.0b1,current,World,Blast furnace gas,Total energy supply; Energy industry own use; Pumped storage plants,1.04,1.04,1.04,1.04,1.04,1.04,1.04,1.04,1.04,1.04,1.04,1.04,1.04,1.04,1.04,1.04,1.04,1.04,1.04,1.04,1.04,1.04,1.04,1.04,1.04,1.04
CL-PFU,v3.0b1,current,World,Blast furnace gas,Total energy supply; Energy industry own use; Nuclear industry,1.04,1.04,1.04,1.04,1.04,1.04,1.04,1.04,1.04,1.04,1.04,1.04,1.04,1.04,1.04,1.04,1.04,1.04,1.04,1.04,1.04,1.04,1.04,1.04,1.04,1.04
CL-PFU,v3.0b1,current,World,Blast furnace gas,Total energy supply; Energy industry own use; Charcoal production plants,1.04,1.04,1.04,1.04,1.04,1.04,1.04,1.04,1.04,1.04,1.04,1.04,1.04,1.04,1.04,1.04,1.04,1.04,1.04,1.04,1.04,1.04,1.04,1.04,1.04,1.04
CL-PFU,v3.0b1,current,World,Blast furnace gas,Total energy supply; Energy industry own use; Non-specified (energy),1.04,1.04,1.04,1.04,1.04,1.04,1.04,1.04,1.04,1.04,1.04,1.04,1.04,1.04,1.04,1.04,1.04,1.04,1.04,1.04,1.04,1.04,1.04,1.04,1.04,1.04
CL-PFU,v3.0b1,current,World,Blast furnace gas,Total energy supply; Losses,1.04,1.04,1.04,1.04,1.04,1.04,1.04,1.04,1.04,1.04,1.04,1.04,1.04,1.04,1.04,1.04,1.04,1.04,1.04,1.04,1.04,1.04,1.04,1.04,1.04,1.04
CL-PFU,v3.0b1,current,World,Blast furnace gas,Total energy supply; Total final consumption; Industry; Mining and quarrying,1.04,1.04,1.04,1.04,1.04,1.04,1.04,1.04,1.04,1.04,1.04,1.04,1.04,1.04,1.04,1.04,1.04,1.04,1.04,1.04,1.04,1.04,1.04,1.04,1.04,1.04
CL-PFU,v3.0b1,current,World,Blast furnace gas,Total energy supply; Total final consumption; Industry; Construction,1.04,1.04,1.04,1.04,1.04,1.04,1.04,1.04,1.04,1.04,1.04,1.04,1.04,1.04,1.04,1.04,1.04,1.04,1.04,1.04,1.04,1.04,1.04,1.04,1.04,1.04
CL-PFU,v3.0b1,current,World,Blast furnace gas,Total energy supply; Total final consumption; Industry; Manufacturing; Iron and steel,1.04,1.04,1.04,1.04,1.04,1.04,1.04,1.04,1.04,1.04,1.04,1.04,1.04,1.04,1.04,1.04,1.04,1.04,1.04,1.04,1.04,1.04,1.04,1.04,1.04,1.04
CL-PFU,v3.0b1,current,World,Blast furnace gas,Total energy supply; Total final consumption; Industry; Manufacturing; Chemical and petrochemical,1.04,1.04,1.04,1.04,1.04,1.04,1.04,1.04,1.04,1.04,1.04,1.04,1.04,1.04,1.04,1.04,1.04,1.04,1.04,1.04,1.04,1.04,1.04,1.04,1.04,1.04
CL-PFU,v3.0b1,current,World,Blast furnace gas,Total energy supply; Total final consumption; Industry; Manufacturing; Non-ferrous metals,1.04,1.04,1.04,1.04,1.04,1.04,1.04,1.04,1.04,1.04,1.04,1.04,1.04,1.04,1.04,1.04,1.04,1.04,1.04,1.04,1.04,1.04,1.04,1.04,1.04,1.04
CL-PFU,v3.0b1,current,World,Blast furnace gas,Total energy supply; Total final consumption; Industry; Manufacturing; Non-metallic minerals,1.04,1.04,1.04,1.04,1.04,1.04,1.04,1.04,1.04,1.04,1.04,1.04,1.04,1.04,1.04,1.04,1.04,1.04,1.04,1.04,1.04,1.04,1.04,1.04,1.04,1.04
CL-PFU,v3.0b1,current,World,Blast furnace gas,Total energy supply; Total final consumption; Industry; Manufacturing; Transport equipment,1.04,1.04,1.04,1.04,1.04,1.04,1.04,1.04,1.04,1.04,1.04,1.04,1.04,1.04,1.04,1.04,1.04,1.04,1.04,1.04,1.04,1.04,1.04,1.04,1.04,1.04
CL-PFU,v3.0b1,current,World,Blast furnace gas,Total energy supply; Total final consumption; Industry; Manufacturing; Machinery,1.04,1.04,1.04,1.04,1.04,1.04,1.04,1.04,1.04,1.04,1.04,1.04,1.04,1.04,1.04,1.04,1.04,1.04,1.04,1.04,1.04,1.04,1.04,1.04,1.04,1.04
CL-PFU,v3.0b1,current,World,Blast furnace gas,Total energy supply; Total final consumption; Industry; Manufacturing; Food and tobacco,1.04,1.04,1.04,1.04,1.04,1.04,1.04,1.04,1.04,1.04,1.04,1.04,1.04,1.04,1.04,1.04,1.04,1.04,1.04,1.04,1.04,1.04,1.04,1.04,1.04,1.04
CL-PFU,v3.0b1,current,World,Blast furnace gas,"Total energy supply; Total final consumption; Industry; Manufacturing; Paper, pulp and printing",1.04,1.04,1.04,1.04,1.04,1.04,1.04,1.04,1.04,1.04,1.04,1.04,1.04,1.04,1.04,1.04,1.04,1.04,1.04,1.04,1.04,1.04,1.04,1.04,1.04,1.04
CL-PFU,v3.0b1,current,World,Blast furnace gas,Total energy supply; Total final consumption; Industry; Manufacturing; Wood and wood products,1.04,1.04,1.04,1.04,1.04,1.04,1.04,1.04,1.04,1.04,1.04,1.04,1.04,1.04,1.04,1.04,1.04,1.04,1.04,1.04,1.04,1.04,1.04,1.04,1.04,1.04
CL-PFU,v3.0b1,current,World,Blast furnace gas,Total energy supply; Total final consumption; Industry; Manufacturing; Textile and leather,1.04,1.04,1.04,1.04,1.04,1.04,1.04,1.04,1.04,1.04,1.04,1.04,1.04,1.04,1.04,1.04,1.04,1.04,1.04,1.04,1.04,1.04,1.04,1.04,1.04,1.04
CL-PFU,v3.0b1,current,World,Blast furnace gas,Total energy supply; Total final consumption; Industry; Industry not elsewhere specified,1.04,1.04,1.04,1.04,1.04,1.04,1.04,1.04,1.04,1.04,1.04,1.04,1.04,1.04,1.04,1.04,1.04,1.04,1.04,1.04,1.04,1.04,1.04,1.04,1.04,1.04
CL-PFU,v3.0b1,current,World,Blast furnace gas,Total energy supply; Total final consumption; Transport; World aviation bunkers,1.04,1.04,1.04,1.04,1.04,1.04,1.04,1.04,1.04,1.04,1.04,1.04,1.04,1.04,1.04,1.04,1.04,1.04,1.04,1.04,1.04,1.04,1.04,1.04,1.04,1.04
CL-PFU,v3.0b1,current,World,Blast furnace gas,Total energy supply; Total final consumption; Transport; Domestic aviation,1.04,1.04,1.04,1.04,1.04,1.04,1.04,1.04,1.04,1.04,1.04,1.04,1.04,1.04,1.04,1.04,1.04,1.04,1.04,1.04,1.04,1.04,1.04,1.04,1.04,1.04
CL-PFU,v3.0b1,current,World,Blast furnace gas,Total energy supply; Total final consumption; Transport; Road,1.04,1.04,1.04,1.04,1.04,1.04,1.04,1.04,1.04,1.04,1.04,1.04,1.04,1.04,1.04,1.04,1.04,1.04,1.04,1.04,1.04,1.04,1.04,1.04,1.04,1.04
CL-PFU,v3.0b1,current,World,Blast furnace gas,Total energy supply; Total final consumption; Transport; Rail,1.04,1.04,1.04,1.04,1.04,1.04,1.04,1.04,1.04,1.04,1.04,1.04,1.04,1.04,1.04,1.04,1.04,1.04,1.04,1.04,1.04,1.04,1.04,1.04,1.04,1.04
CL-PFU,v3.0b1,current,World,Blast furnace gas,Total energy supply; Total final consumption; Transport; Pipeline transport,1.04,1.04,1.04,1.04,1.04,1.04,1.04,1.04,1.04,1.04,1.04,1.04,1.04,1.04,1.04,1.04,1.04,1.04,1.04,1.04,1.04,1.04,1.04,1.04,1.04,1.04
CL-PFU,v3.0b1,current,World,Blast furnace gas,Total energy supply; Total final consumption; Transport; World marine bunkers,1.04,1.04,1.04,1.04,1.04,1.04,1.04,1.04,1.04,1.04,1.04,1.04,1.04,1.04,1.04,1.04,1.04,1.04,1.04,1.04,1.04,1.04,1.04,1.04,1.04,1.04
CL-PFU,v3.0b1,current,World,Blast furnace gas,Total energy supply; Total final consumption; Transport; Domestic navigation,1.04,1.04,1.04,1.04,1.04,1.04,1.04,1.04,1.04,1.04,1.04,1.04,1.04,1.04,1.04,1.04,1.04,1.04,1.04,1.04,1.04,1.04,1.04,1.04,1.04,1.04
CL-PFU,v3.0b1,current,World,Blast furnace gas,Total energy supply; Total final consumption; Transport; Transport not elsewhere specified,1.04,1.04,1.04,1.04,1.04,1.04,1.04,1.04,1.04,1.04,1.04,1.04,1.04,1.04,1.04,1.04,1.04,1.04,1.04,1.04,1.04,1.04,1.04,1.04,1.04,1.04
CL-PFU,v3.0b1,current,World,Blast furnace gas,Total energy supply; Total final consumption; Residential,1.04,1.04,1.04,1.04,1.04,1.04,1.04,1.04,1.04,1.04,1.04,1.04,1.04,1.04,1.04,1.04,1.04,1.04,1.04,1.04,1.04,1.04,1.04,1.04,1.04,1.04
CL-PFU,v3.0b1,current,World,Blast furnace gas,Total energy supply; Total final consumption; Commercial and public services,1.04,1.04,1.04,1.04,1.04,1.04,1.04,1.04,1.04,1.04,1.04,1.04,1.04,1.04,1.04,1.04,1.04,1.04,1.04,1.04,1.04,1.04,1.04,1.04,1.04,1.04
CL-PFU,v3.0b1,current,World,Blast furnace gas,Total energy supply; Total final consumption; Agriculture/forestry,1.04,1.04,1.04,1.04,1.04,1.04,1.04,1.04,1.04,1.04,1.04,1.04,1.04,1.04,1.04,1.04,1.04,1.04,1.04,1.04,1.04,1.04,1.04,1.04,1.04,1.04
CL-PFU,v3.0b1,current,World,Blast furnace gas,Total energy supply; Total final consumption; Fishing,1.04,1.04,1.04,1.04,1.04,1.04,1.04,1.04,1.04,1.04,1.04,1.04,1.04,1.04,1.04,1.04,1.04,1.04,1.04,1.04,1.04,1.04,1.04,1.04,1.04,1.04
CL-PFU,v3.0b1,current,World,Blast furnace gas,Total energy supply; Total final consumption; Final consumption not elsewhere specified,1.04,1.04,1.04,1.04,1.04,1.04,1.04,1.04,1.04,1.04,1.04,1.04,1.04,1.04,1.04,1.04,1.04,1.04,1.04,1.04,1.04,1.04,1.04,1.04,1.04,1.04
CL-PFU,v3.0b1,current,World,Blast furnace gas,Total energy supply; Total final consumption; Non-energy use; Non-energy use industry/transformation/energy,1.04,1.04,1.04,1.04,1.04,1.04,1.04,1.04,1.04,1.04,1.04,1.04,1.04,1.04,1.04,1.04,1.04,1.04,1.04,1.04,1.04,1.04,1.04,1.04,1.04,1.04
CL-PFU,v3.0b1,current,World,Blast furnace gas,Total energy supply; Total final consumption; Non-energy use; Non-energy use in transport,1.04,1.04,1.04,1.04,1.04,1.04,1.04,1.04,1.04,1.04,1.04,1.04,1.04,1.04,1.04,1.04,1.04,1.04,1.04,1.04,1.04,1.04,1.04,1.04,1.04,1.04
CL-PFU,v3.0b1,current,World,Blast furnace gas,Total energy supply; Total final consumption; Non-energy use; Non-energy use in other,1.04,1.04,1.04,1.04,1.04,1.04,1.04,1.04,1.04,1.04,1.04,1.04,1.04,1.04,1.04,1.04,1.04,1.04,1.04,1.04,1.04,1.04,1.04,1.04,1.04,1.04
CL-PFU,v3.0b1,current,World,Brown coal (if no detail),Total energy supply; Energy industry own use; Coal mines,1.06,1.06,1.06,1.06,1.06,1.06,1.06,1.06,1.06,1.06,1.06,1.06,1.06,1.06,1.06,1.06,1.06,1.06,1.06,1.06,1.06,1.06,1.06,1.06,1.06,1.06
CL-PFU,v3.0b1,current,World,Brown coal (if no detail),Total energy supply; Energy industry own use; Oil and gas extraction,1.06,1.06,1.06,1.06,1.06,1.06,1.06,1.06,1.06,1.06,1.06,1.06,1.06,1.06,1.06,1.06,1.06,1.06,1.06,1.06,1.06,1.06,1.06,1.06,1.06,1.06
CL-PFU,v3.0b1,current,World,Brown coal (if no detail),Total energy supply; Energy industry own use; Blast furnaces,1.06,1.06,1.06,1.06,1.06,1.06,1.06,1.06,1.06,1.06,1.06,1.06,1.06,1.06,1.06,1.06,1.06,1.06,1.06,1.06,1.06,1.06,1.06,1.06,1.06,1.06
CL-PFU,v3.0b1,current,World,Brown coal (if no detail),Total energy supply; Energy industry own use; Gas works,1.06,1.06,1.06,1.06,1.06,1.06,1.06,1.06,1.06,1.06,1.06,1.06,1.06,1.06,1.06,1.06,1.06,1.06,1.06,1.06,1.06,1.06,1.06,1.06,1.06,1.06
CL-PFU,v3.0b1,current,World,Brown coal (if no detail),Total energy supply; Energy industry own use; Gasification plants for biogases,1.06,1.06,1.06,1.06,1.06,1.06,1.06,1.06,1.06,1.06,1.06,1.06,1.06,1.06,1.06,1.06,1.06,1.06,1.06,1.06,1.06,1.06,1.06,1.06,1.06,1.06
CL-PFU,v3.0b1,current,World,Brown coal (if no detail),Total energy supply; Energy industry own use; Coke ovens,1.06,1.06,1.06,1.06,1.06,1.06,1.06,1.06,1.06,1.06,1.06,1.06,1.06,1.06,1.06,1.06,1.06,1.06,1.06,1.06,1.06,1.06,1.06,1.06,1.06,1.06
CL-PFU,v3.0b1,current,World,Brown coal (if no detail),Total energy supply; Energy industry own use; Patent fuel plants,1.06,1.06,1.06,1.06,1.06,1.06,1.06,1.06,1.06,1.06,1.06,1.06,1.06,1.06,1.06,1.06,1.06,1.06,1.06,1.06,1.06,1.06,1.06,1.06,1.06,1.06
CL-PFU,v3.0b1,current,World,Brown coal (if no detail),Total energy supply; Energy industry own use; BKB/peat briquette plants,1.06,1.06,1.06,1.06,1.06,1.06,1.06,1.06,1.06,1.06,1.06,1.06,1.06,1.06,1.06,1.06,1.06,1.06,1.06,1.06,1.06,1.06,1.06,1.06,1.06,1.06
CL-PFU,v3.0b1,current,World,Brown coal (if no detail),Total energy supply; Energy industry own use; Oil refineries,1.06,1.06,1.06,1.06,1.06,1.06,1.06,1.06,1.06,1.06,1.06,1.06,1.06,1.06,1.06,1.06,1.06,1.06,1.06,1.06,1.06,1.06,1.06,1.06,1.06,1.06
CL-PFU,v3.0b1,current,World,Brown coal (if no detail),Total energy supply; Energy industry own use; Coal liquefaction plants,1.06,1.06,1.06,1.06,1.06,1.06,1.06,1.06,1.06,1.06,1.06,1.06,1.06,1.06,1.06,1.06,1.06,1.06,1.06,1.06,1.06,1.06,1.06,1.06,1.06,1.06
CL-PFU,v3.0b1,current,World,Brown coal (if no detail),Total energy supply; Energy industry own use; Liquefaction (LNG) / regasification plants,1.06,1.06,1.06,1.06,1.06,1.06,1.06,1.06,1.06,1.06,1.06,1.06,1.06,1.06,1.06,1.06,1.06,1.06,1.06,1.06,1.06,1.06,1.06,1.06,1.06,1.06
CL-PFU,v3.0b1,current,World,Brown coal (if no detail),Total energy supply; Energy industry own use; Gas-to-liquids (GTL) plants,1.06,1.06,1.06,1.06,1.06,1.06,1.06,1.06,1.06,1.06,1.06,1.06,1.06,1.06,1.06,1.06,1.06,1.06,1.06,1.06,1.06,1.06,1.06,1.06,1.06,1.06
CL-PFU,v3.0b1,current,World,Brown coal (if no detail),"Total energy supply; Energy industry own use; Own use in electricity, CHP and heat plants",1.06,1.06,1.06,1.06,1.06,1.06,1.06,1.06,1.06,1.06,1.06,1.06,1.06,1.06,1.06,1.06,1.06,1.06,1.06,1.06,1.06,1.06,1.06,1.06,1.06,1.06
CL-PFU,v3.0b1,current,World,Brown coal (if no detail),Total energy supply; Energy industry own use; Pumped storage plants,1.06,1.06,1.06,1.06,1.06,1.06,1.06,1.06,1.06,1.06,1.06,1.06,1.06,1.06,1.06,1.06,1.06,1.06,1.06,1.06,1.06,1.06,1.06,1.06,1.06,1.06
CL-PFU,v3.0b1,current,World,Brown coal (if no detail),Total energy supply; Energy industry own use; Nuclear industry,1.06,1.06,1.06,1.06,1.06,1.06,1.06,1.06,1.06,1.06,1.06,1.06,1.06,1.06,1.06,1.06,1.06,1.06,1.06,1.06,1.06,1.06,1.06,1.06,1.06,1.06
CL-PFU,v3.0b1,current,World,Brown coal (if no detail),Total energy supply; Energy industry own use; Charcoal production plants,1.06,1.06,1.06,1.06,1.06,1.06,1.06,1.06,1.06,1.06,1.06,1.06,1.06,1.06,1.06,1.06,1.06,1.06,1.06,1.06,1.06,1.06,1.06,1.06,1.06,1.06
CL-PFU,v3.0b1,current,World,Brown coal (if no detail),Total energy supply; Energy industry own use; Non-specified (energy),1.06,1.06,1.06,1.06,1.06,1.06,1.06,1.06,1.06,1.06,1.06,1.06,1.06,1.06,1.06,1.06,1.06,1.06,1.06,1.06,1.06,1.06,1.06,1.06,1.06,1.06
CL-PFU,v3.0b1,current,World,Brown coal (if no detail),Total energy supply; Losses,1.06,1.06,1.06,1.06,1.06,1.06,1.06,1.06,1.06,1.06,1.06,1.06,1.06,1.06,1.06,1.06,1.06,1.06,1.06,1.06,1.06,1.06,1.06,1.06,1.06,1.06
CL-PFU,v3.0b1,current,World,Brown coal (if no detail),Total energy supply; Total final consumption; Industry; Mining and quarrying,1.06,1.06,1.06,1.06,1.06,1.06,1.06,1.06,1.06,1.06,1.06,1.06,1.06,1.06,1.06,1.06,1.06,1.06,1.06,1.06,1.06,1.06,1.06,1.06,1.06,1.06
CL-PFU,v3.0b1,current,World,Brown coal (if no detail),Total energy supply; Total final consumption; Industry; Construction,1.06,1.06,1.06,1.06,1.06,1.06,1.06,1.06,1.06,1.06,1.06,1.06,1.06,1.06,1.06,1.06,1.06,1.06,1.06,1.06,1.06,1.06,1.06,1.06,1.06,1.06
CL-PFU,v3.0b1,current,World,Brown coal (if no detail),Total energy supply; Total final consumption; Industry; Manufacturing; Iron and steel,1.06,1.06,1.06,1.06,1.06,1.06,1.06,1.06,1.06,1.06,1.06,1.06,1.06,1.06,1.06,1.06,1.06,1.06,1.06,1.06,1.06,1.06,1.06,1.06,1.06,1.06
CL-PFU,v3.0b1,current,World,Brown coal (if no detail),Total energy supply; Total final consumption; Industry; Manufacturing; Chemical and petrochemical,1.06,1.06,1.06,1.06,1.06,1.06,1.06,1.06,1.06,1.06,1.06,1.06,1.06,1.06,1.06,1.06,1.06,1.06,1.06,1.06,1.06,1.06,1.06,1.06,1.06,1.06
CL-PFU,v3.0b1,current,World,Brown coal (if no detail),Total energy supply; Total final consumption; Industry; Manufacturing; Non-ferrous metals,1.06,1.06,1.06,1.06,1.06,1.06,1.06,1.06,1.06,1.06,1.06,1.06,1.06,1.06,1.06,1.06,1.06,1.06,1.06,1.06,1.06,1.06,1.06,1.06,1.06,1.06
CL-PFU,v3.0b1,current,World,Brown coal (if no detail),Total energy supply; Total final consumption; Industry; Manufacturing; Non-metallic minerals,1.06,1.06,1.06,1.06,1.06,1.06,1.06,1.06,1.06,1.06,1.06,1.06,1.06,1.06,1.06,1.06,1.06,1.06,1.06,1.06,1.06,1.06,1.06,1.06,1.06,1.06
CL-PFU,v3.0b1,current,World,Brown coal (if no detail),Total energy supply; Total final consumption; Industry; Manufacturing; Transport equipment,1.06,1.06,1.06,1.06,1.06,1.06,1.06,1.06,1.06,1.06,1.06,1.06,1.06,1.06,1.06,1.06,1.06,1.06,1.06,1.06,1.06,1.06,1.06,1.06,1.06,1.06
CL-PFU,v3.0b1,current,World,Brown coal (if no detail),Total energy supply; Total final consumption; Industry; Manufacturing; Machinery,1.06,1.06,1.06,1.06,1.06,1.06,1.06,1.06,1.06,1.06,1.06,1.06,1.06,1.06,1.06,1.06,1.06,1.06,1.06,1.06,1.06,1.06,1.06,1.06,1.06,1.06
CL-PFU,v3.0b1,current,World,Brown coal (if no detail),Total energy supply; Total final consumption; Industry; Manufacturing; Food and tobacco,1.06,1.06,1.06,1.06,1.06,1.06,1.06,1.06,1.06,1.06,1.06,1.06,1.06,1.06,1.06,1.06,1.06,1.06,1.06,1.06,1.06,1.06,1.06,1.06,1.06,1.06
CL-PFU,v3.0b1,current,World,Brown coal (if no detail),"Total energy supply; Total final consumption; Industry; Manufacturing; Paper, pulp and printing",1.06,1.06,1.06,1.06,1.06,1.06,1.06,1.06,1.06,1.06,1.06,1.06,1.06,1.06,1.06,1.06,1.06,1.06,1.06,1.06,1.06,1.06,1.06,1.06,1.06,1.06
CL-PFU,v3.0b1,current,World,Brown coal (if no detail),Total energy supply; Total final consumption; Industry; Manufacturing; Wood and wood products,1.06,1.06,1.06,1.06,1.06,1.06,1.06,1.06,1.06,1.06,1.06,1.06,1.06,1.06,1.06,1.06,1.06,1.06,1.06,1.06,1.06,1.06,1.06,1.06,1.06,1.06
CL-PFU,v3.0b1,current,World,Brown coal (if no detail),Total energy supply; Total final consumption; Industry; Manufacturing; Textile and leather,1.06,1.06,1.06,1.06,1.06,1.06,1.06,1.06,1.06,1.06,1.06,1.06,1.06,1.06,1.06,1.06,1.06,1.06,1.06,1.06,1.06,1.06,1.06,1.06,1.06,1.06
CL-PFU,v3.0b1,current,World,Brown coal (if no detail),Total energy supply; Total final consumption; Industry; Industry not elsewhere specified,1.06,1.06,1.06,1.06,1.06,1.06,1.06,1.06,1.06,1.06,1.06,1.06,1.06,1.06,1.06,1.06,1.06,1.06,1.06,1.06,1.06,1.06,1.06,1.06,1.06,1.06
CL-PFU,v3.0b1,current,World,Brown coal (if no detail),Total energy supply; Total final consumption; Transport; World aviation bunkers,1.06,1.06,1.06,1.06,1.06,1.06,1.06,1.06,1.06,1.06,1.06,1.06,1.06,1.06,1.06,1.06,1.06,1.06,1.06,1.06,1.06,1.06,1.06,1.06,1.06,1.06
CL-PFU,v3.0b1,current,World,Brown coal (if no detail),Total energy supply; Total final consumption; Transport; Domestic aviation,1.06,1.06,1.06,1.06,1.06,1.06,1.06,1.06,1.06,1.06,1.06,1.06,1.06,1.06,1.06,1.06,1.06,1.06,1.06,1.06,1.06,1.06,1.06,1.06,1.06,1.06
CL-PFU,v3.0b1,current,World,Brown coal (if no detail),Total energy supply; Total final consumption; Transport; Road,1.06,1.06,1.06,1.06,1.06,1.06,1.06,1.06,1.06,1.06,1.06,1.06,1.06,1.06,1.06,1.06,1.06,1.06,1.06,1.06,1.06,1.06,1.06,1.06,1.06,1.06
CL-PFU,v3.0b1,current,World,Brown coal (if no detail),Total energy supply; Total final consumption; Transport; Rail,1.06,1.06,1.06,1.06,1.06,1.06,1.06,1.06,1.06,1.06,1.06,1.06,1.06,1.06,1.06,1.06,1.06,1.06,1.06,1.06,1.06,1.06,1.06,1.06,1.06,1.06
CL-PFU,v3.0b1,current,World,Brown coal (if no detail),Total energy supply; Total final consumption; Transport; Pipeline transport,1.06,1.06,1.06,1.06,1.06,1.06,1.06,1.06,1.06,1.06,1.06,1.06,1.06,1.06,1.06,1.06,1.06,1.06,1.06,1.06,1.06,1.06,1.06,1.06,1.06,1.06
CL-PFU,v3.0b1,current,World,Brown coal (if no detail),Total energy supply; Total final consumption; Transport; World marine bunkers,1.06,1.06,1.06,1.06,1.06,1.06,1.06,1.06,1.06,1.06,1.06,1.06,1.06,1.06,1.06,1.06,1.06,1.06,1.06,1.06,1.06,1.06,1.06,1.06,1.06,1.06
CL-PFU,v3.0b1,current,World,Brown coal (if no detail),Total energy supply; Total final consumption; Transport; Domestic navigation,1.06,1.06,1.06,1.06,1.06,1.06,1.06,1.06,1.06,1.06,1.06,1.06,1.06,1.06,1.06,1.06,1.06,1.06,1.06,1.06,1.06,1.06,1.06,1.06,1.06,1.06
CL-PFU,v3.0b1,current,World,Brown coal (if no detail),Total energy supply; Total final consumption; Transport; Transport not elsewhere specified,1.06,1.06,1.06,1.06,1.06,1.06,1.06,1.06,1.06,1.06,1.06,1.06,1.06,1.06,1.06,1.06,1.06,1.06,1.06,1.06,1.06,1.06,1.06,1.06,1.06,1.06
CL-PFU,v3.0b1,current,World,Brown coal (if no detail),Total energy supply; Total final consumption; Residential,1.06,1.06,1.06,1.06,1.06,1.06,1.06,1.06,1.06,1.06,1.06,1.06,1.06,1.06,1.06,1.06,1.06,1.06,1.06,1.06,1.06,1.06,1.06,1.06,1.06,1.06
CL-PFU,v3.0b1,current,World,Brown coal (if no detail),Total energy supply; Total final consumption; Commercial and public services,1.06,1.06,1.06,1.06,1.06,1.06,1.06,1.06,1.06,1.06,1.06,1.06,1.06,1.06,1.06,1.06,1.06,1.06,1.06,1.06,1.06,1.06,1.06,1.06,1.06,1.06
CL-PFU,v3.0b1,current,World,Brown coal (if no detail),Total energy supply; Total final consumption; Agriculture/forestry,1.06,1.06,1.06,1.06,1.06,1.06,1.06,1.06,1.06,1.06,1.06,1.06,1.06,1.06,1.06,1.06,1.06,1.06,1.06,1.06,1.06,1.06,1.06,1.06,1.06,1.06
CL-PFU,v3.0b1,current,World,Brown coal (if no detail),Total energy supply; Total final consumption; Fishing,1.06,1.06,1.06,1.06,1.06,1.06,1.06,1.06,1.06,1.06,1.06,1.06,1.06,1.06,1.06,1.06,1.06,1.06,1.06,1.06,1.06,1.06,1.06,1.06,1.06,1.06
CL-PFU,v3.0b1,current,World,Brown coal (if no detail),Total energy supply; Total final consumption; Final consumption not elsewhere specified,1.06,1.06,1.06,1.06,1.06,1.06,1.06,1.06,1.06,1.06,1.06,1.06,1.06,1.06,1.06,1.06,1.06,1.06,1.06,1.06,1.06,1.06,1.06,1.06,1.06,1.06
CL-PFU,v3.0b1,current,World,Brown coal (if no detail),Total energy supply; Total final consumption; Non-energy use; Non-energy use industry/transformation/energy,1.06,1.06,1.06,1.06,1.06,1.06,1.06,1.06,1.06,1.06,1.06,1.06,1.06,1.06,1.06,1.06,1.06,1.06,1.06,1.06,1.06,1.06,1.06,1.06,1.06,1.06
CL-PFU,v3.0b1,current,World,Brown coal (if no detail),Total energy supply; Total final consumption; Non-energy use; Non-energy use in transport,1.06,1.06,1.06,1.06,1.06,1.06,1.06,1.06,1.06,1.06,1.06,1.06,1.06,1.06,1.06,1.06,1.06,1.06,1.06,1.06,1.06,1.06,1.06,1.06,1.06,1.06
CL-PFU,v3.0b1,current,World,Brown coal (if no detail),Total energy supply; Total final consumption; Non-energy use; Non-energy use in other,1.06,1.06,1.06,1.06,1.06,1.06,1.06,1.06,1.06,1.06,1.06,1.06,1.06,1.06,1.06,1.06,1.06,1.06,1.06,1.06,1.06,1.06,1.06,1.06,1.06,1.06
CL-PFU,v3.0b1,current,World,Charcoal,Total energy supply; Energy industry own use; Coal mines,1.11,1.11,1.11,1.11,1.11,1.11,1.11,1.11,1.11,1.11,1.11,1.11,1.11,1.11,1.11,1.11,1.11,1.11,1.11,1.11,1.11,1.11,1.11,1.11,1.11,1.11
CL-PFU,v3.0b1,current,World,Charcoal,Total energy supply; Energy industry own use; Oil and gas extraction,1.11,1.11,1.11,1.11,1.11,1.11,1.11,1.11,1.11,1.11,1.11,1.11,1.11,1.11,1.11,1.11,1.11,1.11,1.11,1.11,1.11,1.11,1.11,1.11,1.11,1.11
CL-PFU,v3.0b1,current,World,Charcoal,Total energy supply; Energy industry own use; Blast furnaces,1.11,1.11,1.11,1.11,1.11,1.11,1.11,1.11,1.11,1.11,1.11,1.11,1.11,1.11,1.11,1.11,1.11,1.11,1.11,1.11,1.11,1.11,1.11,1.11,1.11,1.11
CL-PFU,v3.0b1,current,World,Charcoal,Total energy supply; Energy industry own use; Gas works,1.11,1.11,1.11,1.11,1.11,1.11,1.11,1.11,1.11,1.11,1.11,1.11,1.11,1.11,1.11,1.11,1.11,1.11,1.11,1.11,1.11,1.11,1.11,1.11,1.11,1.11
CL-PFU,v3.0b1,current,World,Charcoal,Total energy supply; Energy industry own use; Gasification plants for biogases,1.11,1.11,1.11,1.11,1.11,1.11,1.11,1.11,1.11,1.11,1.11,1.11,1.11,1.11,1.11,1.11,1.11,1.11,1.11,1.11,1.11,1.11,1.11,1.11,1.11,1.11
CL-PFU,v3.0b1,current,World,Charcoal,Total energy supply; Energy industry own use; Coke ovens,1.11,1.11,1.11,1.11,1.11,1.11,1.11,1.11,1.11,1.11,1.11,1.11,1.11,1.11,1.11,1.11,1.11,1.11,1.11,1.11,1.11,1.11,1.11,1.11,1.11,1.11
CL-PFU,v3.0b1,current,World,Charcoal,Total energy supply; Energy industry own use; Patent fuel plants,1.11,1.11,1.11,1.11,1.11,1.11,1.11,1.11,1.11,1.11,1.11,1.11,1.11,1.11,1.11,1.11,1.11,1.11,1.11,1.11,1.11,1.11,1.11,1.11,1.11,1.11
CL-PFU,v3.0b1,current,World,Charcoal,Total energy supply; Energy industry own use; BKB/peat briquette plants,1.11,1.11,1.11,1.11,1.11,1.11,1.11,1.11,1.11,1.11,1.11,1.11,1.11,1.11,1.11,1.11,1.11,1.11,1.11,1.11,1.11,1.11,1.11,1.11,1.11,1.11
CL-PFU,v3.0b1,current,World,Charcoal,Total energy supply; Energy industry own use; Oil refineries,1.11,1.11,1.11,1.11,1.11,1.11,1.11,1.11,1.11,1.11,1.11,1.11,1.11,1.11,1.11,1.11,1.11,1.11,1.11,1.11,1.11,1.11,1.11,1.11,1.11,1.11
CL-PFU,v3.0b1,current,World,Charcoal,Total energy supply; Energy industry own use; Coal liquefaction plants,1.11,1.11,1.11,1.11,1.11,1.11,1.11,1.11,1.11,1.11,1.11,1.11,1.11,1.11,1.11,1.11,1.11,1.11,1.11,1.11,1.11,1.11,1.11,1.11,1.11,1.11
CL-PFU,v3.0b1,current,World,Charcoal,Total energy supply; Energy industry own use; Liquefaction (LNG) / regasification plants,1.11,1.11,1.11,1.11,1.11,1.11,1.11,1.11,1.11,1.11,1.11,1.11,1.11,1.11,1.11,1.11,1.11,1.11,1.11,1.11,1.11,1.11,1.11,1.11,1.11,1.11
CL-PFU,v3.0b1,current,World,Charcoal,Total energy supply; Energy industry own use; Gas-to-liquids (GTL) plants,1.11,1.11,1.11,1.11,1.11,1.11,1.11,1.11,1.11,1.11,1.11,1.11,1.11,1.11,1.11,1.11,1.11,1.11,1.11,1.11,1.11,1.11,1.11,1.11,1.11,1.11
CL-PFU,v3.0b1,current,World,Charcoal,"Total energy supply; Energy industry own use; Own use in electricity, CHP and heat plants",1.11,1.11,1.11,1.11,1.11,1.11,1.11,1.11,1.11,1.11,1.11,1.11,1.11,1.11,1.11,1.11,1.11,1.11,1.11,1.11,1.11,1.11,1.11,1.11,1.11,1.11
CL-PFU,v3.0b1,current,World,Charcoal,Total energy supply; Energy industry own use; Pumped storage plants,1.11,1.11,1.11,1.11,1.11,1.11,1.11,1.11,1.11,1.11,1.11,1.11,1.11,1.11,1.11,1.11,1.11,1.11,1.11,1.11,1.11,1.11,1.11,1.11,1.11,1.11
CL-PFU,v3.0b1,current,World,Charcoal,Total energy supply; Energy industry own use; Nuclear industry,1.11,1.11,1.11,1.11,1.11,1.11,1.11,1.11,1.11,1.11,1.11,1.11,1.11,1.11,1.11,1.11,1.11,1.11,1.11,1.11,1.11,1.11,1.11,1.11,1.11,1.11
CL-PFU,v3.0b1,current,World,Charcoal,Total energy supply; Energy industry own use; Charcoal production plants,1.11,1.11,1.11,1.11,1.11,1.11,1.11,1.11,1.11,1.11,1.11,1.11,1.11,1.11,1.11,1.11,1.11,1.11,1.11,1.11,1.11,1.11,1.11,1.11,1.11,1.11
CL-PFU,v3.0b1,current,World,Charcoal,Total energy supply; Energy industry own use; Non-specified (energy),1.11,1.11,1.11,1.11,1.11,1.11,1.11,1.11,1.11,1.11,1.11,1.11,1.11,1.11,1.11,1.11,1.11,1.11,1.11,1.11,1.11,1.11,1.11,1.11,1.11,1.11
CL-PFU,v3.0b1,current,World,Charcoal,Total energy supply; Losses,1.11,1.11,1.11,1.11,1.11,1.11,1.11,1.11,1.11,1.11,1.11,1.11,1.11,1.11,1.11,1.11,1.11,1.11,1.11,1.11,1.11,1.11,1.11,1.11,1.11,1.11
CL-PFU,v3.0b1,current,World,Charcoal,Total energy supply; Total final consumption; Industry; Mining and quarrying,1.11,1.11,1.11,1.11,1.11,1.11,1.11,1.11,1.11,1.11,1.11,1.11,1.11,1.11,1.11,1.11,1.11,1.11,1.11,1.11,1.11,1.11,1.11,1.11,1.11,1.11
CL-PFU,v3.0b1,current,World,Charcoal,Total energy supply; Total final consumption; Industry; Construction,1.11,1.11,1.11,1.11,1.11,1.11,1.11,1.11,1.11,1.11,1.11,1.11,1.11,1.11,1.11,1.11,1.11,1.11,1.11,1.11,1.11,1.11,1.11,1.11,1.11,1.11
CL-PFU,v3.0b1,current,World,Charcoal,Total energy supply; Total final consumption; Industry; Manufacturing; Iron and steel,1.11,1.11,1.11,1.11,1.11,1.11,1.11,1.11,1.11,1.11,1.11,1.11,1.11,1.11,1.11,1.11,1.11,1.11,1.11,1.11,1.11,1.11,1.11,1.11,1.11,1.11
CL-PFU,v3.0b1,current,World,Charcoal,Total energy supply; Total final consumption; Industry; Manufacturing; Chemical and petrochemical,1.11,1.11,1.11,1.11,1.11,1.11,1.11,1.11,1.11,1.11,1.11,1.11,1.11,1.11,1.11,1.11,1.11,1.11,1.11,1.11,1.11,1.11,1.11,1.11,1.11,1.11
CL-PFU,v3.0b1,current,World,Charcoal,Total energy supply; Total final consumption; Industry; Manufacturing; Non-ferrous metals,1.11,1.11,1.11,1.11,1.11,1.11,1.11,1.11,1.11,1.11,1.11,1.11,1.11,1.11,1.11,1.11,1.11,1.11,1.11,1.11,1.11,1.11,1.11,1.11,1.11,1.11
CL-PFU,v3.0b1,current,World,Charcoal,Total energy supply; Total final consumption; Industry; Manufacturing; Non-metallic minerals,1.11,1.11,1.11,1.11,1.11,1.11,1.11,1.11,1.11,1.11,1.11,1.11,1.11,1.11,1.11,1.11,1.11,1.11,1.11,1.11,1.11,1.11,1.11,1.11,1.11,1.11
CL-PFU,v3.0b1,current,World,Charcoal,Total energy supply; Total final consumption; Industry; Manufacturing; Transport equipment,1.11,1.11,1.11,1.11,1.11,1.11,1.11,1.11,1.11,1.11,1.11,1.11,1.11,1.11,1.11,1.11,1.11,1.11,1.11,1.11,1.11,1.11,1.11,1.11,1.11,1.11
CL-PFU,v3.0b1,current,World,Charcoal,Total energy supply; Total final consumption; Industry; Manufacturing; Machinery,1.11,1.11,1.11,1.11,1.11,1.11,1.11,1.11,1.11,1.11,1.11,1.11,1.11,1.11,1.11,1.11,1.11,1.11,1.11,1.11,1.11,1.11,1.11,1.11,1.11,1.11
CL-PFU,v3.0b1,current,World,Charcoal,Total energy supply; Total final consumption; Industry; Manufacturing; Food and tobacco,1.11,1.11,1.11,1.11,1.11,1.11,1.11,1.11,1.11,1.11,1.11,1.11,1.11,1.11,1.11,1.11,1.11,1.11,1.11,1.11,1.11,1.11,1.11,1.11,1.11,1.11
CL-PFU,v3.0b1,current,World,Charcoal,"Total energy supply; Total final consumption; Industry; Manufacturing; Paper, pulp and printing",1.11,1.11,1.11,1.11,1.11,1.11,1.11,1.11,1.11,1.11,1.11,1.11,1.11,1.11,1.11,1.11,1.11,1.11,1.11,1.11,1.11,1.11,1.11,1.11,1.11,1.11
CL-PFU,v3.0b1,current,World,Charcoal,Total energy supply; Total final consumption; Industry; Manufacturing; Wood and wood products,1.11,1.11,1.11,1.11,1.11,1.11,1.11,1.11,1.11,1.11,1.11,1.11,1.11,1.11,1.11,1.11,1.11,1.11,1.11,1.11,1.11,1.11,1.11,1.11,1.11,1.11
CL-PFU,v3.0b1,current,World,Charcoal,Total energy supply; Total final consumption; Industry; Manufacturing; Textile and leather,1.11,1.11,1.11,1.11,1.11,1.11,1.11,1.11,1.11,1.11,1.11,1.11,1.11,1.11,1.11,1.11,1.11,1.11,1.11,1.11,1.11,1.11,1.11,1.11,1.11,1.11
CL-PFU,v3.0b1,current,World,Charcoal,Total energy supply; Total final consumption; Industry; Industry not elsewhere specified,1.11,1.11,1.11,1.11,1.11,1.11,1.11,1.11,1.11,1.11,1.11,1.11,1.11,1.11,1.11,1.11,1.11,1.11,1.11,1.11,1.11,1.11,1.11,1.11,1.11,1.11
CL-PFU,v3.0b1,current,World,Charcoal,Total energy supply; Total final consumption; Transport; World aviation bunkers,1.11,1.11,1.11,1.11,1.11,1.11,1.11,1.11,1.11,1.11,1.11,1.11,1.11,1.11,1.11,1.11,1.11,1.11,1.11,1.11,1.11,1.11,1.11,1.11,1.11,1.11
CL-PFU,v3.0b1,current,World,Charcoal,Total energy supply; Total final consumption; Transport; Domestic aviation,1.11,1.11,1.11,1.11,1.11,1.11,1.11,1.11,1.11,1.11,1.11,1.11,1.11,1.11,1.11,1.11,1.11,1.11,1.11,1.11,1.11,1.11,1.11,1.11,1.11,1.11
CL-PFU,v3.0b1,current,World,Charcoal,Total energy supply; Total final consumption; Transport; Road,1.11,1.11,1.11,1.11,1.11,1.11,1.11,1.11,1.11,1.11,1.11,1.11,1.11,1.11,1.11,1.11,1.11,1.11,1.11,1.11,1.11,1.11,1.11,1.11,1.11,1.11
CL-PFU,v3.0b1,current,World,Charcoal,Total energy supply; Total final consumption; Transport; Rail,1.11,1.11,1.11,1.11,1.11,1.11,1.11,1.11,1.11,1.11,1.11,1.11,1.11,1.11,1.11,1.11,1.11,1.11,1.11,1.11,1.11,1.11,1.11,1.11,1.11,1.11
CL-PFU,v3.0b1,current,World,Charcoal,Total energy supply; Total final consumption; Transport; Pipeline transport,1.11,1.11,1.11,1.11,1.11,1.11,1.11,1.11,1.11,1.11,1.11,1.11,1.11,1.11,1.11,1.11,1.11,1.11,1.11,1.11,1.11,1.11,1.11,1.11,1.11,1.11
CL-PFU,v3.0b1,current,World,Charcoal,Total energy supply; Total final consumption; Transport; World marine bunkers,1.11,1.11,1.11,1.11,1.11,1.11,1.11,1.11,1.11,1.11,1.11,1.11,1.11,1.11,1.11,1.11,1.11,1.11,1.11,1.11,1.11,1.11,1.11,1.11,1.11,1.11
CL-PFU,v3.0b1,current,World,Charcoal,Total energy supply; Total final consumption; Transport; Domestic navigation,1.11,1.11,1.11,1.11,1.11,1.11,1.11,1.11,1.11,1.11,1.11,1.11,1.11,1.11,1.11,1.11,1.11,1.11,1.11,1.11,1.11,1.11,1.11,1.11,1.11,1.11
CL-PFU,v3.0b1,current,World,Charcoal,Total energy supply; Total final consumption; Transport; Transport not elsewhere specified,1.11,1.11,1.11,1.11,1.11,1.11,1.11,1.11,1.11,1.11,1.11,1.11,1.11,1.11,1.11,1.11,1.11,1.11,1.11,1.11,1.11,1.11,1.11,1.11,1.11,1.11
CL-PFU,v3.0b1,current,World,Charcoal,Total energy supply; Total final consumption; Residential,1.11,1.11,1.11,1.11,1.11,1.11,1.11,1.11,1.11,1.11,1.11,1.11,1.11,1.11,1.11,1.11,1.11,1.11,1.11,1.11,1.11,1.11,1.11,1.11,1.11,1.11
CL-PFU,v3.0b1,current,World,Charcoal,Total energy supply; Total final consumption; Commercial and public services,1.11,1.11,1.11,1.11,1.11,1.11,1.11,1.11,1.11,1.11,1.11,1.11,1.11,1.11,1.11,1.11,1.11,1.11,1.11,1.11,1.11,1.11,1.11,1.11,1.11,1.11
CL-PFU,v3.0b1,current,World,Charcoal,Total energy supply; Total final consumption; Agriculture/forestry,1.11,1.11,1.11,1.11,1.11,1.11,1.11,1.11,1.11,1.11,1.11,1.11,1.11,1.11,1.11,1.11,1.11,1.11,1.11,1.11,1.11,1.11,1.11,1.11,1.11,1.11
CL-PFU,v3.0b1,current,World,Charcoal,Total energy supply; Total final consumption; Fishing,1.11,1.11,1.11,1.11,1.11,1.11,1.11,1.11,1.11,1.11,1.11,1.11,1.11,1.11,1.11,1.11,1.11,1.11,1.11,1.11,1.11,1.11,1.11,1.11,1.11,1.11
CL-PFU,v3.0b1,current,World,Charcoal,Total energy supply; Total final consumption; Final consumption not elsewhere specified,1.11,1.11,1.11,1.11,1.11,1.11,1.11,1.11,1.11,1.11,1.11,1.11,1.11,1.11,1.11,1.11,1.11,1.11,1.11,1.11,1.11,1.11,1.11,1.11,1.11,1.11
CL-PFU,v3.0b1,current,World,Charcoal,Total energy supply; Total final consumption; Non-energy use; Non-energy use industry/transformation/energy,1.11,1.11,1.11,1.11,1.11,1.11,1.11,1.11,1.11,1.11,1.11,1.11,1.11,1.11,1.11,1.11,1.11,1.11,1.11,1.11,1.11,1.11,1.11,1.11,1.11,1.11
CL-PFU,v3.0b1,current,World,Charcoal,Total energy supply; Total final consumption; Non-energy use; Non-energy use in transport,1.11,1.11,1.11,1.11,1.11,1.11,1.11,1.11,1.11,1.11,1.11,1.11,1.11,1.11,1.11,1.11,1.11,1.11,1.11,1.11,1.11,1.11,1.11,1.11,1.11,1.11
CL-PFU,v3.0b1,current,World,Charcoal,Total energy supply; Total final consumption; Non-energy use; Non-energy use in other,1.11,1.11,1.11,1.11,1.11,1.11,1.11,1.11,1.11,1.11,1.11,1.11,1.11,1.11,1.11,1.11,1.11,1.11,1.11,1.11,1.11,1.11,1.11,1.11,1.11,1.11
CL-PFU,v3.0b1,current,World,Coal tar,Total energy supply; Energy industry own use; Coal mines,1.06,1.06,1.06,1.06,1.06,1.06,1.06,1.06,1.06,1.06,1.06,1.06,1.06,1.06,1.06,1.06,1.06,1.06,1.06,1.06,1.06,1.06,1.06,1.06,1.06,1.06
CL-PFU,v3.0b1,current,World,Coal tar,Total energy supply; Energy industry own use; Oil and gas extraction,1.06,1.06,1.06,1.06,1.06,1.06,1.06,1.06,1.06,1.06,1.06,1.06,1.06,1.06,1.06,1.06,1.06,1.06,1.06,1.06,1.06,1.06,1.06,1.06,1.06,1.06
CL-PFU,v3.0b1,current,World,Coal tar,Total energy supply; Energy industry own use; Blast furnaces,1.06,1.06,1.06,1.06,1.06,1.06,1.06,1.06,1.06,1.06,1.06,1.06,1.06,1.06,1.06,1.06,1.06,1.06,1.06,1.06,1.06,1.06,1.06,1.06,1.06,1.06
CL-PFU,v3.0b1,current,World,Coal tar,Total energy supply; Energy industry own use; Gas works,1.06,1.06,1.06,1.06,1.06,1.06,1.06,1.06,1.06,1.06,1.06,1.06,1.06,1.06,1.06,1.06,1.06,1.06,1.06,1.06,1.06,1.06,1.06,1.06,1.06,1.06
CL-PFU,v3.0b1,current,World,Coal tar,Total energy supply; Energy industry own use; Gasification plants for biogases,1.06,1.06,1.06,1.06,1.06,1.06,1.06,1.06,1.06,1.06,1.06,1.06,1.06,1.06,1.06,1.06,1.06,1.06,1.06,1.06,1.06,1.06,1.06,1.06,1.06,1.06
CL-PFU,v3.0b1,current,World,Coal tar,Total energy supply; Energy industry own use; Coke ovens,1.06,1.06,1.06,1.06,1.06,1.06,1.06,1.06,1.06,1.06,1.06,1.06,1.06,1.06,1.06,1.06,1.06,1.06,1.06,1.06,1.06,1.06,1.06,1.06,1.06,1.06
CL-PFU,v3.0b1,current,World,Coal tar,Total energy supply; Energy industry own use; Patent fuel plants,1.06,1.06,1.06,1.06,1.06,1.06,1.06,1.06,1.06,1.06,1.06,1.06,1.06,1.06,1.06,1.06,1.06,1.06,1.06,1.06,1.06,1.06,1.06,1.06,1.06,1.06
CL-PFU,v3.0b1,current,World,Coal tar,Total energy supply; Energy industry own use; BKB/peat briquette plants,1.06,1.06,1.06,1.06,1.06,1.06,1.06,1.06,1.06,1.06,1.06,1.06,1.06,1.06,1.06,1.06,1.06,1.06,1.06,1.06,1.06,1.06,1.06,1.06,1.06,1.06
CL-PFU,v3.0b1,current,World,Coal tar,Total energy supply; Energy industry own use; Oil refineries,1.06,1.06,1.06,1.06,1.06,1.06,1.06,1.06,1.06,1.06,1.06,1.06,1.06,1.06,1.06,1.06,1.06,1.06,1.06,1.06,1.06,1.06,1.06,1.06,1.06,1.06
CL-PFU,v3.0b1,current,World,Coal tar,Total energy supply; Energy industry own use; Coal liquefaction plants,1.06,1.06,1.06,1.06,1.06,1.06,1.06,1.06,1.06,1.06,1.06,1.06,1.06,1.06,1.06,1.06,1.06,1.06,1.06,1.06,1.06,1.06,1.06,1.06,1.06,1.06
CL-PFU,v3.0b1,current,World,Coal tar,Total energy supply; Energy industry own use; Liquefaction (LNG) / regasification plants,1.06,1.06,1.06,1.06,1.06,1.06,1.06,1.06,1.06,1.06,1.06,1.06,1.06,1.06,1.06,1.06,1.06,1.06,1.06,1.06,1.06,1.06,1.06,1.06,1.06,1.06
CL-PFU,v3.0b1,current,World,Coal tar,Total energy supply; Energy industry own use; Gas-to-liquids (GTL) plants,1.06,1.06,1.06,1.06,1.06,1.06,1.06,1.06,1.06,1.06,1.06,1.06,1.06,1.06,1.06,1.06,1.06,1.06,1.06,1.06,1.06,1.06,1.06,1.06,1.06,1.06
CL-PFU,v3.0b1,current,World,Coal tar,"Total energy supply; Energy industry own use; Own use in electricity, CHP and heat plants",1.06,1.06,1.06,1.06,1.06,1.06,1.06,1.06,1.06,1.06,1.06,1.06,1.06,1.06,1.06,1.06,1.06,1.06,1.06,1.06,1.06,1.06,1.06,1.06,1.06,1.06
CL-PFU,v3.0b1,current,World,Coal tar,Total energy supply; Energy industry own use; Pumped storage plants,1.06,1.06,1.06,1.06,1.06,1.06,1.06,1.06,1.06,1.06,1.06,1.06,1.06,1.06,1.06,1.06,1.06,1.06,1.06,1.06,1.06,1.06,1.06,1.06,1.06,1.06
CL-PFU,v3.0b1,current,World,Coal tar,Total energy supply; Energy industry own use; Nuclear industry,1.06,1.06,1.06,1.06,1.06,1.06,1.06,1.06,1.06,1.06,1.06,1.06,1.06,1.06,1.06,1.06,1.06,1.06,1.06,1.06,1.06,1.06,1.06,1.06,1.06,1.06
CL-PFU,v3.0b1,current,World,Coal tar,Total energy supply; Energy industry own use; Charcoal production plants,1.06,1.06,1.06,1.06,1.06,1.06,1.06,1.06,1.06,1.06,1.06,1.06,1.06,1.06,1.06,1.06,1.06,1.06,1.06,1.06,1.06,1.06,1.06,1.06,1.06,1.06
CL-PFU,v3.0b1,current,World,Coal tar,Total energy supply; Energy industry own use; Non-specified (energy),1.06,1.06,1.06,1.06,1.06,1.06,1.06,1.06,1.06,1.06,1.06,1.06,1.06,1.06,1.06,1.06,1.06,1.06,1.06,1.06,1.06,1.06,1.06,1.06,1.06,1.06
CL-PFU,v3.0b1,current,World,Coal tar,Total energy supply; Losses,1.06,1.06,1.06,1.06,1.06,1.06,1.06,1.06,1.06,1.06,1.06,1.06,1.06,1.06,1.06,1.06,1.06,1.06,1.06,1.06,1.06,1.06,1.06,1.06,1.06,1.06
CL-PFU,v3.0b1,current,World,Coal tar,Total energy supply; Total final consumption; Industry; Mining and quarrying,1.06,1.06,1.06,1.06,1.06,1.06,1.06,1.06,1.06,1.06,1.06,1.06,1.06,1.06,1.06,1.06,1.06,1.06,1.06,1.06,1.06,1.06,1.06,1.06,1.06,1.06
CL-PFU,v3.0b1,current,World,Coal tar,Total energy supply; Total final consumption; Industry; Construction,1.06,1.06,1.06,1.06,1.06,1.06,1.06,1.06,1.06,1.06,1.06,1.06,1.06,1.06,1.06,1.06,1.06,1.06,1.06,1.06,1.06,1.06,1.06,1.06,1.06,1.06
CL-PFU,v3.0b1,current,World,Coal tar,Total energy supply; Total final consumption; Industry; Manufacturing; Iron and steel,1.06,1.06,1.06,1.06,1.06,1.06,1.06,1.06,1.06,1.06,1.06,1.06,1.06,1.06,1.06,1.06,1.06,1.06,1.06,1.06,1.06,1.06,1.06,1.06,1.06,1.06
CL-PFU,v3.0b1,current,World,Coal tar,Total energy supply; Total final consumption; Industry; Manufacturing; Chemical and petrochemical,1.06,1.06,1.06,1.06,1.06,1.06,1.06,1.06,1.06,1.06,1.06,1.06,1.06,1.06,1.06,1.06,1.06,1.06,1.06,1.06,1.06,1.06,1.06,1.06,1.06,1.06
CL-PFU,v3.0b1,current,World,Coal tar,Total energy supply; Total final consumption; Industry; Manufacturing; Non-ferrous metals,1.06,1.06,1.06,1.06,1.06,1.06,1.06,1.06,1.06,1.06,1.06,1.06,1.06,1.06,1.06,1.06,1.06,1.06,1.06,1.06,1.06,1.06,1.06,1.06,1.06,1.06
CL-PFU,v3.0b1,current,World,Coal tar,Total energy supply; Total final consumption; Industry; Manufacturing; Non-metallic minerals,1.06,1.06,1.06,1.06,1.06,1.06,1.06,1.06,1.06,1.06,1.06,1.06,1.06,1.06,1.06,1.06,1.06,1.06,1.06,1.06,1.06,1.06,1.06,1.06,1.06,1.06
CL-PFU,v3.0b1,current,World,Coal tar,Total energy supply; Total final consumption; Industry; Manufacturing; Transport equipment,1.06,1.06,1.06,1.06,1.06,1.06,1.06,1.06,1.06,1.06,1.06,1.06,1.06,1.06,1.06,1.06,1.06,1.06,1.06,1.06,1.06,1.06,1.06,1.06,1.06,1.06
CL-PFU,v3.0b1,current,World,Coal tar,Total energy supply; Total final consumption; Industry; Manufacturing; Machinery,1.06,1.06,1.06,1.06,1.06,1.06,1.06,1.06,1.06,1.06,1.06,1.06,1.06,1.06,1.06,1.06,1.06,1.06,1.06,1.06,1.06,1.06,1.06,1.06,1.06,1.06
CL-PFU,v3.0b1,current,World,Coal tar,Total energy supply; Total final consumption; Industry; Manufacturing; Food and tobacco,1.06,1.06,1.06,1.06,1.06,1.06,1.06,1.06,1.06,1.06,1.06,1.06,1.06,1.06,1.06,1.06,1.06,1.06,1.06,1.06,1.06,1.06,1.06,1.06,1.06,1.06
CL-PFU,v3.0b1,current,World,Coal tar,"Total energy supply; Total final consumption; Industry; Manufacturing; Paper, pulp and printing",1.06,1.06,1.06,1.06,1.06,1.06,1.06,1.06,1.06,1.06,1.06,1.06,1.06,1.06,1.06,1.06,1.06,1.06,1.06,1.06,1.06,1.06,1.06,1.06,1.06,1.06
CL-PFU,v3.0b1,current,World,Coal tar,Total energy supply; Total final consumption; Industry; Manufacturing; Wood and wood products,1.06,1.06,1.06,1.06,1.06,1.06,1.06,1.06,1.06,1.06,1.06,1.06,1.06,1.06,1.06,1.06,1.06,1.06,1.06,1.06,1.06,1.06,1.06,1.06,1.06,1.06
CL-PFU,v3.0b1,current,World,Coal tar,Total energy supply; Total final consumption; Industry; Manufacturing; Textile and leather,1.06,1.06,1.06,1.06,1.06,1.06,1.06,1.06,1.06,1.06,1.06,1.06,1.06,1.06,1.06,1.06,1.06,1.06,1.06,1.06,1.06,1.06,1.06,1.06,1.06,1.06
CL-PFU,v3.0b1,current,World,Coal tar,Total energy supply; Total final consumption; Industry; Industry not elsewhere specified,1.06,1.06,1.06,1.06,1.06,1.06,1.06,1.06,1.06,1.06,1.06,1.06,1.06,1.06,1.06,1.06,1.06,1.06,1.06,1.06,1.06,1.06,1.06,1.06,1.06,1.06
CL-PFU,v3.0b1,current,World,Coal tar,Total energy supply; Total final consumption; Transport; World aviation bunkers,1.06,1.06,1.06,1.06,1.06,1.06,1.06,1.06,1.06,1.06,1.06,1.06,1.06,1.06,1.06,1.06,1.06,1.06,1.06,1.06,1.06,1.06,1.06,1.06,1.06,1.06
CL-PFU,v3.0b1,current,World,Coal tar,Total energy supply; Total final consumption; Transport; Domestic aviation,1.06,1.06,1.06,1.06,1.06,1.06,1.06,1.06,1.06,1.06,1.06,1.06,1.06,1.06,1.06,1.06,1.06,1.06,1.06,1.06,1.06,1.06,1.06,1.06,1.06,1.06
CL-PFU,v3.0b1,current,World,Coal tar,Total energy supply; Total final consumption; Transport; Road,1.06,1.06,1.06,1.06,1.06,1.06,1.06,1.06,1.06,1.06,1.06,1.06,1.06,1.06,1.06,1.06,1.06,1.06,1.06,1.06,1.06,1.06,1.06,1.06,1.06,1.06
CL-PFU,v3.0b1,current,World,Coal tar,Total energy supply; Total final consumption; Transport; Rail,1.06,1.06,1.06,1.06,1.06,1.06,1.06,1.06,1.06,1.06,1.06,1.06,1.06,1.06,1.06,1.06,1.06,1.06,1.06,1.06,1.06,1.06,1.06,1.06,1.06,1.06
CL-PFU,v3.0b1,current,World,Coal tar,Total energy supply; Total final consumption; Transport; Pipeline transport,1.06,1.06,1.06,1.06,1.06,1.06,1.06,1.06,1.06,1.06,1.06,1.06,1.06,1.06,1.06,1.06,1.06,1.06,1.06,1.06,1.06,1.06,1.06,1.06,1.06,1.06
CL-PFU,v3.0b1,current,World,Coal tar,Total energy supply; Total final consumption; Transport; World marine bunkers,1.06,1.06,1.06,1.06,1.06,1.06,1.06,1.06,1.06,1.06,1.06,1.06,1.06,1.06,1.06,1.06,1.06,1.06,1.06,1.06,1.06,1.06,1.06,1.06,1.06,1.06
CL-PFU,v3.0b1,current,World,Coal tar,Total energy supply; Total final consumption; Transport; Domestic navigation,1.06,1.06,1.06,1.06,1.06,1.06,1.06,1.06,1.06,1.06,1.06,1.06,1.06,1.06,1.06,1.06,1.06,1.06,1.06,1.06,1.06,1.06,1.06,1.06,1.06,1.06
CL-PFU,v3.0b1,current,World,Coal tar,Total energy supply; Total final consumption; Transport; Transport not elsewhere specified,1.06,1.06,1.06,1.06,1.06,1.06,1.06,1.06,1.06,1.06,1.06,1.06,1.06,1.06,1.06,1.06,1.06,1.06,1.06,1.06,1.06,1.06,1.06,1.06,1.06,1.06
CL-PFU,v3.0b1,current,World,Coal tar,Total energy supply; Total final consumption; Residential,1.06,1.06,1.06,1.06,1.06,1.06,1.06,1.06,1.06,1.06,1.06,1.06,1.06,1.06,1.06,1.06,1.06,1.06,1.06,1.06,1.06,1.06,1.06,1.06,1.06,1.06
CL-PFU,v3.0b1,current,World,Coal tar,Total energy supply; Total final consumption; Commercial and public services,1.06,1.06,1.06,1.06,1.06,1.06,1.06,1.06,1.06,1.06,1.06,1.06,1.06,1.06,1.06,1.06,1.06,1.06,1.06,1.06,1.06,1.06,1.06,1.06,1.06,1.06
CL-PFU,v3.0b1,current,World,Coal tar,Total energy supply; Total final consumption; Agriculture/forestry,1.06,1.06,1.06,1.06,1.06,1.06,1.06,1.06,1.06,1.06,1.06,1.06,1.06,1.06,1.06,1.06,1.06,1.06,1.06,1.06,1.06,1.06,1.06,1.06,1.06,1.06
CL-PFU,v3.0b1,current,World,Coal tar,Total energy supply; Total final consumption; Fishing,1.06,1.06,1.06,1.06,1.06,1.06,1.06,1.06,1.06,1.06,1.06,1.06,1.06,1.06,1.06,1.06,1.06,1.06,1.06,1.06,1.06,1.06,1.06,1.06,1.06,1.06
CL-PFU,v3.0b1,current,World,Coal tar,Total energy supply; Total final consumption; Final consumption not elsewhere specified,1.06,1.06,1.06,1.06,1.06,1.06,1.06,1.06,1.06,1.06,1.06,1.06,1.06,1.06,1.06,1.06,1.06,1.06,1.06,1.06,1.06,1.06,1.06,1.06,1.06,1.06
CL-PFU,v3.0b1,current,World,Coal tar,Total energy supply; Total final consumption; Non-energy use; Non-energy use industry/transformation/energy,1.06,1.06,1.06,1.06,1.06,1.06,1.06,1.06,1.06,1.06,1.06,1.06,1.06,1.06,1.06,1.06,1.06,1.06,1.06,1.06,1.06,1.06,1.06,1.06,1.06,1.06
CL-PFU,v3.0b1,current,World,Coal tar,Total energy supply; Total final consumption; Non-energy use; Non-energy use in transport,1.06,1.06,1.06,1.06,1.06,1.06,1.06,1.06,1.06,1.06,1.06,1.06,1.06,1.06,1.06,1.06,1.06,1.06,1.06,1.06,1.06,1.06,1.06,1.06,1.06,1.06
CL-PFU,v3.0b1,current,World,Coal tar,Total energy supply; Total final consumption; Non-energy use; Non-energy use in other,1.06,1.06,1.06,1.06,1.06,1.06,1.06,1.06,1.06,1.06,1.06,1.06,1.06,1.06,1.06,1.06,1.06,1.06,1.06,1.06,1.06,1.06,1.06,1.06,1.06,1.06
CL-PFU,v3.0b1,current,World,Coke oven coke,Total energy supply; Energy industry own use; Coal mines,1.05,1.05,1.05,1.05,1.05,1.05,1.05,1.05,1.05,1.05,1.05,1.05,1.05,1.05,1.05,1.05,1.05,1.05,1.05,1.05,1.05,1.05,1.05,1.05,1.05,1.05
CL-PFU,v3.0b1,current,World,Coke oven coke,Total energy supply; Energy industry own use; Oil and gas extraction,1.05,1.05,1.05,1.05,1.05,1.05,1.05,1.05,1.05,1.05,1.05,1.05,1.05,1.05,1.05,1.05,1.05,1.05,1.05,1.05,1.05,1.05,1.05,1.05,1.05,1.05
CL-PFU,v3.0b1,current,World,Coke oven coke,Total energy supply; Energy industry own use; Blast furnaces,1.05,1.05,1.05,1.05,1.05,1.05,1.05,1.05,1.05,1.05,1.05,1.05,1.05,1.05,1.05,1.05,1.05,1.05,1.05,1.05,1.05,1.05,1.05,1.05,1.05,1.05
CL-PFU,v3.0b1,current,World,Coke oven coke,Total energy supply; Energy industry own use; Gas works,1.05,1.05,1.05,1.05,1.05,1.05,1.05,1.05,1.05,1.05,1.05,1.05,1.05,1.05,1.05,1.05,1.05,1.05,1.05,1.05,1.05,1.05,1.05,1.05,1.05,1.05
CL-PFU,v3.0b1,current,World,Coke oven coke,Total energy supply; Energy industry own use; Gasification plants for biogases,1.05,1.05,1.05,1.05,1.05,1.05,1.05,1.05,1.05,1.05,1.05,1.05,1.05,1.05,1.05,1.05,1.05,1.05,1.05,1.05,1.05,1.05,1.05,1.05,1.05,1.05
CL-PFU,v3.0b1,current,World,Coke oven coke,Total energy supply; Energy industry own use; Coke ovens,1.05,1.05,1.05,1.05,1.05,1.05,1.05,1.05,1.05,1.05,1.05,1.05,1.05,1.05,1.05,1.05,1.05,1.05,1.05,1.05,1.05,1.05,1.05,1.05,1.05,1.05
CL-PFU,v3.0b1,current,World,Coke oven coke,Total energy supply; Energy industry own use; Patent fuel plants,1.05,1.05,1.05,1.05,1.05,1.05,1.05,1.05,1.05,1.05,1.05,1.05,1.05,1.05,1.05,1.05,1.05,1.05,1.05,1.05,1.05,1.05,1.05,1.05,1.05,1.05
CL-PFU,v3.0b1,current,World,Coke oven coke,Total energy supply; Energy industry own use; BKB/peat briquette plants,1.05,1.05,1.05,1.05,1.05,1.05,1.05,1.05,1.05,1.05,1.05,1.05,1.05,1.05,1.05,1.05,1.05,1.05,1.05,1.05,1.05,1.05,1.05,1.05,1.05,1.05
CL-PFU,v3.0b1,current,World,Coke oven coke,Total energy supply; Energy industry own use; Oil refineries,1.05,1.05,1.05,1.05,1.05,1.05,1.05,1.05,1.05,1.05,1.05,1.05,1.05,1.05,1.05,1.05,1.05,1.05,1.05,1.05,1.05,1.05,1.05,1.05,1.05,1.05
CL-PFU,v3.0b1,current,World,Coke oven coke,Total energy supply; Energy industry own use; Coal liquefaction plants,1.05,1.05,1.05,1.05,1.05,1.05,1.05,1.05,1.05,1.05,1.05,1.05,1.05,1.05,1.05,1.05,1.05,1.05,1.05,1.05,1.05,1.05,1.05,1.05,1.05,1.05
CL-PFU,v3.0b1,current,World,Coke oven coke,Total energy supply; Energy industry own use; Liquefaction (LNG) / regasification plants,1.05,1.05,1.05,1.05,1.05,1.05,1.05,1.05,1.05,1.05,1.05,1.05,1.05,1.05,1.05,1.05,1.05,1.05,1.05,1.05,1.05,1.05,1.05,1.05,1.05,1.05
CL-PFU,v3.0b1,current,World,Coke oven coke,Total energy supply; Energy industry own use; Gas-to-liquids (GTL) plants,1.05,1.05,1.05,1.05,1.05,1.05,1.05,1.05,1.05,1.05,1.05,1.05,1.05,1.05,1.05,1.05,1.05,1.05,1.05,1.05,1.05,1.05,1.05,1.05,1.05,1.05
CL-PFU,v3.0b1,current,World,Coke oven coke,"Total energy supply; Energy industry own use; Own use in electricity, CHP and heat plants",1.05,1.05,1.05,1.05,1.05,1.05,1.05,1.05,1.05,1.05,1.05,1.05,1.05,1.05,1.05,1.05,1.05,1.05,1.05,1.05,1.05,1.05,1.05,1.05,1.05,1.05
CL-PFU,v3.0b1,current,World,Coke oven coke,Total energy supply; Energy industry own use; Pumped storage plants,1.05,1.05,1.05,1.05,1.05,1.05,1.05,1.05,1.05,1.05,1.05,1.05,1.05,1.05,1.05,1.05,1.05,1.05,1.05,1.05,1.05,1.05,1.05,1.05,1.05,1.05
CL-PFU,v3.0b1,current,World,Coke oven coke,Total energy supply; Energy industry own use; Nuclear industry,1.05,1.05,1.05,1.05,1.05,1.05,1.05,1.05,1.05,1.05,1.05,1.05,1.05,1.05,1.05,1.05,1.05,1.05,1.05,1.05,1.05,1.05,1.05,1.05,1.05,1.05
CL-PFU,v3.0b1,current,World,Coke oven coke,Total energy supply; Energy industry own use; Charcoal production plants,1.05,1.05,1.05,1.05,1.05,1.05,1.05,1.05,1.05,1.05,1.05,1.05,1.05,1.05,1.05,1.05,1.05,1.05,1.05,1.05,1.05,1.05,1.05,1.05,1.05,1.05
CL-PFU,v3.0b1,current,World,Coke oven coke,Total energy supply; Energy industry own use; Non-specified (energy),1.05,1.05,1.05,1.05,1.05,1.05,1.05,1.05,1.05,1.05,1.05,1.05,1.05,1.05,1.05,1.05,1.05,1.05,1.05,1.05,1.05,1.05,1.05,1.05,1.05,1.05
CL-PFU,v3.0b1,current,World,Coke oven coke,Total energy supply; Losses,1.05,1.05,1.05,1.05,1.05,1.05,1.05,1.05,1.05,1.05,1.05,1.05,1.05,1.05,1.05,1.05,1.05,1.05,1.05,1.05,1.05,1.05,1.05,1.05,1.05,1.05
CL-PFU,v3.0b1,current,World,Coke oven coke,Total energy supply; Total final consumption; Industry; Mining and quarrying,1.05,1.05,1.05,1.05,1.05,1.05,1.05,1.05,1.05,1.05,1.05,1.05,1.05,1.05,1.05,1.05,1.05,1.05,1.05,1.05,1.05,1.05,1.05,1.05,1.05,1.05
CL-PFU,v3.0b1,current,World,Coke oven coke,Total energy supply; Total final consumption; Industry; Construction,1.05,1.05,1.05,1.05,1.05,1.05,1.05,1.05,1.05,1.05,1.05,1.05,1.05,1.05,1.05,1.05,1.05,1.05,1.05,1.05,1.05,1.05,1.05,1.05,1.05,1.05
CL-PFU,v3.0b1,current,World,Coke oven coke,Total energy supply; Total final consumption; Industry; Manufacturing; Iron and steel,1.05,1.05,1.05,1.05,1.05,1.05,1.05,1.05,1.05,1.05,1.05,1.05,1.05,1.05,1.05,1.05,1.05,1.05,1.05,1.05,1.05,1.05,1.05,1.05,1.05,1.05
CL-PFU,v3.0b1,current,World,Coke oven coke,Total energy supply; Total final consumption; Industry; Manufacturing; Chemical and petrochemical,1.05,1.05,1.05,1.05,1.05,1.05,1.05,1.05,1.05,1.05,1.05,1.05,1.05,1.05,1.05,1.05,1.05,1.05,1.05,1.05,1.05,1.05,1.05,1.05,1.05,1.05
CL-PFU,v3.0b1,current,World,Coke oven coke,Total energy supply; Total final consumption; Industry; Manufacturing; Non-ferrous metals,1.05,1.05,1.05,1.05,1.05,1.05,1.05,1.05,1.05,1.05,1.05,1.05,1.05,1.05,1.05,1.05,1.05,1.05,1.05,1.05,1.05,1.05,1.05,1.05,1.05,1.05
CL-PFU,v3.0b1,current,World,Coke oven coke,Total energy supply; Total final consumption; Industry; Manufacturing; Non-metallic minerals,1.05,1.05,1.05,1.05,1.05,1.05,1.05,1.05,1.05,1.05,1.05,1.05,1.05,1.05,1.05,1.05,1.05,1.05,1.05,1.05,1.05,1.05,1.05,1.05,1.05,1.05
CL-PFU,v3.0b1,current,World,Coke oven coke,Total energy supply; Total final consumption; Industry; Manufacturing; Transport equipment,1.05,1.05,1.05,1.05,1.05,1.05,1.05,1.05,1.05,1.05,1.05,1.05,1.05,1.05,1.05,1.05,1.05,1.05,1.05,1.05,1.05,1.05,1.05,1.05,1.05,1.05
CL-PFU,v3.0b1,current,World,Coke oven coke,Total energy supply; Total final consumption; Industry; Manufacturing; Machinery,1.05,1.05,1.05,1.05,1.05,1.05,1.05,1.05,1.05,1.05,1.05,1.05,1.05,1.05,1.05,1.05,1.05,1.05,1.05,1.05,1.05,1.05,1.05,1.05,1.05,1.05
CL-PFU,v3.0b1,current,World,Coke oven coke,Total energy supply; Total final consumption; Industry; Manufacturing; Food and tobacco,1.05,1.05,1.05,1.05,1.05,1.05,1.05,1.05,1.05,1.05,1.05,1.05,1.05,1.05,1.05,1.05,1.05,1.05,1.05,1.05,1.05,1.05,1.05,1.05,1.05,1.05
CL-PFU,v3.0b1,current,World,Coke oven coke,"Total energy supply; Total final consumption; Industry; Manufacturing; Paper, pulp and printing",1.05,1.05,1.05,1.05,1.05,1.05,1.05,1.05,1.05,1.05,1.05,1.05,1.05,1.05,1.05,1.05,1.05,1.05,1.05,1.05,1.05,1.05,1.05,1.05,1.05,1.05
CL-PFU,v3.0b1,current,World,Coke oven coke,Total energy supply; Total final consumption; Industry; Manufacturing; Wood and wood products,1.05,1.05,1.05,1.05,1.05,1.05,1.05,1.05,1.05,1.05,1.05,1.05,1.05,1.05,1.05,1.05,1.05,1.05,1.05,1.05,1.05,1.05,1.05,1.05,1.05,1.05
CL-PFU,v3.0b1,current,World,Coke oven coke,Total energy supply; Total final consumption; Industry; Manufacturing; Textile and leather,1.05,1.05,1.05,1.05,1.05,1.05,1.05,1.05,1.05,1.05,1.05,1.05,1.05,1.05,1.05,1.05,1.05,1.05,1.05,1.05,1.05,1.05,1.05,1.05,1.05,1.05
CL-PFU,v3.0b1,current,World,Coke oven coke,Total energy supply; Total final consumption; Industry; Industry not elsewhere specified,1.05,1.05,1.05,1.05,1.05,1.05,1.05,1.05,1.05,1.05,1.05,1.05,1.05,1.05,1.05,1.05,1.05,1.05,1.05,1.05,1.05,1.05,1.05,1.05,1.05,1.05
CL-PFU,v3.0b1,current,World,Coke oven coke,Total energy supply; Total final consumption; Transport; World aviation bunkers,1.05,1.05,1.05,1.05,1.05,1.05,1.05,1.05,1.05,1.05,1.05,1.05,1.05,1.05,1.05,1.05,1.05,1.05,1.05,1.05,1.05,1.05,1.05,1.05,1.05,1.05
CL-PFU,v3.0b1,current,World,Coke oven coke,Total energy supply; Total final consumption; Transport; Domestic aviation,1.05,1.05,1.05,1.05,1.05,1.05,1.05,1.05,1.05,1.05,1.05,1.05,1.05,1.05,1.05,1.05,1.05,1.05,1.05,1.05,1.05,1.05,1.05,1.05,1.05,1.05
CL-PFU,v3.0b1,current,World,Coke oven coke,Total energy supply; Total final consumption; Transport; Road,1.05,1.05,1.05,1.05,1.05,1.05,1.05,1.05,1.05,1.05,1.05,1.05,1.05,1.05,1.05,1.05,1.05,1.05,1.05,1.05,1.05,1.05,1.05,1.05,1.05,1.05
CL-PFU,v3.0b1,current,World,Coke oven coke,Total energy supply; Total final consumption; Transport; Rail,1.05,1.05,1.05,1.05,1.05,1.05,1.05,1.05,1.05,1.05,1.05,1.05,1.05,1.05,1.05,1.05,1.05,1.05,1.05,1.05,1.05,1.05,1.05,1.05,1.05,1.05
CL-PFU,v3.0b1,current,World,Coke oven coke,Total energy supply; Total final consumption; Transport; Pipeline transport,1.05,1.05,1.05,1.05,1.05,1.05,1.05,1.05,1.05,1.05,1.05,1.05,1.05,1.05,1.05,1.05,1.05,1.05,1.05,1.05,1.05,1.05,1.05,1.05,1.05,1.05
CL-PFU,v3.0b1,current,World,Coke oven coke,Total energy supply; Total final consumption; Transport; World marine bunkers,1.05,1.05,1.05,1.05,1.05,1.05,1.05,1.05,1.05,1.05,1.05,1.05,1.05,1.05,1.05,1.05,1.05,1.05,1.05,1.05,1.05,1.05,1.05,1.05,1.05,1.05
CL-PFU,v3.0b1,current,World,Coke oven coke,Total energy supply; Total final consumption; Transport; Domestic navigation,1.05,1.05,1.05,1.05,1.05,1.05,1.05,1.05,1.05,1.05,1.05,1.05,1.05,1.05,1.05,1.05,1.05,1.05,1.05,1.05,1.05,1.05,1.05,1.05,1.05,1.05
CL-PFU,v3.0b1,current,World,Coke oven coke,Total energy supply; Total final consumption; Transport; Transport not elsewhere specified,1.05,1.05,1.05,1.05,1.05,1.05,1.05,1.05,1.05,1.05,1.05,1.05,1.05,1.05,1.05,1.05,1.05,1.05,1.05,1.05,1.05,1.05,1.05,1.05,1.05,1.05
CL-PFU,v3.0b1,current,World,Coke oven coke,Total energy supply; Total final consumption; Residential,1.05,1.05,1.05,1.05,1.05,1.05,1.05,1.05,1.05,1.05,1.05,1.05,1.05,1.05,1.05,1.05,1.05,1.05,1.05,1.05,1.05,1.05,1.05,1.05,1.05,1.05
CL-PFU,v3.0b1,current,World,Coke oven coke,Total energy supply; Total final consumption; Commercial and public services,1.05,1.05,1.05,1.05,1.05,1.05,1.05,1.05,1.05,1.05,1.05,1.05,1.05,1.05,1.05,1.05,1.05,1.05,1.05,1.05,1.05,1.05,1.05,1.05,1.05,1.05
CL-PFU,v3.0b1,current,World,Coke oven coke,Total energy supply; Total final consumption; Agriculture/forestry,1.05,1.05,1.05,1.05,1.05,1.05,1.05,1.05,1.05,1.05,1.05,1.05,1.05,1.05,1.05,1.05,1.05,1.05,1.05,1.05,1.05,1.05,1.05,1.05,1.05,1.05
CL-PFU,v3.0b1,current,World,Coke oven coke,Total energy supply; Total final consumption; Fishing,1.05,1.05,1.05,1.05,1.05,1.05,1.05,1.05,1.05,1.05,1.05,1.05,1.05,1.05,1.05,1.05,1.05,1.05,1.05,1.05,1.05,1.05,1.05,1.05,1.05,1.05
CL-PFU,v3.0b1,current,World,Coke oven coke,Total energy supply; Total final consumption; Final consumption not elsewhere specified,1.05,1.05,1.05,1.05,1.05,1.05,1.05,1.05,1.05,1.05,1.05,1.05,1.05,1.05,1.05,1.05,1.05,1.05,1.05,1.05,1.05,1.05,1.05,1.05,1.05,1.05
CL-PFU,v3.0b1,current,World,Coke oven coke,Total energy supply; Total final consumption; Non-energy use; Non-energy use industry/transformation/energy,1.05,1.05,1.05,1.05,1.05,1.05,1.05,1.05,1.05,1.05,1.05,1.05,1.05,1.05,1.05,1.05,1.05,1.05,1.05,1.05,1.05,1.05,1.05,1.05,1.05,1.05
CL-PFU,v3.0b1,current,World,Coke oven coke,Total energy supply; Total final consumption; Non-energy use; Non-energy use in transport,1.05,1.05,1.05,1.05,1.05,1.05,1.05,1.05,1.05,1.05,1.05,1.05,1.05,1.05,1.05,1.05,1.05,1.05,1.05,1.05,1.05,1.05,1.05,1.05,1.05,1.05
CL-PFU,v3.0b1,current,World,Coke oven coke,Total energy supply; Total final consumption; Non-energy use; Non-energy use in other,1.05,1.05,1.05,1.05,1.05,1.05,1.05,1.05,1.05,1.05,1.05,1.05,1.05,1.05,1.05,1.05,1.05,1.05,1.05,1.05,1.05,1.05,1.05,1.05,1.05,1.05
CL-PFU,v3.0b1,current,World,Coke oven gas,Total energy supply; Energy industry own use; Coal mines,1.04,1.04,1.04,1.04,1.04,1.04,1.04,1.04,1.04,1.04,1.04,1.04,1.04,1.04,1.04,1.04,1.04,1.04,1.04,1.04,1.04,1.04,1.04,1.04,1.04,1.04
CL-PFU,v3.0b1,current,World,Coke oven gas,Total energy supply; Energy industry own use; Oil and gas extraction,1.04,1.04,1.04,1.04,1.04,1.04,1.04,1.04,1.04,1.04,1.04,1.04,1.04,1.04,1.04,1.04,1.04,1.04,1.04,1.04,1.04,1.04,1.04,1.04,1.04,1.04
CL-PFU,v3.0b1,current,World,Coke oven gas,Total energy supply; Energy industry own use; Blast furnaces,1.04,1.04,1.04,1.04,1.04,1.04,1.04,1.04,1.04,1.04,1.04,1.04,1.04,1.04,1.04,1.04,1.04,1.04,1.04,1.04,1.04,1.04,1.04,1.04,1.04,1.04
CL-PFU,v3.0b1,current,World,Coke oven gas,Total energy supply; Energy industry own use; Gas works,1.04,1.04,1.04,1.04,1.04,1.04,1.04,1.04,1.04,1.04,1.04,1.04,1.04,1.04,1.04,1.04,1.04,1.04,1.04,1.04,1.04,1.04,1.04,1.04,1.04,1.04
CL-PFU,v3.0b1,current,World,Coke oven gas,Total energy supply; Energy industry own use; Gasification plants for biogases,1.04,1.04,1.04,1.04,1.04,1.04,1.04,1.04,1.04,1.04,1.04,1.04,1.04,1.04,1.04,1.04,1.04,1.04,1.04,1.04,1.04,1.04,1.04,1.04,1.04,1.04
CL-PFU,v3.0b1,current,World,Coke oven gas,Total energy supply; Energy industry own use; Coke ovens,1.04,1.04,1.04,1.04,1.04,1.04,1.04,1.04,1.04,1.04,1.04,1.04,1.04,1.04,1.04,1.04,1.04,1.04,1.04,1.04,1.04,1.04,1.04,1.04,1.04,1.04
CL-PFU,v3.0b1,current,World,Coke oven gas,Total energy supply; Energy industry own use; Patent fuel plants,1.04,1.04,1.04,1.04,1.04,1.04,1.04,1.04,1.04,1.04,1.04,1.04,1.04,1.04,1.04,1.04,1.04,1.04,1.04,1.04,1.04,1.04,1.04,1.04,1.04,1.04
CL-PFU,v3.0b1,current,World,Coke oven gas,Total energy supply; Energy industry own use; BKB/peat briquette plants,1.04,1.04,1.04,1.04,1.04,1.04,1.04,1.04,1.04,1.04,1.04,1.04,1.04,1.04,1.04,1.04,1.04,1.04,1.04,1.04,1.04,1.04,1.04,1.04,1.04,1.04
CL-PFU,v3.0b1,current,World,Coke oven gas,Total energy supply; Energy industry own use; Oil refineries,1.04,1.04,1.04,1.04,1.04,1.04,1.04,1.04,1.04,1.04,1.04,1.04,1.04,1.04,1.04,1.04,1.04,1.04,1.04,1.04,1.04,1.04,1.04,1.04,1.04,1.04
CL-PFU,v3.0b1,current,World,Coke oven gas,Total energy supply; Energy industry own use; Coal liquefaction plants,1.04,1.04,1.04,1.04,1.04,1.04,1.04,1.04,1.04,1.04,1.04,1.04,1.04,1.04,1.04,1.04,1.04,1.04,1.04,1.04,1.04,1.04,1.04,1.04,1.04,1.04
CL-PFU,v3.0b1,current,World,Coke oven gas,Total energy supply; Energy industry own use; Liquefaction (LNG) / regasification plants,1.04,1.04,1.04,1.04,1.04,1.04,1.04,1.04,1.04,1.04,1.04,1.04,1.04,1.04,1.04,1.04,1.04,1.04,1.04,1.04,1.04,1.04,1.04,1.04,1.04,1.04
CL-PFU,v3.0b1,current,World,Coke oven gas,Total energy supply; Energy industry own use; Gas-to-liquids (GTL) plants,1.04,1.04,1.04,1.04,1.04,1.04,1.04,1.04,1.04,1.04,1.04,1.04,1.04,1.04,1.04,1.04,1.04,1.04,1.04,1.04,1.04,1.04,1.04,1.04,1.04,1.04
CL-PFU,v3.0b1,current,World,Coke oven gas,"Total energy supply; Energy industry own use; Own use in electricity, CHP and heat plants",1.04,1.04,1.04,1.04,1.04,1.04,1.04,1.04,1.04,1.04,1.04,1.04,1.04,1.04,1.04,1.04,1.04,1.04,1.04,1.04,1.04,1.04,1.04,1.04,1.04,1.04
CL-PFU,v3.0b1,current,World,Coke oven gas,Total energy supply; Energy industry own use; Pumped storage plants,1.04,1.04,1.04,1.04,1.04,1.04,1.04,1.04,1.04,1.04,1.04,1.04,1.04,1.04,1.04,1.04,1.04,1.04,1.04,1.04,1.04,1.04,1.04,1.04,1.04,1.04
CL-PFU,v3.0b1,current,World,Coke oven gas,Total energy supply; Energy industry own use; Nuclear industry,1.04,1.04,1.04,1.04,1.04,1.04,1.04,1.04,1.04,1.04,1.04,1.04,1.04,1.04,1.04,1.04,1.04,1.04,1.04,1.04,1.04,1.04,1.04,1.04,1.04,1.04
CL-PFU,v3.0b1,current,World,Coke oven gas,Total energy supply; Energy industry own use; Charcoal production plants,1.04,1.04,1.04,1.04,1.04,1.04,1.04,1.04,1.04,1.04,1.04,1.04,1.04,1.04,1.04,1.04,1.04,1.04,1.04,1.04,1.04,1.04,1.04,1.04,1.04,1.04
CL-PFU,v3.0b1,current,World,Coke oven gas,Total energy supply; Energy industry own use; Non-specified (energy),1.04,1.04,1.04,1.04,1.04,1.04,1.04,1.04,1.04,1.04,1.04,1.04,1.04,1.04,1.04,1.04,1.04,1.04,1.04,1.04,1.04,1.04,1.04,1.04,1.04,1.04
CL-PFU,v3.0b1,current,World,Coke oven gas,Total energy supply; Losses,1.04,1.04,1.04,1.04,1.04,1.04,1.04,1.04,1.04,1.04,1.04,1.04,1.04,1.04,1.04,1.04,1.04,1.04,1.04,1.04,1.04,1.04,1.04,1.04,1.04,1.04
CL-PFU,v3.0b1,current,World,Coke oven gas,Total energy supply; Total final consumption; Industry; Mining and quarrying,1.04,1.04,1.04,1.04,1.04,1.04,1.04,1.04,1.04,1.04,1.04,1.04,1.04,1.04,1.04,1.04,1.04,1.04,1.04,1.04,1.04,1.04,1.04,1.04,1.04,1.04
CL-PFU,v3.0b1,current,World,Coke oven gas,Total energy supply; Total final consumption; Industry; Construction,1.04,1.04,1.04,1.04,1.04,1.04,1.04,1.04,1.04,1.04,1.04,1.04,1.04,1.04,1.04,1.04,1.04,1.04,1.04,1.04,1.04,1.04,1.04,1.04,1.04,1.04
CL-PFU,v3.0b1,current,World,Coke oven gas,Total energy supply; Total final consumption; Industry; Manufacturing; Iron and steel,1.04,1.04,1.04,1.04,1.04,1.04,1.04,1.04,1.04,1.04,1.04,1.04,1.04,1.04,1.04,1.04,1.04,1.04,1.04,1.04,1.04,1.04,1.04,1.04,1.04,1.04
CL-PFU,v3.0b1,current,World,Coke oven gas,Total energy supply; Total final consumption; Industry; Manufacturing; Chemical and petrochemical,1.04,1.04,1.04,1.04,1.04,1.04,1.04,1.04,1.04,1.04,1.04,1.04,1.04,1.04,1.04,1.04,1.04,1.04,1.04,1.04,1.04,1.04,1.04,1.04,1.04,1.04
CL-PFU,v3.0b1,current,World,Coke oven gas,Total energy supply; Total final consumption; Industry; Manufacturing; Non-ferrous metals,1.04,1.04,1.04,1.04,1.04,1.04,1.04,1.04,1.04,1.04,1.04,1.04,1.04,1.04,1.04,1.04,1.04,1.04,1.04,1.04,1.04,1.04,1.04,1.04,1.04,1.04
CL-PFU,v3.0b1,current,World,Coke oven gas,Total energy supply; Total final consumption; Industry; Manufacturing; Non-metallic minerals,1.04,1.04,1.04,1.04,1.04,1.04,1.04,1.04,1.04,1.04,1.04,1.04,1.04,1.04,1.04,1.04,1.04,1.04,1.04,1.04,1.04,1.04,1.04,1.04,1.04,1.04
CL-PFU,v3.0b1,current,World,Coke oven gas,Total energy supply; Total final consumption; Industry; Manufacturing; Transport equipment,1.04,1.04,1.04,1.04,1.04,1.04,1.04,1.04,1.04,1.04,1.04,1.04,1.04,1.04,1.04,1.04,1.04,1.04,1.04,1.04,1.04,1.04,1.04,1.04,1.04,1.04
CL-PFU,v3.0b1,current,World,Coke oven gas,Total energy supply; Total final consumption; Industry; Manufacturing; Machinery,1.04,1.04,1.04,1.04,1.04,1.04,1.04,1.04,1.04,1.04,1.04,1.04,1.04,1.04,1.04,1.04,1.04,1.04,1.04,1.04,1.04,1.04,1.04,1.04,1.04,1.04
CL-PFU,v3.0b1,current,World,Coke oven gas,Total energy supply; Total final consumption; Industry; Manufacturing; Food and tobacco,1.04,1.04,1.04,1.04,1.04,1.04,1.04,1.04,1.04,1.04,1.04,1.04,1.04,1.04,1.04,1.04,1.04,1.04,1.04,1.04,1.04,1.04,1.04,1.04,1.04,1.04
CL-PFU,v3.0b1,current,World,Coke oven gas,"Total energy supply; Total final consumption; Industry; Manufacturing; Paper, pulp and printing",1.04,1.04,1.04,1.04,1.04,1.04,1.04,1.04,1.04,1.04,1.04,1.04,1.04,1.04,1.04,1.04,1.04,1.04,1.04,1.04,1.04,1.04,1.04,1.04,1.04,1.04
CL-PFU,v3.0b1,current,World,Coke oven gas,Total energy supply; Total final consumption; Industry; Manufacturing; Wood and wood products,1.04,1.04,1.04,1.04,1.04,1.04,1.04,1.04,1.04,1.04,1.04,1.04,1.04,1.04,1.04,1.04,1.04,1.04,1.04,1.04,1.04,1.04,1.04,1.04,1.04,1.04
CL-PFU,v3.0b1,current,World,Coke oven gas,Total energy supply; Total final consumption; Industry; Manufacturing; Textile and leather,1.04,1.04,1.04,1.04,1.04,1.04,1.04,1.04,1.04,1.04,1.04,1.04,1.04,1.04,1.04,1.04,1.04,1.04,1.04,1.04,1.04,1.04,1.04,1.04,1.04,1.04
CL-PFU,v3.0b1,current,World,Coke oven gas,Total energy supply; Total final consumption; Industry; Industry not elsewhere specified,1.04,1.04,1.04,1.04,1.04,1.04,1.04,1.04,1.04,1.04,1.04,1.04,1.04,1.04,1.04,1.04,1.04,1.04,1.04,1.04,1.04,1.04,1.04,1.04,1.04,1.04
CL-PFU,v3.0b1,current,World,Coke oven gas,Total energy supply; Total final consumption; Transport; World aviation bunkers,1.04,1.04,1.04,1.04,1.04,1.04,1.04,1.04,1.04,1.04,1.04,1.04,1.04,1.04,1.04,1.04,1.04,1.04,1.04,1.04,1.04,1.04,1.04,1.04,1.04,1.04
CL-PFU,v3.0b1,current,World,Coke oven gas,Total energy supply; Total final consumption; Transport; Domestic aviation,1.04,1.04,1.04,1.04,1.04,1.04,1.04,1.04,1.04,1.04,1.04,1.04,1.04,1.04,1.04,1.04,1.04,1.04,1.04,1.04,1.04,1.04,1.04,1.04,1.04,1.04
CL-PFU,v3.0b1,current,World,Coke oven gas,Total energy supply; Total final consumption; Transport; Road,1.04,1.04,1.04,1.04,1.04,1.04,1.04,1.04,1.04,1.04,1.04,1.04,1.04,1.04,1.04,1.04,1.04,1.04,1.04,1.04,1.04,1.04,1.04,1.04,1.04,1.04
CL-PFU,v3.0b1,current,World,Coke oven gas,Total energy supply; Total final consumption; Transport; Rail,1.04,1.04,1.04,1.04,1.04,1.04,1.04,1.04,1.04,1.04,1.04,1.04,1.04,1.04,1.04,1.04,1.04,1.04,1.04,1.04,1.04,1.04,1.04,1.04,1.04,1.04
CL-PFU,v3.0b1,current,World,Coke oven gas,Total energy supply; Total final consumption; Transport; Pipeline transport,1.04,1.04,1.04,1.04,1.04,1.04,1.04,1.04,1.04,1.04,1.04,1.04,1.04,1.04,1.04,1.04,1.04,1.04,1.04,1.04,1.04,1.04,1.04,1.04,1.04,1.04
CL-PFU,v3.0b1,current,World,Coke oven gas,Total energy supply; Total final consumption; Transport; World marine bunkers,1.04,1.04,1.04,1.04,1.04,1.04,1.04,1.04,1.04,1.04,1.04,1.04,1.04,1.04,1.04,1.04,1.04,1.04,1.04,1.04,1.04,1.04,1.04,1.04,1.04,1.04
CL-PFU,v3.0b1,current,World,Coke oven gas,Total energy supply; Total final consumption; Transport; Domestic navigation,1.04,1.04,1.04,1.04,1.04,1.04,1.04,1.04,1.04,1.04,1.04,1.04,1.04,1.04,1.04,1.04,1.04,1.04,1.04,1.04,1.04,1.04,1.04,1.04,1.04,1.04
CL-PFU,v3.0b1,current,World,Coke oven gas,Total energy supply; Total final consumption; Transport; Transport not elsewhere specified,1.04,1.04,1.04,1.04,1.04,1.04,1.04,1.04,1.04,1.04,1.04,1.04,1.04,1.04,1.04,1.04,1.04,1.04,1.04,1.04,1.04,1.04,1.04,1.04,1.04,1.04
CL-PFU,v3.0b1,current,World,Coke oven gas,Total energy supply; Total final consumption; Residential,1.04,1.04,1.04,1.04,1.04,1.04,1.04,1.04,1.04,1.04,1.04,1.04,1.04,1.04,1.04,1.04,1.04,1.04,1.04,1.04,1.04,1.04,1.04,1.04,1.04,1.04
CL-PFU,v3.0b1,current,World,Coke oven gas,Total energy supply; Total final consumption; Commercial and public services,1.04,1.04,1.04,1.04,1.04,1.04,1.04,1.04,1.04,1.04,1.04,1.04,1.04,1.04,1.04,1.04,1.04,1.04,1.04,1.04,1.04,1.04,1.04,1.04,1.04,1.04
CL-PFU,v3.0b1,current,World,Coke oven gas,Total energy supply; Total final consumption; Agriculture/forestry,1.04,1.04,1.04,1.04,1.04,1.04,1.04,1.04,1.04,1.04,1.04,1.04,1.04,1.04,1.04,1.04,1.04,1.04,1.04,1.04,1.04,1.04,1.04,1.04,1.04,1.04
CL-PFU,v3.0b1,current,World,Coke oven gas,Total energy supply; Total final consumption; Fishing,1.04,1.04,1.04,1.04,1.04,1.04,1.04,1.04,1.04,1.04,1.04,1.04,1.04,1.04,1.04,1.04,1.04,1.04,1.04,1.04,1.04,1.04,1.04,1.04,1.04,1.04
CL-PFU,v3.0b1,current,World,Coke oven gas,Total energy supply; Total final consumption; Final consumption not elsewhere specified,1.04,1.04,1.04,1.04,1.04,1.04,1.04,1.04,1.04,1.04,1.04,1.04,1.04,1.04,1.04,1.04,1.04,1.04,1.04,1.04,1.04,1.04,1.04,1.04,1.04,1.04
CL-PFU,v3.0b1,current,World,Coke oven gas,Total energy supply; Total final consumption; Non-energy use; Non-energy use industry/transformation/energy,1.04,1.04,1.04,1.04,1.04,1.04,1.04,1.04,1.04,1.04,1.04,1.04,1.04,1.04,1.04,1.04,1.04,1.04,1.04,1.04,1.04,1.04,1.04,1.04,1.04,1.04
CL-PFU,v3.0b1,current,World,Coke oven gas,Total energy supply; Total final consumption; Non-energy use; Non-energy use in transport,1.04,1.04,1.04,1.04,1.04,1.04,1.04,1.04,1.04,1.04,1.04,1.04,1.04,1.04,1.04,1.04,1.04,1.04,1.04,1.04,1.04,1.04,1.04,1.04,1.04,1.04
CL-PFU,v3.0b1,current,World,Coke oven gas,Total energy supply; Total final consumption; Non-energy use; Non-energy use in other,1.04,1.04,1.04,1.04,1.04,1.04,1.04,1.04,1.04,1.04,1.04,1.04,1.04,1.04,1.04,1.04,1.04,1.04,1.04,1.04,1.04,1.04,1.04,1.04,1.04,1.04
CL-PFU,v3.0b1,current,World,Coking coal,Total energy supply; Energy industry own use; Coal mines,1.06,1.06,1.06,1.06,1.06,1.06,1.06,1.06,1.06,1.06,1.06,1.06,1.06,1.06,1.06,1.06,1.06,1.06,1.06,1.06,1.06,1.06,1.06,1.06,1.06,1.06
CL-PFU,v3.0b1,current,World,Coking coal,Total energy supply; Energy industry own use; Oil and gas extraction,1.06,1.06,1.06,1.06,1.06,1.06,1.06,1.06,1.06,1.06,1.06,1.06,1.06,1.06,1.06,1.06,1.06,1.06,1.06,1.06,1.06,1.06,1.06,1.06,1.06,1.06
CL-PFU,v3.0b1,current,World,Coking coal,Total energy supply; Energy industry own use; Blast furnaces,1.06,1.06,1.06,1.06,1.06,1.06,1.06,1.06,1.06,1.06,1.06,1.06,1.06,1.06,1.06,1.06,1.06,1.06,1.06,1.06,1.06,1.06,1.06,1.06,1.06,1.06
CL-PFU,v3.0b1,current,World,Coking coal,Total energy supply; Energy industry own use; Gas works,1.06,1.06,1.06,1.06,1.06,1.06,1.06,1.06,1.06,1.06,1.06,1.06,1.06,1.06,1.06,1.06,1.06,1.06,1.06,1.06,1.06,1.06,1.06,1.06,1.06,1.06
CL-PFU,v3.0b1,current,World,Coking coal,Total energy supply; Energy industry own use; Gasification plants for biogases,1.06,1.06,1.06,1.06,1.06,1.06,1.06,1.06,1.06,1.06,1.06,1.06,1.06,1.06,1.06,1.06,1.06,1.06,1.06,1.06,1.06,1.06,1.06,1.06,1.06,1.06
CL-PFU,v3.0b1,current,World,Coking coal,Total energy supply; Energy industry own use; Coke ovens,1.06,1.06,1.06,1.06,1.06,1.06,1.06,1.06,1.06,1.06,1.06,1.06,1.06,1.06,1.06,1.06,1.06,1.06,1.06,1.06,1.06,1.06,1.06,1.06,1.06,1.06
CL-PFU,v3.0b1,current,World,Coking coal,Total energy supply; Energy industry own use; Patent fuel plants,1.06,1.06,1.06,1.06,1.06,1.06,1.06,1.06,1.06,1.06,1.06,1.06,1.06,1.06,1.06,1.06,1.06,1.06,1.06,1.06,1.06,1.06,1.06,1.06,1.06,1.06
CL-PFU,v3.0b1,current,World,Coking coal,Total energy supply; Energy industry own use; BKB/peat briquette plants,1.06,1.06,1.06,1.06,1.06,1.06,1.06,1.06,1.06,1.06,1.06,1.06,1.06,1.06,1.06,1.06,1.06,1.06,1.06,1.06,1.06,1.06,1.06,1.06,1.06,1.06
CL-PFU,v3.0b1,current,World,Coking coal,Total energy supply; Energy industry own use; Oil refineries,1.06,1.06,1.06,1.06,1.06,1.06,1.06,1.06,1.06,1.06,1.06,1.06,1.06,1.06,1.06,1.06,1.06,1.06,1.06,1.06,1.06,1.06,1.06,1.06,1.06,1.06
CL-PFU,v3.0b1,current,World,Coking coal,Total energy supply; Energy industry own use; Coal liquefaction plants,1.06,1.06,1.06,1.06,1.06,1.06,1.06,1.06,1.06,1.06,1.06,1.06,1.06,1.06,1.06,1.06,1.06,1.06,1.06,1.06,1.06,1.06,1.06,1.06,1.06,1.06
CL-PFU,v3.0b1,current,World,Coking coal,Total energy supply; Energy industry own use; Liquefaction (LNG) / regasification plants,1.06,1.06,1.06,1.06,1.06,1.06,1.06,1.06,1.06,1.06,1.06,1.06,1.06,1.06,1.06,1.06,1.06,1.06,1.06,1.06,1.06,1.06,1.06,1.06,1.06,1.06
CL-PFU,v3.0b1,current,World,Coking coal,Total energy supply; Energy industry own use; Gas-to-liquids (GTL) plants,1.06,1.06,1.06,1.06,1.06,1.06,1.06,1.06,1.06,1.06,1.06,1.06,1.06,1.06,1.06,1.06,1.06,1.06,1.06,1.06,1.06,1.06,1.06,1.06,1.06,1.06
CL-PFU,v3.0b1,current,World,Coking coal,"Total energy supply; Energy industry own use; Own use in electricity, CHP and heat plants",1.06,1.06,1.06,1.06,1.06,1.06,1.06,1.06,1.06,1.06,1.06,1.06,1.06,1.06,1.06,1.06,1.06,1.06,1.06,1.06,1.06,1.06,1.06,1.06,1.06,1.06
CL-PFU,v3.0b1,current,World,Coking coal,Total energy supply; Energy industry own use; Pumped storage plants,1.06,1.06,1.06,1.06,1.06,1.06,1.06,1.06,1.06,1.06,1.06,1.06,1.06,1.06,1.06,1.06,1.06,1.06,1.06,1.06,1.06,1.06,1.06,1.06,1.06,1.06
CL-PFU,v3.0b1,current,World,Coking coal,Total energy supply; Energy industry own use; Nuclear industry,1.06,1.06,1.06,1.06,1.06,1.06,1.06,1.06,1.06,1.06,1.06,1.06,1.06,1.06,1.06,1.06,1.06,1.06,1.06,1.06,1.06,1.06,1.06,1.06,1.06,1.06
CL-PFU,v3.0b1,current,World,Coking coal,Total energy supply; Energy industry own use; Charcoal production plants,1.06,1.06,1.06,1.06,1.06,1.06,1.06,1.06,1.06,1.06,1.06,1.06,1.06,1.06,1.06,1.06,1.06,1.06,1.06,1.06,1.06,1.06,1.06,1.06,1.06,1.06
CL-PFU,v3.0b1,current,World,Coking coal,Total energy supply; Energy industry own use; Non-specified (energy),1.06,1.06,1.06,1.06,1.06,1.06,1.06,1.06,1.06,1.06,1.06,1.06,1.06,1.06,1.06,1.06,1.06,1.06,1.06,1.06,1.06,1.06,1.06,1.06,1.06,1.06
CL-PFU,v3.0b1,current,World,Coking coal,Total energy supply; Losses,1.06,1.06,1.06,1.06,1.06,1.06,1.06,1.06,1.06,1.06,1.06,1.06,1.06,1.06,1.06,1.06,1.06,1.06,1.06,1.06,1.06,1.06,1.06,1.06,1.06,1.06
CL-PFU,v3.0b1,current,World,Coking coal,Total energy supply; Total final consumption; Industry; Mining and quarrying,1.06,1.06,1.06,1.06,1.06,1.06,1.06,1.06,1.06,1.06,1.06,1.06,1.06,1.06,1.06,1.06,1.06,1.06,1.06,1.06,1.06,1.06,1.06,1.06,1.06,1.06
CL-PFU,v3.0b1,current,World,Coking coal,Total energy supply; Total final consumption; Industry; Construction,1.06,1.06,1.06,1.06,1.06,1.06,1.06,1.06,1.06,1.06,1.06,1.06,1.06,1.06,1.06,1.06,1.06,1.06,1.06,1.06,1.06,1.06,1.06,1.06,1.06,1.06
CL-PFU,v3.0b1,current,World,Coking coal,Total energy supply; Total final consumption; Industry; Manufacturing; Iron and steel,1.06,1.06,1.06,1.06,1.06,1.06,1.06,1.06,1.06,1.06,1.06,1.06,1.06,1.06,1.06,1.06,1.06,1.06,1.06,1.06,1.06,1.06,1.06,1.06,1.06,1.06
CL-PFU,v3.0b1,current,World,Coking coal,Total energy supply; Total final consumption; Industry; Manufacturing; Chemical and petrochemical,1.06,1.06,1.06,1.06,1.06,1.06,1.06,1.06,1.06,1.06,1.06,1.06,1.06,1.06,1.06,1.06,1.06,1.06,1.06,1.06,1.06,1.06,1.06,1.06,1.06,1.06
CL-PFU,v3.0b1,current,World,Coking coal,Total energy supply; Total final consumption; Industry; Manufacturing; Non-ferrous metals,1.06,1.06,1.06,1.06,1.06,1.06,1.06,1.06,1.06,1.06,1.06,1.06,1.06,1.06,1.06,1.06,1.06,1.06,1.06,1.06,1.06,1.06,1.06,1.06,1.06,1.06
CL-PFU,v3.0b1,current,World,Coking coal,Total energy supply; Total final consumption; Industry; Manufacturing; Non-metallic minerals,1.06,1.06,1.06,1.06,1.06,1.06,1.06,1.06,1.06,1.06,1.06,1.06,1.06,1.06,1.06,1.06,1.06,1.06,1.06,1.06,1.06,1.06,1.06,1.06,1.06,1.06
CL-PFU,v3.0b1,current,World,Coking coal,Total energy supply; Total final consumption; Industry; Manufacturing; Transport equipment,1.06,1.06,1.06,1.06,1.06,1.06,1.06,1.06,1.06,1.06,1.06,1.06,1.06,1.06,1.06,1.06,1.06,1.06,1.06,1.06,1.06,1.06,1.06,1.06,1.06,1.06
CL-PFU,v3.0b1,current,World,Coking coal,Total energy supply; Total final consumption; Industry; Manufacturing; Machinery,1.06,1.06,1.06,1.06,1.06,1.06,1.06,1.06,1.06,1.06,1.06,1.06,1.06,1.06,1.06,1.06,1.06,1.06,1.06,1.06,1.06,1.06,1.06,1.06,1.06,1.06
CL-PFU,v3.0b1,current,World,Coking coal,Total energy supply; Total final consumption; Industry; Manufacturing; Food and tobacco,1.06,1.06,1.06,1.06,1.06,1.06,1.06,1.06,1.06,1.06,1.06,1.06,1.06,1.06,1.06,1.06,1.06,1.06,1.06,1.06,1.06,1.06,1.06,1.06,1.06,1.06
CL-PFU,v3.0b1,current,World,Coking coal,"Total energy supply; Total final consumption; Industry; Manufacturing; Paper, pulp and printing",1.06,1.06,1.06,1.06,1.06,1.06,1.06,1.06,1.06,1.06,1.06,1.06,1.06,1.06,1.06,1.06,1.06,1.06,1.06,1.06,1.06,1.06,1.06,1.06,1.06,1.06
CL-PFU,v3.0b1,current,World,Coking coal,Total energy supply; Total final consumption; Industry; Manufacturing; Wood and wood products,1.06,1.06,1.06,1.06,1.06,1.06,1.06,1.06,1.06,1.06,1.06,1.06,1.06,1.06,1.06,1.06,1.06,1.06,1.06,1.06,1.06,1.06,1.06,1.06,1.06,1.06
CL-PFU,v3.0b1,current,World,Coking coal,Total energy supply; Total final consumption; Industry; Manufacturing; Textile and leather,1.06,1.06,1.06,1.06,1.06,1.06,1.06,1.06,1.06,1.06,1.06,1.06,1.06,1.06,1.06,1.06,1.06,1.06,1.06,1.06,1.06,1.06,1.06,1.06,1.06,1.06
CL-PFU,v3.0b1,current,World,Coking coal,Total energy supply; Total final consumption; Industry; Industry not elsewhere specified,1.06,1.06,1.06,1.06,1.06,1.06,1.06,1.06,1.06,1.06,1.06,1.06,1.06,1.06,1.06,1.06,1.06,1.06,1.06,1.06,1.06,1.06,1.06,1.06,1.06,1.06
CL-PFU,v3.0b1,current,World,Coking coal,Total energy supply; Total final consumption; Transport; World aviation bunkers,1.06,1.06,1.06,1.06,1.06,1.06,1.06,1.06,1.06,1.06,1.06,1.06,1.06,1.06,1.06,1.06,1.06,1.06,1.06,1.06,1.06,1.06,1.06,1.06,1.06,1.06
CL-PFU,v3.0b1,current,World,Coking coal,Total energy supply; Total final consumption; Transport; Domestic aviation,1.06,1.06,1.06,1.06,1.06,1.06,1.06,1.06,1.06,1.06,1.06,1.06,1.06,1.06,1.06,1.06,1.06,1.06,1.06,1.06,1.06,1.06,1.06,1.06,1.06,1.06
CL-PFU,v3.0b1,current,World,Coking coal,Total energy supply; Total final consumption; Transport; Road,1.06,1.06,1.06,1.06,1.06,1.06,1.06,1.06,1.06,1.06,1.06,1.06,1.06,1.06,1.06,1.06,1.06,1.06,1.06,1.06,1.06,1.06,1.06,1.06,1.06,1.06
CL-PFU,v3.0b1,current,World,Coking coal,Total energy supply; Total final consumption; Transport; Rail,1.06,1.06,1.06,1.06,1.06,1.06,1.06,1.06,1.06,1.06,1.06,1.06,1.06,1.06,1.06,1.06,1.06,1.06,1.06,1.06,1.06,1.06,1.06,1.06,1.06,1.06
CL-PFU,v3.0b1,current,World,Coking coal,Total energy supply; Total final consumption; Transport; Pipeline transport,1.06,1.06,1.06,1.06,1.06,1.06,1.06,1.06,1.06,1.06,1.06,1.06,1.06,1.06,1.06,1.06,1.06,1.06,1.06,1.06,1.06,1.06,1.06,1.06,1.06,1.06
CL-PFU,v3.0b1,current,World,Coking coal,Total energy supply; Total final consumption; Transport; World marine bunkers,1.06,1.06,1.06,1.06,1.06,1.06,1.06,1.06,1.06,1.06,1.06,1.06,1.06,1.06,1.06,1.06,1.06,1.06,1.06,1.06,1.06,1.06,1.06,1.06,1.06,1.06
CL-PFU,v3.0b1,current,World,Coking coal,Total energy supply; Total final consumption; Transport; Domestic navigation,1.06,1.06,1.06,1.06,1.06,1.06,1.06,1.06,1.06,1.06,1.06,1.06,1.06,1.06,1.06,1.06,1.06,1.06,1.06,1.06,1.06,1.06,1.06,1.06,1.06,1.06
CL-PFU,v3.0b1,current,World,Coking coal,Total energy supply; Total final consumption; Transport; Transport not elsewhere specified,1.06,1.06,1.06,1.06,1.06,1.06,1.06,1.06,1.06,1.06,1.06,1.06,1.06,1.06,1.06,1.06,1.06,1.06,1.06,1.06,1.06,1.06,1.06,1.06,1.06,1.06
CL-PFU,v3.0b1,current,World,Coking coal,Total energy supply; Total final consumption; Residential,1.06,1.06,1.06,1.06,1.06,1.06,1.06,1.06,1.06,1.06,1.06,1.06,1.06,1.06,1.06,1.06,1.06,1.06,1.06,1.06,1.06,1.06,1.06,1.06,1.06,1.06
CL-PFU,v3.0b1,current,World,Coking coal,Total energy supply; Total final consumption; Commercial and public services,1.06,1.06,1.06,1.06,1.06,1.06,1.06,1.06,1.06,1.06,1.06,1.06,1.06,1.06,1.06,1.06,1.06,1.06,1.06,1.06,1.06,1.06,1.06,1.06,1.06,1.06
CL-PFU,v3.0b1,current,World,Coking coal,Total energy supply; Total final consumption; Agriculture/forestry,1.06,1.06,1.06,1.06,1.06,1.06,1.06,1.06,1.06,1.06,1.06,1.06,1.06,1.06,1.06,1.06,1.06,1.06,1.06,1.06,1.06,1.06,1.06,1.06,1.06,1.06
CL-PFU,v3.0b1,current,World,Coking coal,Total energy supply; Total final consumption; Fishing,1.06,1.06,1.06,1.06,1.06,1.06,1.06,1.06,1.06,1.06,1.06,1.06,1.06,1.06,1.06,1.06,1.06,1.06,1.06,1.06,1.06,1.06,1.06,1.06,1.06,1.06
CL-PFU,v3.0b1,current,World,Coking coal,Total energy supply; Total final consumption; Final consumption not elsewhere specified,1.06,1.06,1.06,1.06,1.06,1.06,1.06,1.06,1.06,1.06,1.06,1.06,1.06,1.06,1.06,1.06,1.06,1.06,1.06,1.06,1.06,1.06,1.06,1.06,1.06,1.06
CL-PFU,v3.0b1,current,World,Coking coal,Total energy supply; Total final consumption; Non-energy use; Non-energy use industry/transformation/energy,1.06,1.06,1.06,1.06,1.06,1.06,1.06,1.06,1.06,1.06,1.06,1.06,1.06,1.06,1.06,1.06,1.06,1.06,1.06,1.06,1.06,1.06,1.06,1.06,1.06,1.06
CL-PFU,v3.0b1,current,World,Coking coal,Total energy supply; Total final consumption; Non-energy use; Non-energy use in transport,1.06,1.06,1.06,1.06,1.06,1.06,1.06,1.06,1.06,1.06,1.06,1.06,1.06,1.06,1.06,1.06,1.06,1.06,1.06,1.06,1.06,1.06,1.06,1.06,1.06,1.06
CL-PFU,v3.0b1,current,World,Coking coal,Total energy supply; Total final consumption; Non-energy use; Non-energy use in other,1.06,1.06,1.06,1.06,1.06,1.06,1.06,1.06,1.06,1.06,1.06,1.06,1.06,1.06,1.06,1.06,1.06,1.06,1.06,1.06,1.06,1.06,1.06,1.06,1.06,1.06
CL-PFU,v3.0b1,current,World,Crude oil,Total energy supply; Energy industry own use; Coal mines,1.06,1.06,1.06,1.06,1.06,1.06,1.06,1.06,1.06,1.06,1.06,1.06,1.06,1.06,1.06,1.06,1.06,1.06,1.06,1.06,1.06,1.06,1.06,1.06,1.06,1.06
CL-PFU,v3.0b1,current,World,Crude oil,Total energy supply; Energy industry own use; Oil and gas extraction,1.06,1.06,1.06,1.06,1.06,1.06,1.06,1.06,1.06,1.06,1.06,1.06,1.06,1.06,1.06,1.06,1.06,1.06,1.06,1.06,1.06,1.06,1.06,1.06,1.06,1.06
CL-PFU,v3.0b1,current,World,Crude oil,Total energy supply; Energy industry own use; Blast furnaces,1.06,1.06,1.06,1.06,1.06,1.06,1.06,1.06,1.06,1.06,1.06,1.06,1.06,1.06,1.06,1.06,1.06,1.06,1.06,1.06,1.06,1.06,1.06,1.06,1.06,1.06
CL-PFU,v3.0b1,current,World,Crude oil,Total energy supply; Energy industry own use; Gas works,1.06,1.06,1.06,1.06,1.06,1.06,1.06,1.06,1.06,1.06,1.06,1.06,1.06,1.06,1.06,1.06,1.06,1.06,1.06,1.06,1.06,1.06,1.06,1.06,1.06,1.06
CL-PFU,v3.0b1,current,World,Crude oil,Total energy supply; Energy industry own use; Gasification plants for biogases,1.06,1.06,1.06,1.06,1.06,1.06,1.06,1.06,1.06,1.06,1.06,1.06,1.06,1.06,1.06,1.06,1.06,1.06,1.06,1.06,1.06,1.06,1.06,1.06,1.06,1.06
CL-PFU,v3.0b1,current,World,Crude oil,Total energy supply; Energy industry own use; Coke ovens,1.06,1.06,1.06,1.06,1.06,1.06,1.06,1.06,1.06,1.06,1.06,1.06,1.06,1.06,1.06,1.06,1.06,1.06,1.06,1.06,1.06,1.06,1.06,1.06,1.06,1.06
CL-PFU,v3.0b1,current,World,Crude oil,Total energy supply; Energy industry own use; Patent fuel plants,1.06,1.06,1.06,1.06,1.06,1.06,1.06,1.06,1.06,1.06,1.06,1.06,1.06,1.06,1.06,1.06,1.06,1.06,1.06,1.06,1.06,1.06,1.06,1.06,1.06,1.06
CL-PFU,v3.0b1,current,World,Crude oil,Total energy supply; Energy industry own use; BKB/peat briquette plants,1.06,1.06,1.06,1.06,1.06,1.06,1.06,1.06,1.06,1.06,1.06,1.06,1.06,1.06,1.06,1.06,1.06,1.06,1.06,1.06,1.06,1.06,1.06,1.06,1.06,1.06
CL-PFU,v3.0b1,current,World,Crude oil,Total energy supply; Energy industry own use; Oil refineries,1.06,1.06,1.06,1.06,1.06,1.06,1.06,1.06,1.06,1.06,1.06,1.06,1.06,1.06,1.06,1.06,1.06,1.06,1.06,1.06,1.06,1.06,1.06,1.06,1.06,1.06
CL-PFU,v3.0b1,current,World,Crude oil,Total energy supply; Energy industry own use; Coal liquefaction plants,1.06,1.06,1.06,1.06,1.06,1.06,1.06,1.06,1.06,1.06,1.06,1.06,1.06,1.06,1.06,1.06,1.06,1.06,1.06,1.06,1.06,1.06,1.06,1.06,1.06,1.06
CL-PFU,v3.0b1,current,World,Crude oil,Total energy supply; Energy industry own use; Liquefaction (LNG) / regasification plants,1.06,1.06,1.06,1.06,1.06,1.06,1.06,1.06,1.06,1.06,1.06,1.06,1.06,1.06,1.06,1.06,1.06,1.06,1.06,1.06,1.06,1.06,1.06,1.06,1.06,1.06
CL-PFU,v3.0b1,current,World,Crude oil,Total energy supply; Energy industry own use; Gas-to-liquids (GTL) plants,1.06,1.06,1.06,1.06,1.06,1.06,1.06,1.06,1.06,1.06,1.06,1.06,1.06,1.06,1.06,1.06,1.06,1.06,1.06,1.06,1.06,1.06,1.06,1.06,1.06,1.06
CL-PFU,v3.0b1,current,World,Crude oil,"Total energy supply; Energy industry own use; Own use in electricity, CHP and heat plants",1.06,1.06,1.06,1.06,1.06,1.06,1.06,1.06,1.06,1.06,1.06,1.06,1.06,1.06,1.06,1.06,1.06,1.06,1.06,1.06,1.06,1.06,1.06,1.06,1.06,1.06
CL-PFU,v3.0b1,current,World,Crude oil,Total energy supply; Energy industry own use; Pumped storage plants,1.06,1.06,1.06,1.06,1.06,1.06,1.06,1.06,1.06,1.06,1.06,1.06,1.06,1.06,1.06,1.06,1.06,1.06,1.06,1.06,1.06,1.06,1.06,1.06,1.06,1.06
CL-PFU,v3.0b1,current,World,Crude oil,Total energy supply; Energy industry own use; Nuclear industry,1.06,1.06,1.06,1.06,1.06,1.06,1.06,1.06,1.06,1.06,1.06,1.06,1.06,1.06,1.06,1.06,1.06,1.06,1.06,1.06,1.06,1.06,1.06,1.06,1.06,1.06
CL-PFU,v3.0b1,current,World,Crude oil,Total energy supply; Energy industry own use; Charcoal production plants,1.06,1.06,1.06,1.06,1.06,1.06,1.06,1.06,1.06,1.06,1.06,1.06,1.06,1.06,1.06,1.06,1.06,1.06,1.06,1.06,1.06,1.06,1.06,1.06,1.06,1.06
CL-PFU,v3.0b1,current,World,Crude oil,Total energy supply; Energy industry own use; Non-specified (energy),1.06,1.06,1.06,1.06,1.06,1.06,1.06,1.06,1.06,1.06,1.06,1.06,1.06,1.06,1.06,1.06,1.06,1.06,1.06,1.06,1.06,1.06,1.06,1.06,1.06,1.06
CL-PFU,v3.0b1,current,World,Crude oil,Total energy supply; Losses,1.06,1.06,1.06,1.06,1.06,1.06,1.06,1.06,1.06,1.06,1.06,1.06,1.06,1.06,1.06,1.06,1.06,1.06,1.06,1.06,1.06,1.06,1.06,1.06,1.06,1.06
CL-PFU,v3.0b1,current,World,Crude oil,Total energy supply; Total final consumption; Industry; Mining and quarrying,1.06,1.06,1.06,1.06,1.06,1.06,1.06,1.06,1.06,1.06,1.06,1.06,1.06,1.06,1.06,1.06,1.06,1.06,1.06,1.06,1.06,1.06,1.06,1.06,1.06,1.06
CL-PFU,v3.0b1,current,World,Crude oil,Total energy supply; Total final consumption; Industry; Construction,1.06,1.06,1.06,1.06,1.06,1.06,1.06,1.06,1.06,1.06,1.06,1.06,1.06,1.06,1.06,1.06,1.06,1.06,1.06,1.06,1.06,1.06,1.06,1.06,1.06,1.06
CL-PFU,v3.0b1,current,World,Crude oil,Total energy supply; Total final consumption; Industry; Manufacturing; Iron and steel,1.06,1.06,1.06,1.06,1.06,1.06,1.06,1.06,1.06,1.06,1.06,1.06,1.06,1.06,1.06,1.06,1.06,1.06,1.06,1.06,1.06,1.06,1.06,1.06,1.06,1.06
CL-PFU,v3.0b1,current,World,Crude oil,Total energy supply; Total final consumption; Industry; Manufacturing; Chemical and petrochemical,1.06,1.06,1.06,1.06,1.06,1.06,1.06,1.06,1.06,1.06,1.06,1.06,1.06,1.06,1.06,1.06,1.06,1.06,1.06,1.06,1.06,1.06,1.06,1.06,1.06,1.06
CL-PFU,v3.0b1,current,World,Crude oil,Total energy supply; Total final consumption; Industry; Manufacturing; Non-ferrous metals,1.06,1.06,1.06,1.06,1.06,1.06,1.06,1.06,1.06,1.06,1.06,1.06,1.06,1.06,1.06,1.06,1.06,1.06,1.06,1.06,1.06,1.06,1.06,1.06,1.06,1.06
CL-PFU,v3.0b1,current,World,Crude oil,Total energy supply; Total final consumption; Industry; Manufacturing; Non-metallic minerals,1.06,1.06,1.06,1.06,1.06,1.06,1.06,1.06,1.06,1.06,1.06,1.06,1.06,1.06,1.06,1.06,1.06,1.06,1.06,1.06,1.06,1.06,1.06,1.06,1.06,1.06
CL-PFU,v3.0b1,current,World,Crude oil,Total energy supply; Total final consumption; Industry; Manufacturing; Transport equipment,1.06,1.06,1.06,1.06,1.06,1.06,1.06,1.06,1.06,1.06,1.06,1.06,1.06,1.06,1.06,1.06,1.06,1.06,1.06,1.06,1.06,1.06,1.06,1.06,1.06,1.06
CL-PFU,v3.0b1,current,World,Crude oil,Total energy supply; Total final consumption; Industry; Manufacturing; Machinery,1.06,1.06,1.06,1.06,1.06,1.06,1.06,1.06,1.06,1.06,1.06,1.06,1.06,1.06,1.06,1.06,1.06,1.06,1.06,1.06,1.06,1.06,1.06,1.06,1.06,1.06
CL-PFU,v3.0b1,current,World,Crude oil,Total energy supply; Total final consumption; Industry; Manufacturing; Food and tobacco,1.06,1.06,1.06,1.06,1.06,1.06,1.06,1.06,1.06,1.06,1.06,1.06,1.06,1.06,1.06,1.06,1.06,1.06,1.06,1.06,1.06,1.06,1.06,1.06,1.06,1.06
CL-PFU,v3.0b1,current,World,Crude oil,"Total energy supply; Total final consumption; Industry; Manufacturing; Paper, pulp and printing",1.06,1.06,1.06,1.06,1.06,1.06,1.06,1.06,1.06,1.06,1.06,1.06,1.06,1.06,1.06,1.06,1.06,1.06,1.06,1.06,1.06,1.06,1.06,1.06,1.06,1.06
CL-PFU,v3.0b1,current,World,Crude oil,Total energy supply; Total final consumption; Industry; Manufacturing; Wood and wood products,1.06,1.06,1.06,1.06,1.06,1.06,1.06,1.06,1.06,1.06,1.06,1.06,1.06,1.06,1.06,1.06,1.06,1.06,1.06,1.06,1.06,1.06,1.06,1.06,1.06,1.06
CL-PFU,v3.0b1,current,World,Crude oil,Total energy supply; Total final consumption; Industry; Manufacturing; Textile and leather,1.06,1.06,1.06,1.06,1.06,1.06,1.06,1.06,1.06,1.06,1.06,1.06,1.06,1.06,1.06,1.06,1.06,1.06,1.06,1.06,1.06,1.06,1.06,1.06,1.06,1.06
CL-PFU,v3.0b1,current,World,Crude oil,Total energy supply; Total final consumption; Industry; Industry not elsewhere specified,1.06,1.06,1.06,1.06,1.06,1.06,1.06,1.06,1.06,1.06,1.06,1.06,1.06,1.06,1.06,1.06,1.06,1.06,1.06,1.06,1.06,1.06,1.06,1.06,1.06,1.06
CL-PFU,v3.0b1,current,World,Crude oil,Total energy supply; Total final consumption; Transport; World aviation bunkers,1.06,1.06,1.06,1.06,1.06,1.06,1.06,1.06,1.06,1.06,1.06,1.06,1.06,1.06,1.06,1.06,1.06,1.06,1.06,1.06,1.06,1.06,1.06,1.06,1.06,1.06
CL-PFU,v3.0b1,current,World,Crude oil,Total energy supply; Total final consumption; Transport; Domestic aviation,1.06,1.06,1.06,1.06,1.06,1.06,1.06,1.06,1.06,1.06,1.06,1.06,1.06,1.06,1.06,1.06,1.06,1.06,1.06,1.06,1.06,1.06,1.06,1.06,1.06,1.06
CL-PFU,v3.0b1,current,World,Crude oil,Total energy supply; Total final consumption; Transport; Road,1.06,1.06,1.06,1.06,1.06,1.06,1.06,1.06,1.06,1.06,1.06,1.06,1.06,1.06,1.06,1.06,1.06,1.06,1.06,1.06,1.06,1.06,1.06,1.06,1.06,1.06
CL-PFU,v3.0b1,current,World,Crude oil,Total energy supply; Total final consumption; Transport; Rail,1.06,1.06,1.06,1.06,1.06,1.06,1.06,1.06,1.06,1.06,1.06,1.06,1.06,1.06,1.06,1.06,1.06,1.06,1.06,1.06,1.06,1.06,1.06,1.06,1.06,1.06
CL-PFU,v3.0b1,current,World,Crude oil,Total energy supply; Total final consumption; Transport; Pipeline transport,1.06,1.06,1.06,1.06,1.06,1.06,1.06,1.06,1.06,1.06,1.06,1.06,1.06,1.06,1.06,1.06,1.06,1.06,1.06,1.06,1.06,1.06,1.06,1.06,1.06,1.06
CL-PFU,v3.0b1,current,World,Crude oil,Total energy supply; Total final consumption; Transport; World marine bunkers,1.06,1.06,1.06,1.06,1.06,1.06,1.06,1.06,1.06,1.06,1.06,1.06,1.06,1.06,1.06,1.06,1.06,1.06,1.06,1.06,1.06,1.06,1.06,1.06,1.06,1.06
CL-PFU,v3.0b1,current,World,Crude oil,Total energy supply; Total final consumption; Transport; Domestic navigation,1.06,1.06,1.06,1.06,1.06,1.06,1.06,1.06,1.06,1.06,1.06,1.06,1.06,1.06,1.06,1.06,1.06,1.06,1.06,1.06,1.06,1.06,1.06,1.06,1.06,1.06
CL-PFU,v3.0b1,current,World,Crude oil,Total energy supply; Total final consumption; Transport; Transport not elsewhere specified,1.06,1.06,1.06,1.06,1.06,1.06,1.06,1.06,1.06,1.06,1.06,1.06,1.06,1.06,1.06,1.06,1.06,1.06,1.06,1.06,1.06,1.06,1.06,1.06,1.06,1.06
CL-PFU,v3.0b1,current,World,Crude oil,Total energy supply; Total final consumption; Residential,1.06,1.06,1.06,1.06,1.06,1.06,1.06,1.06,1.06,1.06,1.06,1.06,1.06,1.06,1.06,1.06,1.06,1.06,1.06,1.06,1.06,1.06,1.06,1.06,1.06,1.06
CL-PFU,v3.0b1,current,World,Crude oil,Total energy supply; Total final consumption; Commercial and public services,1.06,1.06,1.06,1.06,1.06,1.06,1.06,1.06,1.06,1.06,1.06,1.06,1.06,1.06,1.06,1.06,1.06,1.06,1.06,1.06,1.06,1.06,1.06,1.06,1.06,1.06
CL-PFU,v3.0b1,current,World,Crude oil,Total energy supply; Total final consumption; Agriculture/forestry,1.06,1.06,1.06,1.06,1.06,1.06,1.06,1.06,1.06,1.06,1.06,1.06,1.06,1.06,1.06,1.06,1.06,1.06,1.06,1.06,1.06,1.06,1.06,1.06,1.06,1.06
CL-PFU,v3.0b1,current,World,Crude oil,Total energy supply; Total final consumption; Fishing,1.06,1.06,1.06,1.06,1.06,1.06,1.06,1.06,1.06,1.06,1.06,1.06,1.06,1.06,1.06,1.06,1.06,1.06,1.06,1.06,1.06,1.06,1.06,1.06,1.06,1.06
CL-PFU,v3.0b1,current,World,Crude oil,Total energy supply; Total final consumption; Final consumption not elsewhere specified,1.06,1.06,1.06,1.06,1.06,1.06,1.06,1.06,1.06,1.06,1.06,1.06,1.06,1.06,1.06,1.06,1.06,1.06,1.06,1.06,1.06,1.06,1.06,1.06,1.06,1.06
CL-PFU,v3.0b1,current,World,Crude oil,Total energy supply; Total final consumption; Non-energy use; Non-energy use industry/transformation/energy,1.06,1.06,1.06,1.06,1.06,1.06,1.06,1.06,1.06,1.06,1.06,1.06,1.06,1.06,1.06,1.06,1.06,1.06,1.06,1.06,1.06,1.06,1.06,1.06,1.06,1.06
CL-PFU,v3.0b1,current,World,Crude oil,Total energy supply; Total final consumption; Non-energy use; Non-energy use in transport,1.06,1.06,1.06,1.06,1.06,1.06,1.06,1.06,1.06,1.06,1.06,1.06,1.06,1.06,1.06,1.06,1.06,1.06,1.06,1.06,1.06,1.06,1.06,1.06,1.06,1.06
CL-PFU,v3.0b1,current,World,Crude oil,Total energy supply; Total final consumption; Non-energy use; Non-energy use in other,1.06,1.06,1.06,1.06,1.06,1.06,1.06,1.06,1.06,1.06,1.06,1.06,1.06,1.06,1.06,1.06,1.06,1.06,1.06,1.06,1.06,1.06,1.06,1.06,1.06,1.06
CL-PFU,v3.0b1,current,World,Crude/NGL/feedstocks (if no detail),Total energy supply; Energy industry own use; Coal mines,1.06,1.06,1.06,1.06,1.06,1.06,1.06,1.06,1.06,1.06,1.06,1.06,1.06,1.06,1.06,1.06,1.06,1.06,1.06,1.06,1.06,1.06,1.06,1.06,1.06,1.06
CL-PFU,v3.0b1,current,World,Crude/NGL/feedstocks (if no detail),Total energy supply; Energy industry own use; Oil and gas extraction,1.06,1.06,1.06,1.06,1.06,1.06,1.06,1.06,1.06,1.06,1.06,1.06,1.06,1.06,1.06,1.06,1.06,1.06,1.06,1.06,1.06,1.06,1.06,1.06,1.06,1.06
CL-PFU,v3.0b1,current,World,Crude/NGL/feedstocks (if no detail),Total energy supply; Energy industry own use; Blast furnaces,1.06,1.06,1.06,1.06,1.06,1.06,1.06,1.06,1.06,1.06,1.06,1.06,1.06,1.06,1.06,1.06,1.06,1.06,1.06,1.06,1.06,1.06,1.06,1.06,1.06,1.06
CL-PFU,v3.0b1,current,World,Crude/NGL/feedstocks (if no detail),Total energy supply; Energy industry own use; Gas works,1.06,1.06,1.06,1.06,1.06,1.06,1.06,1.06,1.06,1.06,1.06,1.06,1.06,1.06,1.06,1.06,1.06,1.06,1.06,1.06,1.06,1.06,1.06,1.06,1.06,1.06
CL-PFU,v3.0b1,current,World,Crude/NGL/feedstocks (if no detail),Total energy supply; Energy industry own use; Gasification plants for biogases,1.06,1.06,1.06,1.06,1.06,1.06,1.06,1.06,1.06,1.06,1.06,1.06,1.06,1.06,1.06,1.06,1.06,1.06,1.06,1.06,1.06,1.06,1.06,1.06,1.06,1.06
CL-PFU,v3.0b1,current,World,Crude/NGL/feedstocks (if no detail),Total energy supply; Energy industry own use; Coke ovens,1.06,1.06,1.06,1.06,1.06,1.06,1.06,1.06,1.06,1.06,1.06,1.06,1.06,1.06,1.06,1.06,1.06,1.06,1.06,1.06,1.06,1.06,1.06,1.06,1.06,1.06
CL-PFU,v3.0b1,current,World,Crude/NGL/feedstocks (if no detail),Total energy supply; Energy industry own use; Patent fuel plants,1.06,1.06,1.06,1.06,1.06,1.06,1.06,1.06,1.06,1.06,1.06,1.06,1.06,1.06,1.06,1.06,1.06,1.06,1.06,1.06,1.06,1.06,1.06,1.06,1.06,1.06
CL-PFU,v3.0b1,current,World,Crude/NGL/feedstocks (if no detail),Total energy supply; Energy industry own use; BKB/peat briquette plants,1.06,1.06,1.06,1.06,1.06,1.06,1.06,1.06,1.06,1.06,1.06,1.06,1.06,1.06,1.06,1.06,1.06,1.06,1.06,1.06,1.06,1.06,1.06,1.06,1.06,1.06
CL-PFU,v3.0b1,current,World,Crude/NGL/feedstocks (if no detail),Total energy supply; Energy industry own use; Oil refineries,1.06,1.06,1.06,1.06,1.06,1.06,1.06,1.06,1.06,1.06,1.06,1.06,1.06,1.06,1.06,1.06,1.06,1.06,1.06,1.06,1.06,1.06,1.06,1.06,1.06,1.06
CL-PFU,v3.0b1,current,World,Crude/NGL/feedstocks (if no detail),Total energy supply; Energy industry own use; Coal liquefaction plants,1.06,1.06,1.06,1.06,1.06,1.06,1.06,1.06,1.06,1.06,1.06,1.06,1.06,1.06,1.06,1.06,1.06,1.06,1.06,1.06,1.06,1.06,1.06,1.06,1.06,1.06
CL-PFU,v3.0b1,current,World,Crude/NGL/feedstocks (if no detail),Total energy supply; Energy industry own use; Liquefaction (LNG) / regasification plants,1.06,1.06,1.06,1.06,1.06,1.06,1.06,1.06,1.06,1.06,1.06,1.06,1.06,1.06,1.06,1.06,1.06,1.06,1.06,1.06,1.06,1.06,1.06,1.06,1.06,1.06
CL-PFU,v3.0b1,current,World,Crude/NGL/feedstocks (if no detail),Total energy supply; Energy industry own use; Gas-to-liquids (GTL) plants,1.06,1.06,1.06,1.06,1.06,1.06,1.06,1.06,1.06,1.06,1.06,1.06,1.06,1.06,1.06,1.06,1.06,1.06,1.06,1.06,1.06,1.06,1.06,1.06,1.06,1.06
CL-PFU,v3.0b1,current,World,Crude/NGL/feedstocks (if no detail),"Total energy supply; Energy industry own use; Own use in electricity, CHP and heat plants",1.06,1.06,1.06,1.06,1.06,1.06,1.06,1.06,1.06,1.06,1.06,1.06,1.06,1.06,1.06,1.06,1.06,1.06,1.06,1.06,1.06,1.06,1.06,1.06,1.06,1.06
CL-PFU,v3.0b1,current,World,Crude/NGL/feedstocks (if no detail),Total energy supply; Energy industry own use; Pumped storage plants,1.06,1.06,1.06,1.06,1.06,1.06,1.06,1.06,1.06,1.06,1.06,1.06,1.06,1.06,1.06,1.06,1.06,1.06,1.06,1.06,1.06,1.06,1.06,1.06,1.06,1.06
CL-PFU,v3.0b1,current,World,Crude/NGL/feedstocks (if no detail),Total energy supply; Energy industry own use; Nuclear industry,1.06,1.06,1.06,1.06,1.06,1.06,1.06,1.06,1.06,1.06,1.06,1.06,1.06,1.06,1.06,1.06,1.06,1.06,1.06,1.06,1.06,1.06,1.06,1.06,1.06,1.06
CL-PFU,v3.0b1,current,World,Crude/NGL/feedstocks (if no detail),Total energy supply; Energy industry own use; Charcoal production plants,1.06,1.06,1.06,1.06,1.06,1.06,1.06,1.06,1.06,1.06,1.06,1.06,1.06,1.06,1.06,1.06,1.06,1.06,1.06,1.06,1.06,1.06,1.06,1.06,1.06,1.06
CL-PFU,v3.0b1,current,World,Crude/NGL/feedstocks (if no detail),Total energy supply; Energy industry own use; Non-specified (energy),1.06,1.06,1.06,1.06,1.06,1.06,1.06,1.06,1.06,1.06,1.06,1.06,1.06,1.06,1.06,1.06,1.06,1.06,1.06,1.06,1.06,1.06,1.06,1.06,1.06,1.06
CL-PFU,v3.0b1,current,World,Crude/NGL/feedstocks (if no detail),Total energy supply; Losses,1.06,1.06,1.06,1.06,1.06,1.06,1.06,1.06,1.06,1.06,1.06,1.06,1.06,1.06,1.06,1.06,1.06,1.06,1.06,1.06,1.06,1.06,1.06,1.06,1.06,1.06
CL-PFU,v3.0b1,current,World,Crude/NGL/feedstocks (if no detail),Total energy supply; Total final consumption; Industry; Mining and quarrying,1.06,1.06,1.06,1.06,1.06,1.06,1.06,1.06,1.06,1.06,1.06,1.06,1.06,1.06,1.06,1.06,1.06,1.06,1.06,1.06,1.06,1.06,1.06,1.06,1.06,1.06
CL-PFU,v3.0b1,current,World,Crude/NGL/feedstocks (if no detail),Total energy supply; Total final consumption; Industry; Construction,1.06,1.06,1.06,1.06,1.06,1.06,1.06,1.06,1.06,1.06,1.06,1.06,1.06,1.06,1.06,1.06,1.06,1.06,1.06,1.06,1.06,1.06,1.06,1.06,1.06,1.06
CL-PFU,v3.0b1,current,World,Crude/NGL/feedstocks (if no detail),Total energy supply; Total final consumption; Industry; Manufacturing; Iron and steel,1.06,1.06,1.06,1.06,1.06,1.06,1.06,1.06,1.06,1.06,1.06,1.06,1.06,1.06,1.06,1.06,1.06,1.06,1.06,1.06,1.06,1.06,1.06,1.06,1.06,1.06
CL-PFU,v3.0b1,current,World,Crude/NGL/feedstocks (if no detail),Total energy supply; Total final consumption; Industry; Manufacturing; Chemical and petrochemical,1.06,1.06,1.06,1.06,1.06,1.06,1.06,1.06,1.06,1.06,1.06,1.06,1.06,1.06,1.06,1.06,1.06,1.06,1.06,1.06,1.06,1.06,1.06,1.06,1.06,1.06
CL-PFU,v3.0b1,current,World,Crude/NGL/feedstocks (if no detail),Total energy supply; Total final consumption; Industry; Manufacturing; Non-ferrous metals,1.06,1.06,1.06,1.06,1.06,1.06,1.06,1.06,1.06,1.06,1.06,1.06,1.06,1.06,1.06,1.06,1.06,1.06,1.06,1.06,1.06,1.06,1.06,1.06,1.06,1.06
CL-PFU,v3.0b1,current,World,Crude/NGL/feedstocks (if no detail),Total energy supply; Total final consumption; Industry; Manufacturing; Non-metallic minerals,1.06,1.06,1.06,1.06,1.06,1.06,1.06,1.06,1.06,1.06,1.06,1.06,1.06,1.06,1.06,1.06,1.06,1.06,1.06,1.06,1.06,1.06,1.06,1.06,1.06,1.06
CL-PFU,v3.0b1,current,World,Crude/NGL/feedstocks (if no detail),Total energy supply; Total final consumption; Industry; Manufacturing; Transport equipment,1.06,1.06,1.06,1.06,1.06,1.06,1.06,1.06,1.06,1.06,1.06,1.06,1.06,1.06,1.06,1.06,1.06,1.06,1.06,1.06,1.06,1.06,1.06,1.06,1.06,1.06
CL-PFU,v3.0b1,current,World,Crude/NGL/feedstocks (if no detail),Total energy supply; Total final consumption; Industry; Manufacturing; Machinery,1.06,1.06,1.06,1.06,1.06,1.06,1.06,1.06,1.06,1.06,1.06,1.06,1.06,1.06,1.06,1.06,1.06,1.06,1.06,1.06,1.06,1.06,1.06,1.06,1.06,1.06
CL-PFU,v3.0b1,current,World,Crude/NGL/feedstocks (if no detail),Total energy supply; Total final consumption; Industry; Manufacturing; Food and tobacco,1.06,1.06,1.06,1.06,1.06,1.06,1.06,1.06,1.06,1.06,1.06,1.06,1.06,1.06,1.06,1.06,1.06,1.06,1.06,1.06,1.06,1.06,1.06,1.06,1.06,1.06
CL-PFU,v3.0b1,current,World,Crude/NGL/feedstocks (if no detail),"Total energy supply; Total final consumption; Industry; Manufacturing; Paper, pulp and printing",1.06,1.06,1.06,1.06,1.06,1.06,1.06,1.06,1.06,1.06,1.06,1.06,1.06,1.06,1.06,1.06,1.06,1.06,1.06,1.06,1.06,1.06,1.06,1.06,1.06,1.06
CL-PFU,v3.0b1,current,World,Crude/NGL/feedstocks (if no detail),Total energy supply; Total final consumption; Industry; Manufacturing; Wood and wood products,1.06,1.06,1.06,1.06,1.06,1.06,1.06,1.06,1.06,1.06,1.06,1.06,1.06,1.06,1.06,1.06,1.06,1.06,1.06,1.06,1.06,1.06,1.06,1.06,1.06,1.06
CL-PFU,v3.0b1,current,World,Crude/NGL/feedstocks (if no detail),Total energy supply; Total final consumption; Industry; Manufacturing; Textile and leather,1.06,1.06,1.06,1.06,1.06,1.06,1.06,1.06,1.06,1.06,1.06,1.06,1.06,1.06,1.06,1.06,1.06,1.06,1.06,1.06,1.06,1.06,1.06,1.06,1.06,1.06
CL-PFU,v3.0b1,current,World,Crude/NGL/feedstocks (if no detail),Total energy supply; Total final consumption; Industry; Industry not elsewhere specified,1.06,1.06,1.06,1.06,1.06,1.06,1.06,1.06,1.06,1.06,1.06,1.06,1.06,1.06,1.06,1.06,1.06,1.06,1.06,1.06,1.06,1.06,1.06,1.06,1.06,1.06
CL-PFU,v3.0b1,current,World,Crude/NGL/feedstocks (if no detail),Total energy supply; Total final consumption; Transport; World aviation bunkers,1.06,1.06,1.06,1.06,1.06,1.06,1.06,1.06,1.06,1.06,1.06,1.06,1.06,1.06,1.06,1.06,1.06,1.06,1.06,1.06,1.06,1.06,1.06,1.06,1.06,1.06
CL-PFU,v3.0b1,current,World,Crude/NGL/feedstocks (if no detail),Total energy supply; Total final consumption; Transport; Domestic aviation,1.06,1.06,1.06,1.06,1.06,1.06,1.06,1.06,1.06,1.06,1.06,1.06,1.06,1.06,1.06,1.06,1.06,1.06,1.06,1.06,1.06,1.06,1.06,1.06,1.06,1.06
CL-PFU,v3.0b1,current,World,Crude/NGL/feedstocks (if no detail),Total energy supply; Total final consumption; Transport; Road,1.06,1.06,1.06,1.06,1.06,1.06,1.06,1.06,1.06,1.06,1.06,1.06,1.06,1.06,1.06,1.06,1.06,1.06,1.06,1.06,1.06,1.06,1.06,1.06,1.06,1.06
CL-PFU,v3.0b1,current,World,Crude/NGL/feedstocks (if no detail),Total energy supply; Total final consumption; Transport; Rail,1.06,1.06,1.06,1.06,1.06,1.06,1.06,1.06,1.06,1.06,1.06,1.06,1.06,1.06,1.06,1.06,1.06,1.06,1.06,1.06,1.06,1.06,1.06,1.06,1.06,1.06
CL-PFU,v3.0b1,current,World,Crude/NGL/feedstocks (if no detail),Total energy supply; Total final consumption; Transport; Pipeline transport,1.06,1.06,1.06,1.06,1.06,1.06,1.06,1.06,1.06,1.06,1.06,1.06,1.06,1.06,1.06,1.06,1.06,1.06,1.06,1.06,1.06,1.06,1.06,1.06,1.06,1.06
CL-PFU,v3.0b1,current,World,Crude/NGL/feedstocks (if no detail),Total energy supply; Total final consumption; Transport; World marine bunkers,1.06,1.06,1.06,1.06,1.06,1.06,1.06,1.06,1.06,1.06,1.06,1.06,1.06,1.06,1.06,1.06,1.06,1.06,1.06,1.06,1.06,1.06,1.06,1.06,1.06,1.06
CL-PFU,v3.0b1,current,World,Crude/NGL/feedstocks (if no detail),Total energy supply; Total final consumption; Transport; Domestic navigation,1.06,1.06,1.06,1.06,1.06,1.06,1.06,1.06,1.06,1.06,1.06,1.06,1.06,1.06,1.06,1.06,1.06,1.06,1.06,1.06,1.06,1.06,1.06,1.06,1.06,1.06
CL-PFU,v3.0b1,current,World,Crude/NGL/feedstocks (if no detail),Total energy supply; Total final consumption; Transport; Transport not elsewhere specified,1.06,1.06,1.06,1.06,1.06,1.06,1.06,1.06,1.06,1.06,1.06,1.06,1.06,1.06,1.06,1.06,1.06,1.06,1.06,1.06,1.06,1.06,1.06,1.06,1.06,1.06
CL-PFU,v3.0b1,current,World,Crude/NGL/feedstocks (if no detail),Total energy supply; Total final consumption; Residential,1.06,1.06,1.06,1.06,1.06,1.06,1.06,1.06,1.06,1.06,1.06,1.06,1.06,1.06,1.06,1.06,1.06,1.06,1.06,1.06,1.06,1.06,1.06,1.06,1.06,1.06
CL-PFU,v3.0b1,current,World,Crude/NGL/feedstocks (if no detail),Total energy supply; Total final consumption; Commercial and public services,1.06,1.06,1.06,1.06,1.06,1.06,1.06,1.06,1.06,1.06,1.06,1.06,1.06,1.06,1.06,1.06,1.06,1.06,1.06,1.06,1.06,1.06,1.06,1.06,1.06,1.06
CL-PFU,v3.0b1,current,World,Crude/NGL/feedstocks (if no detail),Total energy supply; Total final consumption; Agriculture/forestry,1.06,1.06,1.06,1.06,1.06,1.06,1.06,1.06,1.06,1.06,1.06,1.06,1.06,1.06,1.06,1.06,1.06,1.06,1.06,1.06,1.06,1.06,1.06,1.06,1.06,1.06
CL-PFU,v3.0b1,current,World,Crude/NGL/feedstocks (if no detail),Total energy supply; Total final consumption; Fishing,1.06,1.06,1.06,1.06,1.06,1.06,1.06,1.06,1.06,1.06,1.06,1.06,1.06,1.06,1.06,1.06,1.06,1.06,1.06,1.06,1.06,1.06,1.06,1.06,1.06,1.06
CL-PFU,v3.0b1,current,World,Crude/NGL/feedstocks (if no detail),Total energy supply; Total final consumption; Final consumption not elsewhere specified,1.06,1.06,1.06,1.06,1.06,1.06,1.06,1.06,1.06,1.06,1.06,1.06,1.06,1.06,1.06,1.06,1.06,1.06,1.06,1.06,1.06,1.06,1.06,1.06,1.06,1.06
CL-PFU,v3.0b1,current,World,Crude/NGL/feedstocks (if no detail),Total energy supply; Total final consumption; Non-energy use; Non-energy use industry/transformation/energy,1.06,1.06,1.06,1.06,1.06,1.06,1.06,1.06,1.06,1.06,1.06,1.06,1.06,1.06,1.06,1.06,1.06,1.06,1.06,1.06,1.06,1.06,1.06,1.06,1.06,1.06
CL-PFU,v3.0b1,current,World,Crude/NGL/feedstocks (if no detail),Total energy supply; Total final consumption; Non-energy use; Non-energy use in transport,1.06,1.06,1.06,1.06,1.06,1.06,1.06,1.06,1.06,1.06,1.06,1.06,1.06,1.06,1.06,1.06,1.06,1.06,1.06,1.06,1.06,1.06,1.06,1.06,1.06,1.06
CL-PFU,v3.0b1,current,World,Crude/NGL/feedstocks (if no detail),Total energy supply; Total final consumption; Non-energy use; Non-energy use in other,1.06,1.06,1.06,1.06,1.06,1.06,1.06,1.06,1.06,1.06,1.06,1.06,1.06,1.06,1.06,1.06,1.06,1.06,1.06,1.06,1.06,1.06,1.06,1.06,1.06,1.06
CL-PFU,v3.0b1,current,World,Electricity,Total energy supply; Energy industry own use; Coal mines,1,1,1,1,1,1,1,1,1,1,1,1,1,1,1,1,1,1,1,1,1,1,1,1,1,1
CL-PFU,v3.0b1,current,World,Electricity,Total energy supply; Energy industry own use; Oil and gas extraction,1,1,1,1,1,1,1,1,1,1,1,1,1,1,1,1,1,1,1,1,1,1,1,1,1,1
CL-PFU,v3.0b1,current,World,Electricity,Total energy supply; Energy industry own use; Blast furnaces,1,1,1,1,1,1,1,1,1,1,1,1,1,1,1,1,1,1,1,1,1,1,1,1,1,1
CL-PFU,v3.0b1,current,World,Electricity,Total energy supply; Energy industry own use; Gas works,1,1,1,1,1,1,1,1,1,1,1,1,1,1,1,1,1,1,1,1,1,1,1,1,1,1
CL-PFU,v3.0b1,current,World,Electricity,Total energy supply; Energy industry own use; Gasification plants for biogases,1,1,1,1,1,1,1,1,1,1,1,1,1,1,1,1,1,1,1,1,1,1,1,1,1,1
CL-PFU,v3.0b1,current,World,Electricity,Total energy supply; Energy industry own use; Coke ovens,1,1,1,1,1,1,1,1,1,1,1,1,1,1,1,1,1,1,1,1,1,1,1,1,1,1
CL-PFU,v3.0b1,current,World,Electricity,Total energy supply; Energy industry own use; Patent fuel plants,1,1,1,1,1,1,1,1,1,1,1,1,1,1,1,1,1,1,1,1,1,1,1,1,1,1
CL-PFU,v3.0b1,current,World,Electricity,Total energy supply; Energy industry own use; BKB/peat briquette plants,1,1,1,1,1,1,1,1,1,1,1,1,1,1,1,1,1,1,1,1,1,1,1,1,1,1
CL-PFU,v3.0b1,current,World,Electricity,Total energy supply; Energy industry own use; Oil refineries,1,1,1,1,1,1,1,1,1,1,1,1,1,1,1,1,1,1,1,1,1,1,1,1,1,1
CL-PFU,v3.0b1,current,World,Electricity,Total energy supply; Energy industry own use; Coal liquefaction plants,1,1,1,1,1,1,1,1,1,1,1,1,1,1,1,1,1,1,1,1,1,1,1,1,1,1
CL-PFU,v3.0b1,current,World,Electricity,Total energy supply; Energy industry own use; Liquefaction (LNG) / regasification plants,1,1,1,1,1,1,1,1,1,1,1,1,1,1,1,1,1,1,1,1,1,1,1,1,1,1
CL-PFU,v3.0b1,current,World,Electricity,Total energy supply; Energy industry own use; Gas-to-liquids (GTL) plants,1,1,1,1,1,1,1,1,1,1,1,1,1,1,1,1,1,1,1,1,1,1,1,1,1,1
CL-PFU,v3.0b1,current,World,Electricity,"Total energy supply; Energy industry own use; Own use in electricity, CHP and heat plants",1,1,1,1,1,1,1,1,1,1,1,1,1,1,1,1,1,1,1,1,1,1,1,1,1,1
CL-PFU,v3.0b1,current,World,Electricity,Total energy supply; Energy industry own use; Pumped storage plants,1,1,1,1,1,1,1,1,1,1,1,1,1,1,1,1,1,1,1,1,1,1,1,1,1,1
CL-PFU,v3.0b1,current,World,Electricity,Total energy supply; Energy industry own use; Nuclear industry,1,1,1,1,1,1,1,1,1,1,1,1,1,1,1,1,1,1,1,1,1,1,1,1,1,1
CL-PFU,v3.0b1,current,World,Electricity,Total energy supply; Energy industry own use; Charcoal production plants,1,1,1,1,1,1,1,1,1,1,1,1,1,1,1,1,1,1,1,1,1,1,1,1,1,1
CL-PFU,v3.0b1,current,World,Electricity,Total energy supply; Energy industry own use; Non-specified (energy),1,1,1,1,1,1,1,1,1,1,1,1,1,1,1,1,1,1,1,1,1,1,1,1,1,1
CL-PFU,v3.0b1,current,World,Electricity,Total energy supply; Losses,1,1,1,1,1,1,1,1,1,1,1,1,1,1,1,1,1,1,1,1,1,1,1,1,1,1
CL-PFU,v3.0b1,current,World,Electricity,Total energy supply; Total final consumption; Industry; Mining and quarrying,1,1,1,1,1,1,1,1,1,1,1,1,1,1,1,1,1,1,1,1,1,1,1,1,1,1
CL-PFU,v3.0b1,current,World,Electricity,Total energy supply; Total final consumption; Industry; Construction,1,1,1,1,1,1,1,1,1,1,1,1,1,1,1,1,1,1,1,1,1,1,1,1,1,1
CL-PFU,v3.0b1,current,World,Electricity,Total energy supply; Total final consumption; Industry; Manufacturing; Iron and steel,1,1,1,1,1,1,1,1,1,1,1,1,1,1,1,1,1,1,1,1,1,1,1,1,1,1
CL-PFU,v3.0b1,current,World,Electricity,Total energy supply; Total final consumption; Industry; Manufacturing; Chemical and petrochemical,1,1,1,1,1,1,1,1,1,1,1,1,1,1,1,1,1,1,1,1,1,1,1,1,1,1
CL-PFU,v3.0b1,current,World,Electricity,Total energy supply; Total final consumption; Industry; Manufacturing; Non-ferrous metals,1,1,1,1,1,1,1,1,1,1,1,1,1,1,1,1,1,1,1,1,1,1,1,1,1,1
CL-PFU,v3.0b1,current,World,Electricity,Total energy supply; Total final consumption; Industry; Manufacturing; Non-metallic minerals,1,1,1,1,1,1,1,1,1,1,1,1,1,1,1,1,1,1,1,1,1,1,1,1,1,1
CL-PFU,v3.0b1,current,World,Electricity,Total energy supply; Total final consumption; Industry; Manufacturing; Transport equipment,1,1,1,1,1,1,1,1,1,1,1,1,1,1,1,1,1,1,1,1,1,1,1,1,1,1
CL-PFU,v3.0b1,current,World,Electricity,Total energy supply; Total final consumption; Industry; Manufacturing; Machinery,1,1,1,1,1,1,1,1,1,1,1,1,1,1,1,1,1,1,1,1,1,1,1,1,1,1
CL-PFU,v3.0b1,current,World,Electricity,Total energy supply; Total final consumption; Industry; Manufacturing; Food and tobacco,1,1,1,1,1,1,1,1,1,1,1,1,1,1,1,1,1,1,1,1,1,1,1,1,1,1
CL-PFU,v3.0b1,current,World,Electricity,"Total energy supply; Total final consumption; Industry; Manufacturing; Paper, pulp and printing",1,1,1,1,1,1,1,1,1,1,1,1,1,1,1,1,1,1,1,1,1,1,1,1,1,1
CL-PFU,v3.0b1,current,World,Electricity,Total energy supply; Total final consumption; Industry; Manufacturing; Wood and wood products,1,1,1,1,1,1,1,1,1,1,1,1,1,1,1,1,1,1,1,1,1,1,1,1,1,1
CL-PFU,v3.0b1,current,World,Electricity,Total energy supply; Total final consumption; Industry; Manufacturing; Textile and leather,1,1,1,1,1,1,1,1,1,1,1,1,1,1,1,1,1,1,1,1,1,1,1,1,1,1
CL-PFU,v3.0b1,current,World,Electricity,Total energy supply; Total final consumption; Industry; Industry not elsewhere specified,1,1,1,1,1,1,1,1,1,1,1,1,1,1,1,1,1,1,1,1,1,1,1,1,1,1
CL-PFU,v3.0b1,current,World,Electricity,Total energy supply; Total final consumption; Transport; World aviation bunkers,1,1,1,1,1,1,1,1,1,1,1,1,1,1,1,1,1,1,1,1,1,1,1,1,1,1
CL-PFU,v3.0b1,current,World,Electricity,Total energy supply; Total final consumption; Transport; Domestic aviation,1,1,1,1,1,1,1,1,1,1,1,1,1,1,1,1,1,1,1,1,1,1,1,1,1,1
CL-PFU,v3.0b1,current,World,Electricity,Total energy supply; Total final consumption; Transport; Road,1,1,1,1,1,1,1,1,1,1,1,1,1,1,1,1,1,1,1,1,1,1,1,1,1,1
CL-PFU,v3.0b1,current,World,Electricity,Total energy supply; Total final consumption; Transport; Rail,1,1,1,1,1,1,1,1,1,1,1,1,1,1,1,1,1,1,1,1,1,1,1,1,1,1
CL-PFU,v3.0b1,current,World,Electricity,Total energy supply; Total final consumption; Transport; Pipeline transport,1,1,1,1,1,1,1,1,1,1,1,1,1,1,1,1,1,1,1,1,1,1,1,1,1,1
CL-PFU,v3.0b1,current,World,Electricity,Total energy supply; Total final consumption; Transport; World marine bunkers,1,1,1,1,1,1,1,1,1,1,1,1,1,1,1,1,1,1,1,1,1,1,1,1,1,1
CL-PFU,v3.0b1,current,World,Electricity,Total energy supply; Total final consumption; Transport; Domestic navigation,1,1,1,1,1,1,1,1,1,1,1,1,1,1,1,1,1,1,1,1,1,1,1,1,1,1
CL-PFU,v3.0b1,current,World,Electricity,Total energy supply; Total final consumption; Transport; Transport not elsewhere specified,1,1,1,1,1,1,1,1,1,1,1,1,1,1,1,1,1,1,1,1,1,1,1,1,1,1
CL-PFU,v3.0b1,current,World,Electricity,Total energy supply; Total final consumption; Residential,1,1,1,1,1,1,1,1,1,1,1,1,1,1,1,1,1,1,1,1,1,1,1,1,1,1
CL-PFU,v3.0b1,current,World,Electricity,Total energy supply; Total final consumption; Commercial and public services,1,1,1,1,1,1,1,1,1,1,1,1,1,1,1,1,1,1,1,1,1,1,1,1,1,1
CL-PFU,v3.0b1,current,World,Electricity,Total energy supply; Total final consumption; Agriculture/forestry,1,1,1,1,1,1,1,1,1,1,1,1,1,1,1,1,1,1,1,1,1,1,1,1,1,1
CL-PFU,v3.0b1,current,World,Electricity,Total energy supply; Total final consumption; Fishing,1,1,1,1,1,1,1,1,1,1,1,1,1,1,1,1,1,1,1,1,1,1,1,1,1,1
CL-PFU,v3.0b1,current,World,Electricity,Total energy supply; Total final consumption; Final consumption not elsewhere specified,1,1,1,1,1,1,1,1,1,1,1,1,1,1,1,1,1,1,1,1,1,1,1,1,1,1
CL-PFU,v3.0b1,current,World,Electricity,Total energy supply; Total final consumption; Non-energy use; Non-energy use industry/transformation/energy,1,1,1,1,1,1,1,1,1,1,1,1,1,1,1,1,1,1,1,1,1,1,1,1,1,1
CL-PFU,v3.0b1,current,World,Electricity,Total energy supply; Total final consumption; Non-energy use; Non-energy use in transport,1,1,1,1,1,1,1,1,1,1,1,1,1,1,1,1,1,1,1,1,1,1,1,1,1,1
CL-PFU,v3.0b1,current,World,Electricity,Total energy supply; Total final consumption; Non-energy use; Non-energy use in other,1,1,1,1,1,1,1,1,1,1,1,1,1,1,1,1,1,1,1,1,1,1,1,1,1,1
CL-PFU,v3.0b1,current,World,Ethane,Total energy supply; Energy industry own use; Coal mines,1.06,1.06,1.06,1.06,1.06,1.06,1.06,1.06,1.06,1.06,1.06,1.06,1.06,1.06,1.06,1.06,1.06,1.06,1.06,1.06,1.06,1.06,1.06,1.06,1.06,1.06
CL-PFU,v3.0b1,current,World,Ethane,Total energy supply; Energy industry own use; Oil and gas extraction,1.06,1.06,1.06,1.06,1.06,1.06,1.06,1.06,1.06,1.06,1.06,1.06,1.06,1.06,1.06,1.06,1.06,1.06,1.06,1.06,1.06,1.06,1.06,1.06,1.06,1.06
CL-PFU,v3.0b1,current,World,Ethane,Total energy supply; Energy industry own use; Blast furnaces,1.06,1.06,1.06,1.06,1.06,1.06,1.06,1.06,1.06,1.06,1.06,1.06,1.06,1.06,1.06,1.06,1.06,1.06,1.06,1.06,1.06,1.06,1.06,1.06,1.06,1.06
CL-PFU,v3.0b1,current,World,Ethane,Total energy supply; Energy industry own use; Gas works,1.06,1.06,1.06,1.06,1.06,1.06,1.06,1.06,1.06,1.06,1.06,1.06,1.06,1.06,1.06,1.06,1.06,1.06,1.06,1.06,1.06,1.06,1.06,1.06,1.06,1.06
CL-PFU,v3.0b1,current,World,Ethane,Total energy supply; Energy industry own use; Gasification plants for biogases,1.06,1.06,1.06,1.06,1.06,1.06,1.06,1.06,1.06,1.06,1.06,1.06,1.06,1.06,1.06,1.06,1.06,1.06,1.06,1.06,1.06,1.06,1.06,1.06,1.06,1.06
CL-PFU,v3.0b1,current,World,Ethane,Total energy supply; Energy industry own use; Coke ovens,1.06,1.06,1.06,1.06,1.06,1.06,1.06,1.06,1.06,1.06,1.06,1.06,1.06,1.06,1.06,1.06,1.06,1.06,1.06,1.06,1.06,1.06,1.06,1.06,1.06,1.06
CL-PFU,v3.0b1,current,World,Ethane,Total energy supply; Energy industry own use; Patent fuel plants,1.06,1.06,1.06,1.06,1.06,1.06,1.06,1.06,1.06,1.06,1.06,1.06,1.06,1.06,1.06,1.06,1.06,1.06,1.06,1.06,1.06,1.06,1.06,1.06,1.06,1.06
CL-PFU,v3.0b1,current,World,Ethane,Total energy supply; Energy industry own use; BKB/peat briquette plants,1.06,1.06,1.06,1.06,1.06,1.06,1.06,1.06,1.06,1.06,1.06,1.06,1.06,1.06,1.06,1.06,1.06,1.06,1.06,1.06,1.06,1.06,1.06,1.06,1.06,1.06
CL-PFU,v3.0b1,current,World,Ethane,Total energy supply; Energy industry own use; Oil refineries,1.06,1.06,1.06,1.06,1.06,1.06,1.06,1.06,1.06,1.06,1.06,1.06,1.06,1.06,1.06,1.06,1.06,1.06,1.06,1.06,1.06,1.06,1.06,1.06,1.06,1.06
CL-PFU,v3.0b1,current,World,Ethane,Total energy supply; Energy industry own use; Coal liquefaction plants,1.06,1.06,1.06,1.06,1.06,1.06,1.06,1.06,1.06,1.06,1.06,1.06,1.06,1.06,1.06,1.06,1.06,1.06,1.06,1.06,1.06,1.06,1.06,1.06,1.06,1.06
CL-PFU,v3.0b1,current,World,Ethane,Total energy supply; Energy industry own use; Liquefaction (LNG) / regasification plants,1.06,1.06,1.06,1.06,1.06,1.06,1.06,1.06,1.06,1.06,1.06,1.06,1.06,1.06,1.06,1.06,1.06,1.06,1.06,1.06,1.06,1.06,1.06,1.06,1.06,1.06
CL-PFU,v3.0b1,current,World,Ethane,Total energy supply; Energy industry own use; Gas-to-liquids (GTL) plants,1.06,1.06,1.06,1.06,1.06,1.06,1.06,1.06,1.06,1.06,1.06,1.06,1.06,1.06,1.06,1.06,1.06,1.06,1.06,1.06,1.06,1.06,1.06,1.06,1.06,1.06
CL-PFU,v3.0b1,current,World,Ethane,"Total energy supply; Energy industry own use; Own use in electricity, CHP and heat plants",1.06,1.06,1.06,1.06,1.06,1.06,1.06,1.06,1.06,1.06,1.06,1.06,1.06,1.06,1.06,1.06,1.06,1.06,1.06,1.06,1.06,1.06,1.06,1.06,1.06,1.06
CL-PFU,v3.0b1,current,World,Ethane,Total energy supply; Energy industry own use; Pumped storage plants,1.06,1.06,1.06,1.06,1.06,1.06,1.06,1.06,1.06,1.06,1.06,1.06,1.06,1.06,1.06,1.06,1.06,1.06,1.06,1.06,1.06,1.06,1.06,1.06,1.06,1.06
CL-PFU,v3.0b1,current,World,Ethane,Total energy supply; Energy industry own use; Nuclear industry,1.06,1.06,1.06,1.06,1.06,1.06,1.06,1.06,1.06,1.06,1.06,1.06,1.06,1.06,1.06,1.06,1.06,1.06,1.06,1.06,1.06,1.06,1.06,1.06,1.06,1.06
CL-PFU,v3.0b1,current,World,Ethane,Total energy supply; Energy industry own use; Charcoal production plants,1.06,1.06,1.06,1.06,1.06,1.06,1.06,1.06,1.06,1.06,1.06,1.06,1.06,1.06,1.06,1.06,1.06,1.06,1.06,1.06,1.06,1.06,1.06,1.06,1.06,1.06
CL-PFU,v3.0b1,current,World,Ethane,Total energy supply; Energy industry own use; Non-specified (energy),1.06,1.06,1.06,1.06,1.06,1.06,1.06,1.06,1.06,1.06,1.06,1.06,1.06,1.06,1.06,1.06,1.06,1.06,1.06,1.06,1.06,1.06,1.06,1.06,1.06,1.06
CL-PFU,v3.0b1,current,World,Ethane,Total energy supply; Losses,1.06,1.06,1.06,1.06,1.06,1.06,1.06,1.06,1.06,1.06,1.06,1.06,1.06,1.06,1.06,1.06,1.06,1.06,1.06,1.06,1.06,1.06,1.06,1.06,1.06,1.06
CL-PFU,v3.0b1,current,World,Ethane,Total energy supply; Total final consumption; Industry; Mining and quarrying,1.06,1.06,1.06,1.06,1.06,1.06,1.06,1.06,1.06,1.06,1.06,1.06,1.06,1.06,1.06,1.06,1.06,1.06,1.06,1.06,1.06,1.06,1.06,1.06,1.06,1.06
CL-PFU,v3.0b1,current,World,Ethane,Total energy supply; Total final consumption; Industry; Construction,1.06,1.06,1.06,1.06,1.06,1.06,1.06,1.06,1.06,1.06,1.06,1.06,1.06,1.06,1.06,1.06,1.06,1.06,1.06,1.06,1.06,1.06,1.06,1.06,1.06,1.06
CL-PFU,v3.0b1,current,World,Ethane,Total energy supply; Total final consumption; Industry; Manufacturing; Iron and steel,1.06,1.06,1.06,1.06,1.06,1.06,1.06,1.06,1.06,1.06,1.06,1.06,1.06,1.06,1.06,1.06,1.06,1.06,1.06,1.06,1.06,1.06,1.06,1.06,1.06,1.06
CL-PFU,v3.0b1,current,World,Ethane,Total energy supply; Total final consumption; Industry; Manufacturing; Chemical and petrochemical,1.06,1.06,1.06,1.06,1.06,1.06,1.06,1.06,1.06,1.06,1.06,1.06,1.06,1.06,1.06,1.06,1.06,1.06,1.06,1.06,1.06,1.06,1.06,1.06,1.06,1.06
CL-PFU,v3.0b1,current,World,Ethane,Total energy supply; Total final consumption; Industry; Manufacturing; Non-ferrous metals,1.06,1.06,1.06,1.06,1.06,1.06,1.06,1.06,1.06,1.06,1.06,1.06,1.06,1.06,1.06,1.06,1.06,1.06,1.06,1.06,1.06,1.06,1.06,1.06,1.06,1.06
CL-PFU,v3.0b1,current,World,Ethane,Total energy supply; Total final consumption; Industry; Manufacturing; Non-metallic minerals,1.06,1.06,1.06,1.06,1.06,1.06,1.06,1.06,1.06,1.06,1.06,1.06,1.06,1.06,1.06,1.06,1.06,1.06,1.06,1.06,1.06,1.06,1.06,1.06,1.06,1.06
CL-PFU,v3.0b1,current,World,Ethane,Total energy supply; Total final consumption; Industry; Manufacturing; Transport equipment,1.06,1.06,1.06,1.06,1.06,1.06,1.06,1.06,1.06,1.06,1.06,1.06,1.06,1.06,1.06,1.06,1.06,1.06,1.06,1.06,1.06,1.06,1.06,1.06,1.06,1.06
CL-PFU,v3.0b1,current,World,Ethane,Total energy supply; Total final consumption; Industry; Manufacturing; Machinery,1.06,1.06,1.06,1.06,1.06,1.06,1.06,1.06,1.06,1.06,1.06,1.06,1.06,1.06,1.06,1.06,1.06,1.06,1.06,1.06,1.06,1.06,1.06,1.06,1.06,1.06
CL-PFU,v3.0b1,current,World,Ethane,Total energy supply; Total final consumption; Industry; Manufacturing; Food and tobacco,1.06,1.06,1.06,1.06,1.06,1.06,1.06,1.06,1.06,1.06,1.06,1.06,1.06,1.06,1.06,1.06,1.06,1.06,1.06,1.06,1.06,1.06,1.06,1.06,1.06,1.06
CL-PFU,v3.0b1,current,World,Ethane,"Total energy supply; Total final consumption; Industry; Manufacturing; Paper, pulp and printing",1.06,1.06,1.06,1.06,1.06,1.06,1.06,1.06,1.06,1.06,1.06,1.06,1.06,1.06,1.06,1.06,1.06,1.06,1.06,1.06,1.06,1.06,1.06,1.06,1.06,1.06
CL-PFU,v3.0b1,current,World,Ethane,Total energy supply; Total final consumption; Industry; Manufacturing; Wood and wood products,1.06,1.06,1.06,1.06,1.06,1.06,1.06,1.06,1.06,1.06,1.06,1.06,1.06,1.06,1.06,1.06,1.06,1.06,1.06,1.06,1.06,1.06,1.06,1.06,1.06,1.06
CL-PFU,v3.0b1,current,World,Ethane,Total energy supply; Total final consumption; Industry; Manufacturing; Textile and leather,1.06,1.06,1.06,1.06,1.06,1.06,1.06,1.06,1.06,1.06,1.06,1.06,1.06,1.06,1.06,1.06,1.06,1.06,1.06,1.06,1.06,1.06,1.06,1.06,1.06,1.06
CL-PFU,v3.0b1,current,World,Ethane,Total energy supply; Total final consumption; Industry; Industry not elsewhere specified,1.06,1.06,1.06,1.06,1.06,1.06,1.06,1.06,1.06,1.06,1.06,1.06,1.06,1.06,1.06,1.06,1.06,1.06,1.06,1.06,1.06,1.06,1.06,1.06,1.06,1.06
CL-PFU,v3.0b1,current,World,Ethane,Total energy supply; Total final consumption; Transport; World aviation bunkers,1.06,1.06,1.06,1.06,1.06,1.06,1.06,1.06,1.06,1.06,1.06,1.06,1.06,1.06,1.06,1.06,1.06,1.06,1.06,1.06,1.06,1.06,1.06,1.06,1.06,1.06
CL-PFU,v3.0b1,current,World,Ethane,Total energy supply; Total final consumption; Transport; Domestic aviation,1.06,1.06,1.06,1.06,1.06,1.06,1.06,1.06,1.06,1.06,1.06,1.06,1.06,1.06,1.06,1.06,1.06,1.06,1.06,1.06,1.06,1.06,1.06,1.06,1.06,1.06
CL-PFU,v3.0b1,current,World,Ethane,Total energy supply; Total final consumption; Transport; Road,1.06,1.06,1.06,1.06,1.06,1.06,1.06,1.06,1.06,1.06,1.06,1.06,1.06,1.06,1.06,1.06,1.06,1.06,1.06,1.06,1.06,1.06,1.06,1.06,1.06,1.06
CL-PFU,v3.0b1,current,World,Ethane,Total energy supply; Total final consumption; Transport; Rail,1.06,1.06,1.06,1.06,1.06,1.06,1.06,1.06,1.06,1.06,1.06,1.06,1.06,1.06,1.06,1.06,1.06,1.06,1.06,1.06,1.06,1.06,1.06,1.06,1.06,1.06
CL-PFU,v3.0b1,current,World,Ethane,Total energy supply; Total final consumption; Transport; Pipeline transport,1.06,1.06,1.06,1.06,1.06,1.06,1.06,1.06,1.06,1.06,1.06,1.06,1.06,1.06,1.06,1.06,1.06,1.06,1.06,1.06,1.06,1.06,1.06,1.06,1.06,1.06
CL-PFU,v3.0b1,current,World,Ethane,Total energy supply; Total final consumption; Transport; World marine bunkers,1.06,1.06,1.06,1.06,1.06,1.06,1.06,1.06,1.06,1.06,1.06,1.06,1.06,1.06,1.06,1.06,1.06,1.06,1.06,1.06,1.06,1.06,1.06,1.06,1.06,1.06
CL-PFU,v3.0b1,current,World,Ethane,Total energy supply; Total final consumption; Transport; Domestic navigation,1.06,1.06,1.06,1.06,1.06,1.06,1.06,1.06,1.06,1.06,1.06,1.06,1.06,1.06,1.06,1.06,1.06,1.06,1.06,1.06,1.06,1.06,1.06,1.06,1.06,1.06
CL-PFU,v3.0b1,current,World,Ethane,Total energy supply; Total final consumption; Transport; Transport not elsewhere specified,1.06,1.06,1.06,1.06,1.06,1.06,1.06,1.06,1.06,1.06,1.06,1.06,1.06,1.06,1.06,1.06,1.06,1.06,1.06,1.06,1.06,1.06,1.06,1.06,1.06,1.06
CL-PFU,v3.0b1,current,World,Ethane,Total energy supply; Total final consumption; Residential,1.06,1.06,1.06,1.06,1.06,1.06,1.06,1.06,1.06,1.06,1.06,1.06,1.06,1.06,1.06,1.06,1.06,1.06,1.06,1.06,1.06,1.06,1.06,1.06,1.06,1.06
CL-PFU,v3.0b1,current,World,Ethane,Total energy supply; Total final consumption; Commercial and public services,1.06,1.06,1.06,1.06,1.06,1.06,1.06,1.06,1.06,1.06,1.06,1.06,1.06,1.06,1.06,1.06,1.06,1.06,1.06,1.06,1.06,1.06,1.06,1.06,1.06,1.06
CL-PFU,v3.0b1,current,World,Ethane,Total energy supply; Total final consumption; Agriculture/forestry,1.06,1.06,1.06,1.06,1.06,1.06,1.06,1.06,1.06,1.06,1.06,1.06,1.06,1.06,1.06,1.06,1.06,1.06,1.06,1.06,1.06,1.06,1.06,1.06,1.06,1.06
CL-PFU,v3.0b1,current,World,Ethane,Total energy supply; Total final consumption; Fishing,1.06,1.06,1.06,1.06,1.06,1.06,1.06,1.06,1.06,1.06,1.06,1.06,1.06,1.06,1.06,1.06,1.06,1.06,1.06,1.06,1.06,1.06,1.06,1.06,1.06,1.06
CL-PFU,v3.0b1,current,World,Ethane,Total energy supply; Total final consumption; Final consumption not elsewhere specified,1.06,1.06,1.06,1.06,1.06,1.06,1.06,1.06,1.06,1.06,1.06,1.06,1.06,1.06,1.06,1.06,1.06,1.06,1.06,1.06,1.06,1.06,1.06,1.06,1.06,1.06
CL-PFU,v3.0b1,current,World,Ethane,Total energy supply; Total final consumption; Non-energy use; Non-energy use industry/transformation/energy,1.06,1.06,1.06,1.06,1.06,1.06,1.06,1.06,1.06,1.06,1.06,1.06,1.06,1.06,1.06,1.06,1.06,1.06,1.06,1.06,1.06,1.06,1.06,1.06,1.06,1.06
CL-PFU,v3.0b1,current,World,Ethane,Total energy supply; Total final consumption; Non-energy use; Non-energy use in transport,1.06,1.06,1.06,1.06,1.06,1.06,1.06,1.06,1.06,1.06,1.06,1.06,1.06,1.06,1.06,1.06,1.06,1.06,1.06,1.06,1.06,1.06,1.06,1.06,1.06,1.06
CL-PFU,v3.0b1,current,World,Ethane,Total energy supply; Total final consumption; Non-energy use; Non-energy use in other,1.06,1.06,1.06,1.06,1.06,1.06,1.06,1.06,1.06,1.06,1.06,1.06,1.06,1.06,1.06,1.06,1.06,1.06,1.06,1.06,1.06,1.06,1.06,1.06,1.06,1.06
CL-PFU,v3.0b1,current,World,Fuel oil,Total energy supply; Energy industry own use; Coal mines,1.06,1.06,1.06,1.06,1.06,1.06,1.06,1.06,1.06,1.06,1.06,1.06,1.06,1.06,1.06,1.06,1.06,1.06,1.06,1.06,1.06,1.06,1.06,1.06,1.06,1.06
CL-PFU,v3.0b1,current,World,Fuel oil,Total energy supply; Energy industry own use; Oil and gas extraction,1.06,1.06,1.06,1.06,1.06,1.06,1.06,1.06,1.06,1.06,1.06,1.06,1.06,1.06,1.06,1.06,1.06,1.06,1.06,1.06,1.06,1.06,1.06,1.06,1.06,1.06
CL-PFU,v3.0b1,current,World,Fuel oil,Total energy supply; Energy industry own use; Blast furnaces,1.06,1.06,1.06,1.06,1.06,1.06,1.06,1.06,1.06,1.06,1.06,1.06,1.06,1.06,1.06,1.06,1.06,1.06,1.06,1.06,1.06,1.06,1.06,1.06,1.06,1.06
CL-PFU,v3.0b1,current,World,Fuel oil,Total energy supply; Energy industry own use; Gas works,1.06,1.06,1.06,1.06,1.06,1.06,1.06,1.06,1.06,1.06,1.06,1.06,1.06,1.06,1.06,1.06,1.06,1.06,1.06,1.06,1.06,1.06,1.06,1.06,1.06,1.06
CL-PFU,v3.0b1,current,World,Fuel oil,Total energy supply; Energy industry own use; Gasification plants for biogases,1.06,1.06,1.06,1.06,1.06,1.06,1.06,1.06,1.06,1.06,1.06,1.06,1.06,1.06,1.06,1.06,1.06,1.06,1.06,1.06,1.06,1.06,1.06,1.06,1.06,1.06
CL-PFU,v3.0b1,current,World,Fuel oil,Total energy supply; Energy industry own use; Coke ovens,1.06,1.06,1.06,1.06,1.06,1.06,1.06,1.06,1.06,1.06,1.06,1.06,1.06,1.06,1.06,1.06,1.06,1.06,1.06,1.06,1.06,1.06,1.06,1.06,1.06,1.06
CL-PFU,v3.0b1,current,World,Fuel oil,Total energy supply; Energy industry own use; Patent fuel plants,1.06,1.06,1.06,1.06,1.06,1.06,1.06,1.06,1.06,1.06,1.06,1.06,1.06,1.06,1.06,1.06,1.06,1.06,1.06,1.06,1.06,1.06,1.06,1.06,1.06,1.06
CL-PFU,v3.0b1,current,World,Fuel oil,Total energy supply; Energy industry own use; BKB/peat briquette plants,1.06,1.06,1.06,1.06,1.06,1.06,1.06,1.06,1.06,1.06,1.06,1.06,1.06,1.06,1.06,1.06,1.06,1.06,1.06,1.06,1.06,1.06,1.06,1.06,1.06,1.06
CL-PFU,v3.0b1,current,World,Fuel oil,Total energy supply; Energy industry own use; Oil refineries,1.06,1.06,1.06,1.06,1.06,1.06,1.06,1.06,1.06,1.06,1.06,1.06,1.06,1.06,1.06,1.06,1.06,1.06,1.06,1.06,1.06,1.06,1.06,1.06,1.06,1.06
CL-PFU,v3.0b1,current,World,Fuel oil,Total energy supply; Energy industry own use; Coal liquefaction plants,1.06,1.06,1.06,1.06,1.06,1.06,1.06,1.06,1.06,1.06,1.06,1.06,1.06,1.06,1.06,1.06,1.06,1.06,1.06,1.06,1.06,1.06,1.06,1.06,1.06,1.06
CL-PFU,v3.0b1,current,World,Fuel oil,Total energy supply; Energy industry own use; Liquefaction (LNG) / regasification plants,1.06,1.06,1.06,1.06,1.06,1.06,1.06,1.06,1.06,1.06,1.06,1.06,1.06,1.06,1.06,1.06,1.06,1.06,1.06,1.06,1.06,1.06,1.06,1.06,1.06,1.06
CL-PFU,v3.0b1,current,World,Fuel oil,Total energy supply; Energy industry own use; Gas-to-liquids (GTL) plants,1.06,1.06,1.06,1.06,1.06,1.06,1.06,1.06,1.06,1.06,1.06,1.06,1.06,1.06,1.06,1.06,1.06,1.06,1.06,1.06,1.06,1.06,1.06,1.06,1.06,1.06
CL-PFU,v3.0b1,current,World,Fuel oil,"Total energy supply; Energy industry own use; Own use in electricity, CHP and heat plants",1.06,1.06,1.06,1.06,1.06,1.06,1.06,1.06,1.06,1.06,1.06,1.06,1.06,1.06,1.06,1.06,1.06,1.06,1.06,1.06,1.06,1.06,1.06,1.06,1.06,1.06
CL-PFU,v3.0b1,current,World,Fuel oil,Total energy supply; Energy industry own use; Pumped storage plants,1.06,1.06,1.06,1.06,1.06,1.06,1.06,1.06,1.06,1.06,1.06,1.06,1.06,1.06,1.06,1.06,1.06,1.06,1.06,1.06,1.06,1.06,1.06,1.06,1.06,1.06
CL-PFU,v3.0b1,current,World,Fuel oil,Total energy supply; Energy industry own use; Nuclear industry,1.06,1.06,1.06,1.06,1.06,1.06,1.06,1.06,1.06,1.06,1.06,1.06,1.06,1.06,1.06,1.06,1.06,1.06,1.06,1.06,1.06,1.06,1.06,1.06,1.06,1.06
CL-PFU,v3.0b1,current,World,Fuel oil,Total energy supply; Energy industry own use; Charcoal production plants,1.06,1.06,1.06,1.06,1.06,1.06,1.06,1.06,1.06,1.06,1.06,1.06,1.06,1.06,1.06,1.06,1.06,1.06,1.06,1.06,1.06,1.06,1.06,1.06,1.06,1.06
CL-PFU,v3.0b1,current,World,Fuel oil,Total energy supply; Energy industry own use; Non-specified (energy),1.06,1.06,1.06,1.06,1.06,1.06,1.06,1.06,1.06,1.06,1.06,1.06,1.06,1.06,1.06,1.06,1.06,1.06,1.06,1.06,1.06,1.06,1.06,1.06,1.06,1.06
CL-PFU,v3.0b1,current,World,Fuel oil,Total energy supply; Losses,1.06,1.06,1.06,1.06,1.06,1.06,1.06,1.06,1.06,1.06,1.06,1.06,1.06,1.06,1.06,1.06,1.06,1.06,1.06,1.06,1.06,1.06,1.06,1.06,1.06,1.06
CL-PFU,v3.0b1,current,World,Fuel oil,Total energy supply; Total final consumption; Industry; Mining and quarrying,1.06,1.06,1.06,1.06,1.06,1.06,1.06,1.06,1.06,1.06,1.06,1.06,1.06,1.06,1.06,1.06,1.06,1.06,1.06,1.06,1.06,1.06,1.06,1.06,1.06,1.06
CL-PFU,v3.0b1,current,World,Fuel oil,Total energy supply; Total final consumption; Industry; Construction,1.06,1.06,1.06,1.06,1.06,1.06,1.06,1.06,1.06,1.06,1.06,1.06,1.06,1.06,1.06,1.06,1.06,1.06,1.06,1.06,1.06,1.06,1.06,1.06,1.06,1.06
CL-PFU,v3.0b1,current,World,Fuel oil,Total energy supply; Total final consumption; Industry; Manufacturing; Iron and steel,1.06,1.06,1.06,1.06,1.06,1.06,1.06,1.06,1.06,1.06,1.06,1.06,1.06,1.06,1.06,1.06,1.06,1.06,1.06,1.06,1.06,1.06,1.06,1.06,1.06,1.06
CL-PFU,v3.0b1,current,World,Fuel oil,Total energy supply; Total final consumption; Industry; Manufacturing; Chemical and petrochemical,1.06,1.06,1.06,1.06,1.06,1.06,1.06,1.06,1.06,1.06,1.06,1.06,1.06,1.06,1.06,1.06,1.06,1.06,1.06,1.06,1.06,1.06,1.06,1.06,1.06,1.06
CL-PFU,v3.0b1,current,World,Fuel oil,Total energy supply; Total final consumption; Industry; Manufacturing; Non-ferrous metals,1.06,1.06,1.06,1.06,1.06,1.06,1.06,1.06,1.06,1.06,1.06,1.06,1.06,1.06,1.06,1.06,1.06,1.06,1.06,1.06,1.06,1.06,1.06,1.06,1.06,1.06
CL-PFU,v3.0b1,current,World,Fuel oil,Total energy supply; Total final consumption; Industry; Manufacturing; Non-metallic minerals,1.06,1.06,1.06,1.06,1.06,1.06,1.06,1.06,1.06,1.06,1.06,1.06,1.06,1.06,1.06,1.06,1.06,1.06,1.06,1.06,1.06,1.06,1.06,1.06,1.06,1.06
CL-PFU,v3.0b1,current,World,Fuel oil,Total energy supply; Total final consumption; Industry; Manufacturing; Transport equipment,1.06,1.06,1.06,1.06,1.06,1.06,1.06,1.06,1.06,1.06,1.06,1.06,1.06,1.06,1.06,1.06,1.06,1.06,1.06,1.06,1.06,1.06,1.06,1.06,1.06,1.06
CL-PFU,v3.0b1,current,World,Fuel oil,Total energy supply; Total final consumption; Industry; Manufacturing; Machinery,1.06,1.06,1.06,1.06,1.06,1.06,1.06,1.06,1.06,1.06,1.06,1.06,1.06,1.06,1.06,1.06,1.06,1.06,1.06,1.06,1.06,1.06,1.06,1.06,1.06,1.06
CL-PFU,v3.0b1,current,World,Fuel oil,Total energy supply; Total final consumption; Industry; Manufacturing; Food and tobacco,1.06,1.06,1.06,1.06,1.06,1.06,1.06,1.06,1.06,1.06,1.06,1.06,1.06,1.06,1.06,1.06,1.06,1.06,1.06,1.06,1.06,1.06,1.06,1.06,1.06,1.06
CL-PFU,v3.0b1,current,World,Fuel oil,"Total energy supply; Total final consumption; Industry; Manufacturing; Paper, pulp and printing",1.06,1.06,1.06,1.06,1.06,1.06,1.06,1.06,1.06,1.06,1.06,1.06,1.06,1.06,1.06,1.06,1.06,1.06,1.06,1.06,1.06,1.06,1.06,1.06,1.06,1.06
CL-PFU,v3.0b1,current,World,Fuel oil,Total energy supply; Total final consumption; Industry; Manufacturing; Wood and wood products,1.06,1.06,1.06,1.06,1.06,1.06,1.06,1.06,1.06,1.06,1.06,1.06,1.06,1.06,1.06,1.06,1.06,1.06,1.06,1.06,1.06,1.06,1.06,1.06,1.06,1.06
CL-PFU,v3.0b1,current,World,Fuel oil,Total energy supply; Total final consumption; Industry; Manufacturing; Textile and leather,1.06,1.06,1.06,1.06,1.06,1.06,1.06,1.06,1.06,1.06,1.06,1.06,1.06,1.06,1.06,1.06,1.06,1.06,1.06,1.06,1.06,1.06,1.06,1.06,1.06,1.06
CL-PFU,v3.0b1,current,World,Fuel oil,Total energy supply; Total final consumption; Industry; Industry not elsewhere specified,1.06,1.06,1.06,1.06,1.06,1.06,1.06,1.06,1.06,1.06,1.06,1.06,1.06,1.06,1.06,1.06,1.06,1.06,1.06,1.06,1.06,1.06,1.06,1.06,1.06,1.06
CL-PFU,v3.0b1,current,World,Fuel oil,Total energy supply; Total final consumption; Transport; World aviation bunkers,1.06,1.06,1.06,1.06,1.06,1.06,1.06,1.06,1.06,1.06,1.06,1.06,1.06,1.06,1.06,1.06,1.06,1.06,1.06,1.06,1.06,1.06,1.06,1.06,1.06,1.06
CL-PFU,v3.0b1,current,World,Fuel oil,Total energy supply; Total final consumption; Transport; Domestic aviation,1.06,1.06,1.06,1.06,1.06,1.06,1.06,1.06,1.06,1.06,1.06,1.06,1.06,1.06,1.06,1.06,1.06,1.06,1.06,1.06,1.06,1.06,1.06,1.06,1.06,1.06
CL-PFU,v3.0b1,current,World,Fuel oil,Total energy supply; Total final consumption; Transport; Road,1.06,1.06,1.06,1.06,1.06,1.06,1.06,1.06,1.06,1.06,1.06,1.06,1.06,1.06,1.06,1.06,1.06,1.06,1.06,1.06,1.06,1.06,1.06,1.06,1.06,1.06
CL-PFU,v3.0b1,current,World,Fuel oil,Total energy supply; Total final consumption; Transport; Rail,1.06,1.06,1.06,1.06,1.06,1.06,1.06,1.06,1.06,1.06,1.06,1.06,1.06,1.06,1.06,1.06,1.06,1.06,1.06,1.06,1.06,1.06,1.06,1.06,1.06,1.06
CL-PFU,v3.0b1,current,World,Fuel oil,Total energy supply; Total final consumption; Transport; Pipeline transport,1.06,1.06,1.06,1.06,1.06,1.06,1.06,1.06,1.06,1.06,1.06,1.06,1.06,1.06,1.06,1.06,1.06,1.06,1.06,1.06,1.06,1.06,1.06,1.06,1.06,1.06
CL-PFU,v3.0b1,current,World,Fuel oil,Total energy supply; Total final consumption; Transport; World marine bunkers,1.06,1.06,1.06,1.06,1.06,1.06,1.06,1.06,1.06,1.06,1.06,1.06,1.06,1.06,1.06,1.06,1.06,1.06,1.06,1.06,1.06,1.06,1.06,1.06,1.06,1.06
CL-PFU,v3.0b1,current,World,Fuel oil,Total energy supply; Total final consumption; Transport; Domestic navigation,1.06,1.06,1.06,1.06,1.06,1.06,1.06,1.06,1.06,1.06,1.06,1.06,1.06,1.06,1.06,1.06,1.06,1.06,1.06,1.06,1.06,1.06,1.06,1.06,1.06,1.06
CL-PFU,v3.0b1,current,World,Fuel oil,Total energy supply; Total final consumption; Transport; Transport not elsewhere specified,1.06,1.06,1.06,1.06,1.06,1.06,1.06,1.06,1.06,1.06,1.06,1.06,1.06,1.06,1.06,1.06,1.06,1.06,1.06,1.06,1.06,1.06,1.06,1.06,1.06,1.06
CL-PFU,v3.0b1,current,World,Fuel oil,Total energy supply; Total final consumption; Residential,1.06,1.06,1.06,1.06,1.06,1.06,1.06,1.06,1.06,1.06,1.06,1.06,1.06,1.06,1.06,1.06,1.06,1.06,1.06,1.06,1.06,1.06,1.06,1.06,1.06,1.06
CL-PFU,v3.0b1,current,World,Fuel oil,Total energy supply; Total final consumption; Commercial and public services,1.06,1.06,1.06,1.06,1.06,1.06,1.06,1.06,1.06,1.06,1.06,1.06,1.06,1.06,1.06,1.06,1.06,1.06,1.06,1.06,1.06,1.06,1.06,1.06,1.06,1.06
CL-PFU,v3.0b1,current,World,Fuel oil,Total energy supply; Total final consumption; Agriculture/forestry,1.06,1.06,1.06,1.06,1.06,1.06,1.06,1.06,1.06,1.06,1.06,1.06,1.06,1.06,1.06,1.06,1.06,1.06,1.06,1.06,1.06,1.06,1.06,1.06,1.06,1.06
CL-PFU,v3.0b1,current,World,Fuel oil,Total energy supply; Total final consumption; Fishing,1.06,1.06,1.06,1.06,1.06,1.06,1.06,1.06,1.06,1.06,1.06,1.06,1.06,1.06,1.06,1.06,1.06,1.06,1.06,1.06,1.06,1.06,1.06,1.06,1.06,1.06
CL-PFU,v3.0b1,current,World,Fuel oil,Total energy supply; Total final consumption; Final consumption not elsewhere specified,1.06,1.06,1.06,1.06,1.06,1.06,1.06,1.06,1.06,1.06,1.06,1.06,1.06,1.06,1.06,1.06,1.06,1.06,1.06,1.06,1.06,1.06,1.06,1.06,1.06,1.06
CL-PFU,v3.0b1,current,World,Fuel oil,Total energy supply; Total final consumption; Non-energy use; Non-energy use industry/transformation/energy,1.06,1.06,1.06,1.06,1.06,1.06,1.06,1.06,1.06,1.06,1.06,1.06,1.06,1.06,1.06,1.06,1.06,1.06,1.06,1.06,1.06,1.06,1.06,1.06,1.06,1.06
CL-PFU,v3.0b1,current,World,Fuel oil,Total energy supply; Total final consumption; Non-energy use; Non-energy use in transport,1.06,1.06,1.06,1.06,1.06,1.06,1.06,1.06,1.06,1.06,1.06,1.06,1.06,1.06,1.06,1.06,1.06,1.06,1.06,1.06,1.06,1.06,1.06,1.06,1.06,1.06
CL-PFU,v3.0b1,current,World,Fuel oil,Total energy supply; Total final consumption; Non-energy use; Non-energy use in other,1.06,1.06,1.06,1.06,1.06,1.06,1.06,1.06,1.06,1.06,1.06,1.06,1.06,1.06,1.06,1.06,1.06,1.06,1.06,1.06,1.06,1.06,1.06,1.06,1.06,1.06
CL-PFU,v3.0b1,current,World,Gas coke,Total energy supply; Energy industry own use; Coal mines,1.05,1.05,1.05,1.05,1.05,1.05,1.05,1.05,1.05,1.05,1.05,1.05,1.05,1.05,1.05,1.05,1.05,1.05,1.05,1.05,1.05,1.05,1.05,1.05,1.05,1.05
CL-PFU,v3.0b1,current,World,Gas coke,Total energy supply; Energy industry own use; Oil and gas extraction,1.05,1.05,1.05,1.05,1.05,1.05,1.05,1.05,1.05,1.05,1.05,1.05,1.05,1.05,1.05,1.05,1.05,1.05,1.05,1.05,1.05,1.05,1.05,1.05,1.05,1.05
CL-PFU,v3.0b1,current,World,Gas coke,Total energy supply; Energy industry own use; Blast furnaces,1.05,1.05,1.05,1.05,1.05,1.05,1.05,1.05,1.05,1.05,1.05,1.05,1.05,1.05,1.05,1.05,1.05,1.05,1.05,1.05,1.05,1.05,1.05,1.05,1.05,1.05
CL-PFU,v3.0b1,current,World,Gas coke,Total energy supply; Energy industry own use; Gas works,1.05,1.05,1.05,1.05,1.05,1.05,1.05,1.05,1.05,1.05,1.05,1.05,1.05,1.05,1.05,1.05,1.05,1.05,1.05,1.05,1.05,1.05,1.05,1.05,1.05,1.05
CL-PFU,v3.0b1,current,World,Gas coke,Total energy supply; Energy industry own use; Gasification plants for biogases,1.05,1.05,1.05,1.05,1.05,1.05,1.05,1.05,1.05,1.05,1.05,1.05,1.05,1.05,1.05,1.05,1.05,1.05,1.05,1.05,1.05,1.05,1.05,1.05,1.05,1.05
CL-PFU,v3.0b1,current,World,Gas coke,Total energy supply; Energy industry own use; Coke ovens,1.05,1.05,1.05,1.05,1.05,1.05,1.05,1.05,1.05,1.05,1.05,1.05,1.05,1.05,1.05,1.05,1.05,1.05,1.05,1.05,1.05,1.05,1.05,1.05,1.05,1.05
CL-PFU,v3.0b1,current,World,Gas coke,Total energy supply; Energy industry own use; Patent fuel plants,1.05,1.05,1.05,1.05,1.05,1.05,1.05,1.05,1.05,1.05,1.05,1.05,1.05,1.05,1.05,1.05,1.05,1.05,1.05,1.05,1.05,1.05,1.05,1.05,1.05,1.05
CL-PFU,v3.0b1,current,World,Gas coke,Total energy supply; Energy industry own use; BKB/peat briquette plants,1.05,1.05,1.05,1.05,1.05,1.05,1.05,1.05,1.05,1.05,1.05,1.05,1.05,1.05,1.05,1.05,1.05,1.05,1.05,1.05,1.05,1.05,1.05,1.05,1.05,1.05
CL-PFU,v3.0b1,current,World,Gas coke,Total energy supply; Energy industry own use; Oil refineries,1.05,1.05,1.05,1.05,1.05,1.05,1.05,1.05,1.05,1.05,1.05,1.05,1.05,1.05,1.05,1.05,1.05,1.05,1.05,1.05,1.05,1.05,1.05,1.05,1.05,1.05
CL-PFU,v3.0b1,current,World,Gas coke,Total energy supply; Energy industry own use; Coal liquefaction plants,1.05,1.05,1.05,1.05,1.05,1.05,1.05,1.05,1.05,1.05,1.05,1.05,1.05,1.05,1.05,1.05,1.05,1.05,1.05,1.05,1.05,1.05,1.05,1.05,1.05,1.05
CL-PFU,v3.0b1,current,World,Gas coke,Total energy supply; Energy industry own use; Liquefaction (LNG) / regasification plants,1.05,1.05,1.05,1.05,1.05,1.05,1.05,1.05,1.05,1.05,1.05,1.05,1.05,1.05,1.05,1.05,1.05,1.05,1.05,1.05,1.05,1.05,1.05,1.05,1.05,1.05
CL-PFU,v3.0b1,current,World,Gas coke,Total energy supply; Energy industry own use; Gas-to-liquids (GTL) plants,1.05,1.05,1.05,1.05,1.05,1.05,1.05,1.05,1.05,1.05,1.05,1.05,1.05,1.05,1.05,1.05,1.05,1.05,1.05,1.05,1.05,1.05,1.05,1.05,1.05,1.05
CL-PFU,v3.0b1,current,World,Gas coke,"Total energy supply; Energy industry own use; Own use in electricity, CHP and heat plants",1.05,1.05,1.05,1.05,1.05,1.05,1.05,1.05,1.05,1.05,1.05,1.05,1.05,1.05,1.05,1.05,1.05,1.05,1.05,1.05,1.05,1.05,1.05,1.05,1.05,1.05
CL-PFU,v3.0b1,current,World,Gas coke,Total energy supply; Energy industry own use; Pumped storage plants,1.05,1.05,1.05,1.05,1.05,1.05,1.05,1.05,1.05,1.05,1.05,1.05,1.05,1.05,1.05,1.05,1.05,1.05,1.05,1.05,1.05,1.05,1.05,1.05,1.05,1.05
CL-PFU,v3.0b1,current,World,Gas coke,Total energy supply; Energy industry own use; Nuclear industry,1.05,1.05,1.05,1.05,1.05,1.05,1.05,1.05,1.05,1.05,1.05,1.05,1.05,1.05,1.05,1.05,1.05,1.05,1.05,1.05,1.05,1.05,1.05,1.05,1.05,1.05
CL-PFU,v3.0b1,current,World,Gas coke,Total energy supply; Energy industry own use; Charcoal production plants,1.05,1.05,1.05,1.05,1.05,1.05,1.05,1.05,1.05,1.05,1.05,1.05,1.05,1.05,1.05,1.05,1.05,1.05,1.05,1.05,1.05,1.05,1.05,1.05,1.05,1.05
CL-PFU,v3.0b1,current,World,Gas coke,Total energy supply; Energy industry own use; Non-specified (energy),1.05,1.05,1.05,1.05,1.05,1.05,1.05,1.05,1.05,1.05,1.05,1.05,1.05,1.05,1.05,1.05,1.05,1.05,1.05,1.05,1.05,1.05,1.05,1.05,1.05,1.05
CL-PFU,v3.0b1,current,World,Gas coke,Total energy supply; Losses,1.05,1.05,1.05,1.05,1.05,1.05,1.05,1.05,1.05,1.05,1.05,1.05,1.05,1.05,1.05,1.05,1.05,1.05,1.05,1.05,1.05,1.05,1.05,1.05,1.05,1.05
CL-PFU,v3.0b1,current,World,Gas coke,Total energy supply; Total final consumption; Industry; Mining and quarrying,1.05,1.05,1.05,1.05,1.05,1.05,1.05,1.05,1.05,1.05,1.05,1.05,1.05,1.05,1.05,1.05,1.05,1.05,1.05,1.05,1.05,1.05,1.05,1.05,1.05,1.05
CL-PFU,v3.0b1,current,World,Gas coke,Total energy supply; Total final consumption; Industry; Construction,1.05,1.05,1.05,1.05,1.05,1.05,1.05,1.05,1.05,1.05,1.05,1.05,1.05,1.05,1.05,1.05,1.05,1.05,1.05,1.05,1.05,1.05,1.05,1.05,1.05,1.05
CL-PFU,v3.0b1,current,World,Gas coke,Total energy supply; Total final consumption; Industry; Manufacturing; Iron and steel,1.05,1.05,1.05,1.05,1.05,1.05,1.05,1.05,1.05,1.05,1.05,1.05,1.05,1.05,1.05,1.05,1.05,1.05,1.05,1.05,1.05,1.05,1.05,1.05,1.05,1.05
CL-PFU,v3.0b1,current,World,Gas coke,Total energy supply; Total final consumption; Industry; Manufacturing; Chemical and petrochemical,1.05,1.05,1.05,1.05,1.05,1.05,1.05,1.05,1.05,1.05,1.05,1.05,1.05,1.05,1.05,1.05,1.05,1.05,1.05,1.05,1.05,1.05,1.05,1.05,1.05,1.05
CL-PFU,v3.0b1,current,World,Gas coke,Total energy supply; Total final consumption; Industry; Manufacturing; Non-ferrous metals,1.05,1.05,1.05,1.05,1.05,1.05,1.05,1.05,1.05,1.05,1.05,1.05,1.05,1.05,1.05,1.05,1.05,1.05,1.05,1.05,1.05,1.05,1.05,1.05,1.05,1.05
CL-PFU,v3.0b1,current,World,Gas coke,Total energy supply; Total final consumption; Industry; Manufacturing; Non-metallic minerals,1.05,1.05,1.05,1.05,1.05,1.05,1.05,1.05,1.05,1.05,1.05,1.05,1.05,1.05,1.05,1.05,1.05,1.05,1.05,1.05,1.05,1.05,1.05,1.05,1.05,1.05
CL-PFU,v3.0b1,current,World,Gas coke,Total energy supply; Total final consumption; Industry; Manufacturing; Transport equipment,1.05,1.05,1.05,1.05,1.05,1.05,1.05,1.05,1.05,1.05,1.05,1.05,1.05,1.05,1.05,1.05,1.05,1.05,1.05,1.05,1.05,1.05,1.05,1.05,1.05,1.05
CL-PFU,v3.0b1,current,World,Gas coke,Total energy supply; Total final consumption; Industry; Manufacturing; Machinery,1.05,1.05,1.05,1.05,1.05,1.05,1.05,1.05,1.05,1.05,1.05,1.05,1.05,1.05,1.05,1.05,1.05,1.05,1.05,1.05,1.05,1.05,1.05,1.05,1.05,1.05
CL-PFU,v3.0b1,current,World,Gas coke,Total energy supply; Total final consumption; Industry; Manufacturing; Food and tobacco,1.05,1.05,1.05,1.05,1.05,1.05,1.05,1.05,1.05,1.05,1.05,1.05,1.05,1.05,1.05,1.05,1.05,1.05,1.05,1.05,1.05,1.05,1.05,1.05,1.05,1.05
CL-PFU,v3.0b1,current,World,Gas coke,"Total energy supply; Total final consumption; Industry; Manufacturing; Paper, pulp and printing",1.05,1.05,1.05,1.05,1.05,1.05,1.05,1.05,1.05,1.05,1.05,1.05,1.05,1.05,1.05,1.05,1.05,1.05,1.05,1.05,1.05,1.05,1.05,1.05,1.05,1.05
CL-PFU,v3.0b1,current,World,Gas coke,Total energy supply; Total final consumption; Industry; Manufacturing; Wood and wood products,1.05,1.05,1.05,1.05,1.05,1.05,1.05,1.05,1.05,1.05,1.05,1.05,1.05,1.05,1.05,1.05,1.05,1.05,1.05,1.05,1.05,1.05,1.05,1.05,1.05,1.05
CL-PFU,v3.0b1,current,World,Gas coke,Total energy supply; Total final consumption; Industry; Manufacturing; Textile and leather,1.05,1.05,1.05,1.05,1.05,1.05,1.05,1.05,1.05,1.05,1.05,1.05,1.05,1.05,1.05,1.05,1.05,1.05,1.05,1.05,1.05,1.05,1.05,1.05,1.05,1.05
CL-PFU,v3.0b1,current,World,Gas coke,Total energy supply; Total final consumption; Industry; Industry not elsewhere specified,1.05,1.05,1.05,1.05,1.05,1.05,1.05,1.05,1.05,1.05,1.05,1.05,1.05,1.05,1.05,1.05,1.05,1.05,1.05,1.05,1.05,1.05,1.05,1.05,1.05,1.05
CL-PFU,v3.0b1,current,World,Gas coke,Total energy supply; Total final consumption; Transport; World aviation bunkers,1.05,1.05,1.05,1.05,1.05,1.05,1.05,1.05,1.05,1.05,1.05,1.05,1.05,1.05,1.05,1.05,1.05,1.05,1.05,1.05,1.05,1.05,1.05,1.05,1.05,1.05
CL-PFU,v3.0b1,current,World,Gas coke,Total energy supply; Total final consumption; Transport; Domestic aviation,1.05,1.05,1.05,1.05,1.05,1.05,1.05,1.05,1.05,1.05,1.05,1.05,1.05,1.05,1.05,1.05,1.05,1.05,1.05,1.05,1.05,1.05,1.05,1.05,1.05,1.05
CL-PFU,v3.0b1,current,World,Gas coke,Total energy supply; Total final consumption; Transport; Road,1.05,1.05,1.05,1.05,1.05,1.05,1.05,1.05,1.05,1.05,1.05,1.05,1.05,1.05,1.05,1.05,1.05,1.05,1.05,1.05,1.05,1.05,1.05,1.05,1.05,1.05
CL-PFU,v3.0b1,current,World,Gas coke,Total energy supply; Total final consumption; Transport; Rail,1.05,1.05,1.05,1.05,1.05,1.05,1.05,1.05,1.05,1.05,1.05,1.05,1.05,1.05,1.05,1.05,1.05,1.05,1.05,1.05,1.05,1.05,1.05,1.05,1.05,1.05
CL-PFU,v3.0b1,current,World,Gas coke,Total energy supply; Total final consumption; Transport; Pipeline transport,1.05,1.05,1.05,1.05,1.05,1.05,1.05,1.05,1.05,1.05,1.05,1.05,1.05,1.05,1.05,1.05,1.05,1.05,1.05,1.05,1.05,1.05,1.05,1.05,1.05,1.05
CL-PFU,v3.0b1,current,World,Gas coke,Total energy supply; Total final consumption; Transport; World marine bunkers,1.05,1.05,1.05,1.05,1.05,1.05,1.05,1.05,1.05,1.05,1.05,1.05,1.05,1.05,1.05,1.05,1.05,1.05,1.05,1.05,1.05,1.05,1.05,1.05,1.05,1.05
CL-PFU,v3.0b1,current,World,Gas coke,Total energy supply; Total final consumption; Transport; Domestic navigation,1.05,1.05,1.05,1.05,1.05,1.05,1.05,1.05,1.05,1.05,1.05,1.05,1.05,1.05,1.05,1.05,1.05,1.05,1.05,1.05,1.05,1.05,1.05,1.05,1.05,1.05
CL-PFU,v3.0b1,current,World,Gas coke,Total energy supply; Total final consumption; Transport; Transport not elsewhere specified,1.05,1.05,1.05,1.05,1.05,1.05,1.05,1.05,1.05,1.05,1.05,1.05,1.05,1.05,1.05,1.05,1.05,1.05,1.05,1.05,1.05,1.05,1.05,1.05,1.05,1.05
CL-PFU,v3.0b1,current,World,Gas coke,Total energy supply; Total final consumption; Residential,1.05,1.05,1.05,1.05,1.05,1.05,1.05,1.05,1.05,1.05,1.05,1.05,1.05,1.05,1.05,1.05,1.05,1.05,1.05,1.05,1.05,1.05,1.05,1.05,1.05,1.05
CL-PFU,v3.0b1,current,World,Gas coke,Total energy supply; Total final consumption; Commercial and public services,1.05,1.05,1.05,1.05,1.05,1.05,1.05,1.05,1.05,1.05,1.05,1.05,1.05,1.05,1.05,1.05,1.05,1.05,1.05,1.05,1.05,1.05,1.05,1.05,1.05,1.05
CL-PFU,v3.0b1,current,World,Gas coke,Total energy supply; Total final consumption; Agriculture/forestry,1.05,1.05,1.05,1.05,1.05,1.05,1.05,1.05,1.05,1.05,1.05,1.05,1.05,1.05,1.05,1.05,1.05,1.05,1.05,1.05,1.05,1.05,1.05,1.05,1.05,1.05
CL-PFU,v3.0b1,current,World,Gas coke,Total energy supply; Total final consumption; Fishing,1.05,1.05,1.05,1.05,1.05,1.05,1.05,1.05,1.05,1.05,1.05,1.05,1.05,1.05,1.05,1.05,1.05,1.05,1.05,1.05,1.05,1.05,1.05,1.05,1.05,1.05
CL-PFU,v3.0b1,current,World,Gas coke,Total energy supply; Total final consumption; Final consumption not elsewhere specified,1.05,1.05,1.05,1.05,1.05,1.05,1.05,1.05,1.05,1.05,1.05,1.05,1.05,1.05,1.05,1.05,1.05,1.05,1.05,1.05,1.05,1.05,1.05,1.05,1.05,1.05
CL-PFU,v3.0b1,current,World,Gas coke,Total energy supply; Total final consumption; Non-energy use; Non-energy use industry/transformation/energy,1.05,1.05,1.05,1.05,1.05,1.05,1.05,1.05,1.05,1.05,1.05,1.05,1.05,1.05,1.05,1.05,1.05,1.05,1.05,1.05,1.05,1.05,1.05,1.05,1.05,1.05
CL-PFU,v3.0b1,current,World,Gas coke,Total energy supply; Total final consumption; Non-energy use; Non-energy use in transport,1.05,1.05,1.05,1.05,1.05,1.05,1.05,1.05,1.05,1.05,1.05,1.05,1.05,1.05,1.05,1.05,1.05,1.05,1.05,1.05,1.05,1.05,1.05,1.05,1.05,1.05
CL-PFU,v3.0b1,current,World,Gas coke,Total energy supply; Total final consumption; Non-energy use; Non-energy use in other,1.05,1.05,1.05,1.05,1.05,1.05,1.05,1.05,1.05,1.05,1.05,1.05,1.05,1.05,1.05,1.05,1.05,1.05,1.05,1.05,1.05,1.05,1.05,1.05,1.05,1.05
CL-PFU,v3.0b1,current,World,Gas works gas,Total energy supply; Energy industry own use; Coal mines,1.04,1.04,1.04,1.04,1.04,1.04,1.04,1.04,1.04,1.04,1.04,1.04,1.04,1.04,1.04,1.04,1.04,1.04,1.04,1.04,1.04,1.04,1.04,1.04,1.04,1.04
CL-PFU,v3.0b1,current,World,Gas works gas,Total energy supply; Energy industry own use; Oil and gas extraction,1.04,1.04,1.04,1.04,1.04,1.04,1.04,1.04,1.04,1.04,1.04,1.04,1.04,1.04,1.04,1.04,1.04,1.04,1.04,1.04,1.04,1.04,1.04,1.04,1.04,1.04
CL-PFU,v3.0b1,current,World,Gas works gas,Total energy supply; Energy industry own use; Blast furnaces,1.04,1.04,1.04,1.04,1.04,1.04,1.04,1.04,1.04,1.04,1.04,1.04,1.04,1.04,1.04,1.04,1.04,1.04,1.04,1.04,1.04,1.04,1.04,1.04,1.04,1.04
CL-PFU,v3.0b1,current,World,Gas works gas,Total energy supply; Energy industry own use; Gas works,1.04,1.04,1.04,1.04,1.04,1.04,1.04,1.04,1.04,1.04,1.04,1.04,1.04,1.04,1.04,1.04,1.04,1.04,1.04,1.04,1.04,1.04,1.04,1.04,1.04,1.04
CL-PFU,v3.0b1,current,World,Gas works gas,Total energy supply; Energy industry own use; Gasification plants for biogases,1.04,1.04,1.04,1.04,1.04,1.04,1.04,1.04,1.04,1.04,1.04,1.04,1.04,1.04,1.04,1.04,1.04,1.04,1.04,1.04,1.04,1.04,1.04,1.04,1.04,1.04
CL-PFU,v3.0b1,current,World,Gas works gas,Total energy supply; Energy industry own use; Coke ovens,1.04,1.04,1.04,1.04,1.04,1.04,1.04,1.04,1.04,1.04,1.04,1.04,1.04,1.04,1.04,1.04,1.04,1.04,1.04,1.04,1.04,1.04,1.04,1.04,1.04,1.04
CL-PFU,v3.0b1,current,World,Gas works gas,Total energy supply; Energy industry own use; Patent fuel plants,1.04,1.04,1.04,1.04,1.04,1.04,1.04,1.04,1.04,1.04,1.04,1.04,1.04,1.04,1.04,1.04,1.04,1.04,1.04,1.04,1.04,1.04,1.04,1.04,1.04,1.04
CL-PFU,v3.0b1,current,World,Gas works gas,Total energy supply; Energy industry own use; BKB/peat briquette plants,1.04,1.04,1.04,1.04,1.04,1.04,1.04,1.04,1.04,1.04,1.04,1.04,1.04,1.04,1.04,1.04,1.04,1.04,1.04,1.04,1.04,1.04,1.04,1.04,1.04,1.04
CL-PFU,v3.0b1,current,World,Gas works gas,Total energy supply; Energy industry own use; Oil refineries,1.04,1.04,1.04,1.04,1.04,1.04,1.04,1.04,1.04,1.04,1.04,1.04,1.04,1.04,1.04,1.04,1.04,1.04,1.04,1.04,1.04,1.04,1.04,1.04,1.04,1.04
CL-PFU,v3.0b1,current,World,Gas works gas,Total energy supply; Energy industry own use; Coal liquefaction plants,1.04,1.04,1.04,1.04,1.04,1.04,1.04,1.04,1.04,1.04,1.04,1.04,1.04,1.04,1.04,1.04,1.04,1.04,1.04,1.04,1.04,1.04,1.04,1.04,1.04,1.04
CL-PFU,v3.0b1,current,World,Gas works gas,Total energy supply; Energy industry own use; Liquefaction (LNG) / regasification plants,1.04,1.04,1.04,1.04,1.04,1.04,1.04,1.04,1.04,1.04,1.04,1.04,1.04,1.04,1.04,1.04,1.04,1.04,1.04,1.04,1.04,1.04,1.04,1.04,1.04,1.04
CL-PFU,v3.0b1,current,World,Gas works gas,Total energy supply; Energy industry own use; Gas-to-liquids (GTL) plants,1.04,1.04,1.04,1.04,1.04,1.04,1.04,1.04,1.04,1.04,1.04,1.04,1.04,1.04,1.04,1.04,1.04,1.04,1.04,1.04,1.04,1.04,1.04,1.04,1.04,1.04
CL-PFU,v3.0b1,current,World,Gas works gas,"Total energy supply; Energy industry own use; Own use in electricity, CHP and heat plants",1.04,1.04,1.04,1.04,1.04,1.04,1.04,1.04,1.04,1.04,1.04,1.04,1.04,1.04,1.04,1.04,1.04,1.04,1.04,1.04,1.04,1.04,1.04,1.04,1.04,1.04
CL-PFU,v3.0b1,current,World,Gas works gas,Total energy supply; Energy industry own use; Pumped storage plants,1.04,1.04,1.04,1.04,1.04,1.04,1.04,1.04,1.04,1.04,1.04,1.04,1.04,1.04,1.04,1.04,1.04,1.04,1.04,1.04,1.04,1.04,1.04,1.04,1.04,1.04
CL-PFU,v3.0b1,current,World,Gas works gas,Total energy supply; Energy industry own use; Nuclear industry,1.04,1.04,1.04,1.04,1.04,1.04,1.04,1.04,1.04,1.04,1.04,1.04,1.04,1.04,1.04,1.04,1.04,1.04,1.04,1.04,1.04,1.04,1.04,1.04,1.04,1.04
CL-PFU,v3.0b1,current,World,Gas works gas,Total energy supply; Energy industry own use; Charcoal production plants,1.04,1.04,1.04,1.04,1.04,1.04,1.04,1.04,1.04,1.04,1.04,1.04,1.04,1.04,1.04,1.04,1.04,1.04,1.04,1.04,1.04,1.04,1.04,1.04,1.04,1.04
CL-PFU,v3.0b1,current,World,Gas works gas,Total energy supply; Energy industry own use; Non-specified (energy),1.04,1.04,1.04,1.04,1.04,1.04,1.04,1.04,1.04,1.04,1.04,1.04,1.04,1.04,1.04,1.04,1.04,1.04,1.04,1.04,1.04,1.04,1.04,1.04,1.04,1.04
CL-PFU,v3.0b1,current,World,Gas works gas,Total energy supply; Losses,1.04,1.04,1.04,1.04,1.04,1.04,1.04,1.04,1.04,1.04,1.04,1.04,1.04,1.04,1.04,1.04,1.04,1.04,1.04,1.04,1.04,1.04,1.04,1.04,1.04,1.04
CL-PFU,v3.0b1,current,World,Gas works gas,Total energy supply; Total final consumption; Industry; Mining and quarrying,1.04,1.04,1.04,1.04,1.04,1.04,1.04,1.04,1.04,1.04,1.04,1.04,1.04,1.04,1.04,1.04,1.04,1.04,1.04,1.04,1.04,1.04,1.04,1.04,1.04,1.04
CL-PFU,v3.0b1,current,World,Gas works gas,Total energy supply; Total final consumption; Industry; Construction,1.04,1.04,1.04,1.04,1.04,1.04,1.04,1.04,1.04,1.04,1.04,1.04,1.04,1.04,1.04,1.04,1.04,1.04,1.04,1.04,1.04,1.04,1.04,1.04,1.04,1.04
CL-PFU,v3.0b1,current,World,Gas works gas,Total energy supply; Total final consumption; Industry; Manufacturing; Iron and steel,1.04,1.04,1.04,1.04,1.04,1.04,1.04,1.04,1.04,1.04,1.04,1.04,1.04,1.04,1.04,1.04,1.04,1.04,1.04,1.04,1.04,1.04,1.04,1.04,1.04,1.04
CL-PFU,v3.0b1,current,World,Gas works gas,Total energy supply; Total final consumption; Industry; Manufacturing; Chemical and petrochemical,1.04,1.04,1.04,1.04,1.04,1.04,1.04,1.04,1.04,1.04,1.04,1.04,1.04,1.04,1.04,1.04,1.04,1.04,1.04,1.04,1.04,1.04,1.04,1.04,1.04,1.04
CL-PFU,v3.0b1,current,World,Gas works gas,Total energy supply; Total final consumption; Industry; Manufacturing; Non-ferrous metals,1.04,1.04,1.04,1.04,1.04,1.04,1.04,1.04,1.04,1.04,1.04,1.04,1.04,1.04,1.04,1.04,1.04,1.04,1.04,1.04,1.04,1.04,1.04,1.04,1.04,1.04
CL-PFU,v3.0b1,current,World,Gas works gas,Total energy supply; Total final consumption; Industry; Manufacturing; Non-metallic minerals,1.04,1.04,1.04,1.04,1.04,1.04,1.04,1.04,1.04,1.04,1.04,1.04,1.04,1.04,1.04,1.04,1.04,1.04,1.04,1.04,1.04,1.04,1.04,1.04,1.04,1.04
CL-PFU,v3.0b1,current,World,Gas works gas,Total energy supply; Total final consumption; Industry; Manufacturing; Transport equipment,1.04,1.04,1.04,1.04,1.04,1.04,1.04,1.04,1.04,1.04,1.04,1.04,1.04,1.04,1.04,1.04,1.04,1.04,1.04,1.04,1.04,1.04,1.04,1.04,1.04,1.04
CL-PFU,v3.0b1,current,World,Gas works gas,Total energy supply; Total final consumption; Industry; Manufacturing; Machinery,1.04,1.04,1.04,1.04,1.04,1.04,1.04,1.04,1.04,1.04,1.04,1.04,1.04,1.04,1.04,1.04,1.04,1.04,1.04,1.04,1.04,1.04,1.04,1.04,1.04,1.04
CL-PFU,v3.0b1,current,World,Gas works gas,Total energy supply; Total final consumption; Industry; Manufacturing; Food and tobacco,1.04,1.04,1.04,1.04,1.04,1.04,1.04,1.04,1.04,1.04,1.04,1.04,1.04,1.04,1.04,1.04,1.04,1.04,1.04,1.04,1.04,1.04,1.04,1.04,1.04,1.04
CL-PFU,v3.0b1,current,World,Gas works gas,"Total energy supply; Total final consumption; Industry; Manufacturing; Paper, pulp and printing",1.04,1.04,1.04,1.04,1.04,1.04,1.04,1.04,1.04,1.04,1.04,1.04,1.04,1.04,1.04,1.04,1.04,1.04,1.04,1.04,1.04,1.04,1.04,1.04,1.04,1.04
CL-PFU,v3.0b1,current,World,Gas works gas,Total energy supply; Total final consumption; Industry; Manufacturing; Wood and wood products,1.04,1.04,1.04,1.04,1.04,1.04,1.04,1.04,1.04,1.04,1.04,1.04,1.04,1.04,1.04,1.04,1.04,1.04,1.04,1.04,1.04,1.04,1.04,1.04,1.04,1.04
CL-PFU,v3.0b1,current,World,Gas works gas,Total energy supply; Total final consumption; Industry; Manufacturing; Textile and leather,1.04,1.04,1.04,1.04,1.04,1.04,1.04,1.04,1.04,1.04,1.04,1.04,1.04,1.04,1.04,1.04,1.04,1.04,1.04,1.04,1.04,1.04,1.04,1.04,1.04,1.04
CL-PFU,v3.0b1,current,World,Gas works gas,Total energy supply; Total final consumption; Industry; Industry not elsewhere specified,1.04,1.04,1.04,1.04,1.04,1.04,1.04,1.04,1.04,1.04,1.04,1.04,1.04,1.04,1.04,1.04,1.04,1.04,1.04,1.04,1.04,1.04,1.04,1.04,1.04,1.04
CL-PFU,v3.0b1,current,World,Gas works gas,Total energy supply; Total final consumption; Transport; World aviation bunkers,1.04,1.04,1.04,1.04,1.04,1.04,1.04,1.04,1.04,1.04,1.04,1.04,1.04,1.04,1.04,1.04,1.04,1.04,1.04,1.04,1.04,1.04,1.04,1.04,1.04,1.04
CL-PFU,v3.0b1,current,World,Gas works gas,Total energy supply; Total final consumption; Transport; Domestic aviation,1.04,1.04,1.04,1.04,1.04,1.04,1.04,1.04,1.04,1.04,1.04,1.04,1.04,1.04,1.04,1.04,1.04,1.04,1.04,1.04,1.04,1.04,1.04,1.04,1.04,1.04
CL-PFU,v3.0b1,current,World,Gas works gas,Total energy supply; Total final consumption; Transport; Road,1.04,1.04,1.04,1.04,1.04,1.04,1.04,1.04,1.04,1.04,1.04,1.04,1.04,1.04,1.04,1.04,1.04,1.04,1.04,1.04,1.04,1.04,1.04,1.04,1.04,1.04
CL-PFU,v3.0b1,current,World,Gas works gas,Total energy supply; Total final consumption; Transport; Rail,1.04,1.04,1.04,1.04,1.04,1.04,1.04,1.04,1.04,1.04,1.04,1.04,1.04,1.04,1.04,1.04,1.04,1.04,1.04,1.04,1.04,1.04,1.04,1.04,1.04,1.04
CL-PFU,v3.0b1,current,World,Gas works gas,Total energy supply; Total final consumption; Transport; Pipeline transport,1.04,1.04,1.04,1.04,1.04,1.04,1.04,1.04,1.04,1.04,1.04,1.04,1.04,1.04,1.04,1.04,1.04,1.04,1.04,1.04,1.04,1.04,1.04,1.04,1.04,1.04
CL-PFU,v3.0b1,current,World,Gas works gas,Total energy supply; Total final consumption; Transport; World marine bunkers,1.04,1.04,1.04,1.04,1.04,1.04,1.04,1.04,1.04,1.04,1.04,1.04,1.04,1.04,1.04,1.04,1.04,1.04,1.04,1.04,1.04,1.04,1.04,1.04,1.04,1.04
CL-PFU,v3.0b1,current,World,Gas works gas,Total energy supply; Total final consumption; Transport; Domestic navigation,1.04,1.04,1.04,1.04,1.04,1.04,1.04,1.04,1.04,1.04,1.04,1.04,1.04,1.04,1.04,1.04,1.04,1.04,1.04,1.04,1.04,1.04,1.04,1.04,1.04,1.04
CL-PFU,v3.0b1,current,World,Gas works gas,Total energy supply; Total final consumption; Transport; Transport not elsewhere specified,1.04,1.04,1.04,1.04,1.04,1.04,1.04,1.04,1.04,1.04,1.04,1.04,1.04,1.04,1.04,1.04,1.04,1.04,1.04,1.04,1.04,1.04,1.04,1.04,1.04,1.04
CL-PFU,v3.0b1,current,World,Gas works gas,Total energy supply; Total final consumption; Residential,1.04,1.04,1.04,1.04,1.04,1.04,1.04,1.04,1.04,1.04,1.04,1.04,1.04,1.04,1.04,1.04,1.04,1.04,1.04,1.04,1.04,1.04,1.04,1.04,1.04,1.04
CL-PFU,v3.0b1,current,World,Gas works gas,Total energy supply; Total final consumption; Commercial and public services,1.04,1.04,1.04,1.04,1.04,1.04,1.04,1.04,1.04,1.04,1.04,1.04,1.04,1.04,1.04,1.04,1.04,1.04,1.04,1.04,1.04,1.04,1.04,1.04,1.04,1.04
CL-PFU,v3.0b1,current,World,Gas works gas,Total energy supply; Total final consumption; Agriculture/forestry,1.04,1.04,1.04,1.04,1.04,1.04,1.04,1.04,1.04,1.04,1.04,1.04,1.04,1.04,1.04,1.04,1.04,1.04,1.04,1.04,1.04,1.04,1.04,1.04,1.04,1.04
CL-PFU,v3.0b1,current,World,Gas works gas,Total energy supply; Total final consumption; Fishing,1.04,1.04,1.04,1.04,1.04,1.04,1.04,1.04,1.04,1.04,1.04,1.04,1.04,1.04,1.04,1.04,1.04,1.04,1.04,1.04,1.04,1.04,1.04,1.04,1.04,1.04
CL-PFU,v3.0b1,current,World,Gas works gas,Total energy supply; Total final consumption; Final consumption not elsewhere specified,1.04,1.04,1.04,1.04,1.04,1.04,1.04,1.04,1.04,1.04,1.04,1.04,1.04,1.04,1.04,1.04,1.04,1.04,1.04,1.04,1.04,1.04,1.04,1.04,1.04,1.04
CL-PFU,v3.0b1,current,World,Gas works gas,Total energy supply; Total final consumption; Non-energy use; Non-energy use industry/transformation/energy,1.04,1.04,1.04,1.04,1.04,1.04,1.04,1.04,1.04,1.04,1.04,1.04,1.04,1.04,1.04,1.04,1.04,1.04,1.04,1.04,1.04,1.04,1.04,1.04,1.04,1.04
CL-PFU,v3.0b1,current,World,Gas works gas,Total energy supply; Total final consumption; Non-energy use; Non-energy use in transport,1.04,1.04,1.04,1.04,1.04,1.04,1.04,1.04,1.04,1.04,1.04,1.04,1.04,1.04,1.04,1.04,1.04,1.04,1.04,1.04,1.04,1.04,1.04,1.04,1.04,1.04
CL-PFU,v3.0b1,current,World,Gas works gas,Total energy supply; Total final consumption; Non-energy use; Non-energy use in other,1.04,1.04,1.04,1.04,1.04,1.04,1.04,1.04,1.04,1.04,1.04,1.04,1.04,1.04,1.04,1.04,1.04,1.04,1.04,1.04,1.04,1.04,1.04,1.04,1.04,1.04
CL-PFU,v3.0b1,current,World,Gas/diesel oil excl. biofuels,Total energy supply; Energy industry own use; Coal mines,1.06,1.06,1.06,1.06,1.06,1.06,1.06,1.06,1.06,1.06,1.06,1.06,1.06,1.06,1.06,1.06,1.06,1.06,1.06,1.06,1.06,1.06,1.06,1.06,1.06,1.06
CL-PFU,v3.0b1,current,World,Gas/diesel oil excl. biofuels,Total energy supply; Energy industry own use; Oil and gas extraction,1.06,1.06,1.06,1.06,1.06,1.06,1.06,1.06,1.06,1.06,1.06,1.06,1.06,1.06,1.06,1.06,1.06,1.06,1.06,1.06,1.06,1.06,1.06,1.06,1.06,1.06
CL-PFU,v3.0b1,current,World,Gas/diesel oil excl. biofuels,Total energy supply; Energy industry own use; Blast furnaces,1.06,1.06,1.06,1.06,1.06,1.06,1.06,1.06,1.06,1.06,1.06,1.06,1.06,1.06,1.06,1.06,1.06,1.06,1.06,1.06,1.06,1.06,1.06,1.06,1.06,1.06
CL-PFU,v3.0b1,current,World,Gas/diesel oil excl. biofuels,Total energy supply; Energy industry own use; Gas works,1.06,1.06,1.06,1.06,1.06,1.06,1.06,1.06,1.06,1.06,1.06,1.06,1.06,1.06,1.06,1.06,1.06,1.06,1.06,1.06,1.06,1.06,1.06,1.06,1.06,1.06
CL-PFU,v3.0b1,current,World,Gas/diesel oil excl. biofuels,Total energy supply; Energy industry own use; Gasification plants for biogases,1.06,1.06,1.06,1.06,1.06,1.06,1.06,1.06,1.06,1.06,1.06,1.06,1.06,1.06,1.06,1.06,1.06,1.06,1.06,1.06,1.06,1.06,1.06,1.06,1.06,1.06
CL-PFU,v3.0b1,current,World,Gas/diesel oil excl. biofuels,Total energy supply; Energy industry own use; Coke ovens,1.06,1.06,1.06,1.06,1.06,1.06,1.06,1.06,1.06,1.06,1.06,1.06,1.06,1.06,1.06,1.06,1.06,1.06,1.06,1.06,1.06,1.06,1.06,1.06,1.06,1.06
CL-PFU,v3.0b1,current,World,Gas/diesel oil excl. biofuels,Total energy supply; Energy industry own use; Patent fuel plants,1.06,1.06,1.06,1.06,1.06,1.06,1.06,1.06,1.06,1.06,1.06,1.06,1.06,1.06,1.06,1.06,1.06,1.06,1.06,1.06,1.06,1.06,1.06,1.06,1.06,1.06
CL-PFU,v3.0b1,current,World,Gas/diesel oil excl. biofuels,Total energy supply; Energy industry own use; BKB/peat briquette plants,1.06,1.06,1.06,1.06,1.06,1.06,1.06,1.06,1.06,1.06,1.06,1.06,1.06,1.06,1.06,1.06,1.06,1.06,1.06,1.06,1.06,1.06,1.06,1.06,1.06,1.06
CL-PFU,v3.0b1,current,World,Gas/diesel oil excl. biofuels,Total energy supply; Energy industry own use; Oil refineries,1.06,1.06,1.06,1.06,1.06,1.06,1.06,1.06,1.06,1.06,1.06,1.06,1.06,1.06,1.06,1.06,1.06,1.06,1.06,1.06,1.06,1.06,1.06,1.06,1.06,1.06
CL-PFU,v3.0b1,current,World,Gas/diesel oil excl. biofuels,Total energy supply; Energy industry own use; Coal liquefaction plants,1.06,1.06,1.06,1.06,1.06,1.06,1.06,1.06,1.06,1.06,1.06,1.06,1.06,1.06,1.06,1.06,1.06,1.06,1.06,1.06,1.06,1.06,1.06,1.06,1.06,1.06
CL-PFU,v3.0b1,current,World,Gas/diesel oil excl. biofuels,Total energy supply; Energy industry own use; Liquefaction (LNG) / regasification plants,1.06,1.06,1.06,1.06,1.06,1.06,1.06,1.06,1.06,1.06,1.06,1.06,1.06,1.06,1.06,1.06,1.06,1.06,1.06,1.06,1.06,1.06,1.06,1.06,1.06,1.06
CL-PFU,v3.0b1,current,World,Gas/diesel oil excl. biofuels,Total energy supply; Energy industry own use; Gas-to-liquids (GTL) plants,1.06,1.06,1.06,1.06,1.06,1.06,1.06,1.06,1.06,1.06,1.06,1.06,1.06,1.06,1.06,1.06,1.06,1.06,1.06,1.06,1.06,1.06,1.06,1.06,1.06,1.06
CL-PFU,v3.0b1,current,World,Gas/diesel oil excl. biofuels,"Total energy supply; Energy industry own use; Own use in electricity, CHP and heat plants",1.06,1.06,1.06,1.06,1.06,1.06,1.06,1.06,1.06,1.06,1.06,1.06,1.06,1.06,1.06,1.06,1.06,1.06,1.06,1.06,1.06,1.06,1.06,1.06,1.06,1.06
CL-PFU,v3.0b1,current,World,Gas/diesel oil excl. biofuels,Total energy supply; Energy industry own use; Pumped storage plants,1.06,1.06,1.06,1.06,1.06,1.06,1.06,1.06,1.06,1.06,1.06,1.06,1.06,1.06,1.06,1.06,1.06,1.06,1.06,1.06,1.06,1.06,1.06,1.06,1.06,1.06
CL-PFU,v3.0b1,current,World,Gas/diesel oil excl. biofuels,Total energy supply; Energy industry own use; Nuclear industry,1.06,1.06,1.06,1.06,1.06,1.06,1.06,1.06,1.06,1.06,1.06,1.06,1.06,1.06,1.06,1.06,1.06,1.06,1.06,1.06,1.06,1.06,1.06,1.06,1.06,1.06
CL-PFU,v3.0b1,current,World,Gas/diesel oil excl. biofuels,Total energy supply; Energy industry own use; Charcoal production plants,1.06,1.06,1.06,1.06,1.06,1.06,1.06,1.06,1.06,1.06,1.06,1.06,1.06,1.06,1.06,1.06,1.06,1.06,1.06,1.06,1.06,1.06,1.06,1.06,1.06,1.06
CL-PFU,v3.0b1,current,World,Gas/diesel oil excl. biofuels,Total energy supply; Energy industry own use; Non-specified (energy),1.06,1.06,1.06,1.06,1.06,1.06,1.06,1.06,1.06,1.06,1.06,1.06,1.06,1.06,1.06,1.06,1.06,1.06,1.06,1.06,1.06,1.06,1.06,1.06,1.06,1.06
CL-PFU,v3.0b1,current,World,Gas/diesel oil excl. biofuels,Total energy supply; Losses,1.06,1.06,1.06,1.06,1.06,1.06,1.06,1.06,1.06,1.06,1.06,1.06,1.06,1.06,1.06,1.06,1.06,1.06,1.06,1.06,1.06,1.06,1.06,1.06,1.06,1.06
CL-PFU,v3.0b1,current,World,Gas/diesel oil excl. biofuels,Total energy supply; Total final consumption; Industry; Mining and quarrying,1.06,1.06,1.06,1.06,1.06,1.06,1.06,1.06,1.06,1.06,1.06,1.06,1.06,1.06,1.06,1.06,1.06,1.06,1.06,1.06,1.06,1.06,1.06,1.06,1.06,1.06
CL-PFU,v3.0b1,current,World,Gas/diesel oil excl. biofuels,Total energy supply; Total final consumption; Industry; Construction,1.06,1.06,1.06,1.06,1.06,1.06,1.06,1.06,1.06,1.06,1.06,1.06,1.06,1.06,1.06,1.06,1.06,1.06,1.06,1.06,1.06,1.06,1.06,1.06,1.06,1.06
CL-PFU,v3.0b1,current,World,Gas/diesel oil excl. biofuels,Total energy supply; Total final consumption; Industry; Manufacturing; Iron and steel,1.06,1.06,1.06,1.06,1.06,1.06,1.06,1.06,1.06,1.06,1.06,1.06,1.06,1.06,1.06,1.06,1.06,1.06,1.06,1.06,1.06,1.06,1.06,1.06,1.06,1.06
CL-PFU,v3.0b1,current,World,Gas/diesel oil excl. biofuels,Total energy supply; Total final consumption; Industry; Manufacturing; Chemical and petrochemical,1.06,1.06,1.06,1.06,1.06,1.06,1.06,1.06,1.06,1.06,1.06,1.06,1.06,1.06,1.06,1.06,1.06,1.06,1.06,1.06,1.06,1.06,1.06,1.06,1.06,1.06
CL-PFU,v3.0b1,current,World,Gas/diesel oil excl. biofuels,Total energy supply; Total final consumption; Industry; Manufacturing; Non-ferrous metals,1.06,1.06,1.06,1.06,1.06,1.06,1.06,1.06,1.06,1.06,1.06,1.06,1.06,1.06,1.06,1.06,1.06,1.06,1.06,1.06,1.06,1.06,1.06,1.06,1.06,1.06
CL-PFU,v3.0b1,current,World,Gas/diesel oil excl. biofuels,Total energy supply; Total final consumption; Industry; Manufacturing; Non-metallic minerals,1.06,1.06,1.06,1.06,1.06,1.06,1.06,1.06,1.06,1.06,1.06,1.06,1.06,1.06,1.06,1.06,1.06,1.06,1.06,1.06,1.06,1.06,1.06,1.06,1.06,1.06
CL-PFU,v3.0b1,current,World,Gas/diesel oil excl. biofuels,Total energy supply; Total final consumption; Industry; Manufacturing; Transport equipment,1.06,1.06,1.06,1.06,1.06,1.06,1.06,1.06,1.06,1.06,1.06,1.06,1.06,1.06,1.06,1.06,1.06,1.06,1.06,1.06,1.06,1.06,1.06,1.06,1.06,1.06
CL-PFU,v3.0b1,current,World,Gas/diesel oil excl. biofuels,Total energy supply; Total final consumption; Industry; Manufacturing; Machinery,1.06,1.06,1.06,1.06,1.06,1.06,1.06,1.06,1.06,1.06,1.06,1.06,1.06,1.06,1.06,1.06,1.06,1.06,1.06,1.06,1.06,1.06,1.06,1.06,1.06,1.06
CL-PFU,v3.0b1,current,World,Gas/diesel oil excl. biofuels,Total energy supply; Total final consumption; Industry; Manufacturing; Food and tobacco,1.06,1.06,1.06,1.06,1.06,1.06,1.06,1.06,1.06,1.06,1.06,1.06,1.06,1.06,1.06,1.06,1.06,1.06,1.06,1.06,1.06,1.06,1.06,1.06,1.06,1.06
CL-PFU,v3.0b1,current,World,Gas/diesel oil excl. biofuels,"Total energy supply; Total final consumption; Industry; Manufacturing; Paper, pulp and printing",1.06,1.06,1.06,1.06,1.06,1.06,1.06,1.06,1.06,1.06,1.06,1.06,1.06,1.06,1.06,1.06,1.06,1.06,1.06,1.06,1.06,1.06,1.06,1.06,1.06,1.06
CL-PFU,v3.0b1,current,World,Gas/diesel oil excl. biofuels,Total energy supply; Total final consumption; Industry; Manufacturing; Wood and wood products,1.06,1.06,1.06,1.06,1.06,1.06,1.06,1.06,1.06,1.06,1.06,1.06,1.06,1.06,1.06,1.06,1.06,1.06,1.06,1.06,1.06,1.06,1.06,1.06,1.06,1.06
CL-PFU,v3.0b1,current,World,Gas/diesel oil excl. biofuels,Total energy supply; Total final consumption; Industry; Manufacturing; Textile and leather,1.06,1.06,1.06,1.06,1.06,1.06,1.06,1.06,1.06,1.06,1.06,1.06,1.06,1.06,1.06,1.06,1.06,1.06,1.06,1.06,1.06,1.06,1.06,1.06,1.06,1.06
CL-PFU,v3.0b1,current,World,Gas/diesel oil excl. biofuels,Total energy supply; Total final consumption; Industry; Industry not elsewhere specified,1.06,1.06,1.06,1.06,1.06,1.06,1.06,1.06,1.06,1.06,1.06,1.06,1.06,1.06,1.06,1.06,1.06,1.06,1.06,1.06,1.06,1.06,1.06,1.06,1.06,1.06
CL-PFU,v3.0b1,current,World,Gas/diesel oil excl. biofuels,Total energy supply; Total final consumption; Transport; World aviation bunkers,1.06,1.06,1.06,1.06,1.06,1.06,1.06,1.06,1.06,1.06,1.06,1.06,1.06,1.06,1.06,1.06,1.06,1.06,1.06,1.06,1.06,1.06,1.06,1.06,1.06,1.06
CL-PFU,v3.0b1,current,World,Gas/diesel oil excl. biofuels,Total energy supply; Total final consumption; Transport; Domestic aviation,1.06,1.06,1.06,1.06,1.06,1.06,1.06,1.06,1.06,1.06,1.06,1.06,1.06,1.06,1.06,1.06,1.06,1.06,1.06,1.06,1.06,1.06,1.06,1.06,1.06,1.06
CL-PFU,v3.0b1,current,World,Gas/diesel oil excl. biofuels,Total energy supply; Total final consumption; Transport; Road,1.06,1.06,1.06,1.06,1.06,1.06,1.06,1.06,1.06,1.06,1.06,1.06,1.06,1.06,1.06,1.06,1.06,1.06,1.06,1.06,1.06,1.06,1.06,1.06,1.06,1.06
CL-PFU,v3.0b1,current,World,Gas/diesel oil excl. biofuels,Total energy supply; Total final consumption; Transport; Rail,1.06,1.06,1.06,1.06,1.06,1.06,1.06,1.06,1.06,1.06,1.06,1.06,1.06,1.06,1.06,1.06,1.06,1.06,1.06,1.06,1.06,1.06,1.06,1.06,1.06,1.06
CL-PFU,v3.0b1,current,World,Gas/diesel oil excl. biofuels,Total energy supply; Total final consumption; Transport; Pipeline transport,1.06,1.06,1.06,1.06,1.06,1.06,1.06,1.06,1.06,1.06,1.06,1.06,1.06,1.06,1.06,1.06,1.06,1.06,1.06,1.06,1.06,1.06,1.06,1.06,1.06,1.06
CL-PFU,v3.0b1,current,World,Gas/diesel oil excl. biofuels,Total energy supply; Total final consumption; Transport; World marine bunkers,1.06,1.06,1.06,1.06,1.06,1.06,1.06,1.06,1.06,1.06,1.06,1.06,1.06,1.06,1.06,1.06,1.06,1.06,1.06,1.06,1.06,1.06,1.06,1.06,1.06,1.06
CL-PFU,v3.0b1,current,World,Gas/diesel oil excl. biofuels,Total energy supply; Total final consumption; Transport; Domestic navigation,1.06,1.06,1.06,1.06,1.06,1.06,1.06,1.06,1.06,1.06,1.06,1.06,1.06,1.06,1.06,1.06,1.06,1.06,1.06,1.06,1.06,1.06,1.06,1.06,1.06,1.06
CL-PFU,v3.0b1,current,World,Gas/diesel oil excl. biofuels,Total energy supply; Total final consumption; Transport; Transport not elsewhere specified,1.06,1.06,1.06,1.06,1.06,1.06,1.06,1.06,1.06,1.06,1.06,1.06,1.06,1.06,1.06,1.06,1.06,1.06,1.06,1.06,1.06,1.06,1.06,1.06,1.06,1.06
CL-PFU,v3.0b1,current,World,Gas/diesel oil excl. biofuels,Total energy supply; Total final consumption; Residential,1.06,1.06,1.06,1.06,1.06,1.06,1.06,1.06,1.06,1.06,1.06,1.06,1.06,1.06,1.06,1.06,1.06,1.06,1.06,1.06,1.06,1.06,1.06,1.06,1.06,1.06
CL-PFU,v3.0b1,current,World,Gas/diesel oil excl. biofuels,Total energy supply; Total final consumption; Commercial and public services,1.06,1.06,1.06,1.06,1.06,1.06,1.06,1.06,1.06,1.06,1.06,1.06,1.06,1.06,1.06,1.06,1.06,1.06,1.06,1.06,1.06,1.06,1.06,1.06,1.06,1.06
CL-PFU,v3.0b1,current,World,Gas/diesel oil excl. biofuels,Total energy supply; Total final consumption; Agriculture/forestry,1.06,1.06,1.06,1.06,1.06,1.06,1.06,1.06,1.06,1.06,1.06,1.06,1.06,1.06,1.06,1.06,1.06,1.06,1.06,1.06,1.06,1.06,1.06,1.06,1.06,1.06
CL-PFU,v3.0b1,current,World,Gas/diesel oil excl. biofuels,Total energy supply; Total final consumption; Fishing,1.06,1.06,1.06,1.06,1.06,1.06,1.06,1.06,1.06,1.06,1.06,1.06,1.06,1.06,1.06,1.06,1.06,1.06,1.06,1.06,1.06,1.06,1.06,1.06,1.06,1.06
CL-PFU,v3.0b1,current,World,Gas/diesel oil excl. biofuels,Total energy supply; Total final consumption; Final consumption not elsewhere specified,1.06,1.06,1.06,1.06,1.06,1.06,1.06,1.06,1.06,1.06,1.06,1.06,1.06,1.06,1.06,1.06,1.06,1.06,1.06,1.06,1.06,1.06,1.06,1.06,1.06,1.06
CL-PFU,v3.0b1,current,World,Gas/diesel oil excl. biofuels,Total energy supply; Total final consumption; Non-energy use; Non-energy use industry/transformation/energy,1.06,1.06,1.06,1.06,1.06,1.06,1.06,1.06,1.06,1.06,1.06,1.06,1.06,1.06,1.06,1.06,1.06,1.06,1.06,1.06,1.06,1.06,1.06,1.06,1.06,1.06
CL-PFU,v3.0b1,current,World,Gas/diesel oil excl. biofuels,Total energy supply; Total final consumption; Non-energy use; Non-energy use in transport,1.06,1.06,1.06,1.06,1.06,1.06,1.06,1.06,1.06,1.06,1.06,1.06,1.06,1.06,1.06,1.06,1.06,1.06,1.06,1.06,1.06,1.06,1.06,1.06,1.06,1.06
CL-PFU,v3.0b1,current,World,Gas/diesel oil excl. biofuels,Total energy supply; Total final consumption; Non-energy use; Non-energy use in other,1.06,1.06,1.06,1.06,1.06,1.06,1.06,1.06,1.06,1.06,1.06,1.06,1.06,1.06,1.06,1.06,1.06,1.06,1.06,1.06,1.06,1.06,1.06,1.06,1.06,1.06
CL-PFU,v3.0b1,current,World,Gasoline type jet fuel,Total energy supply; Energy industry own use; Coal mines,1.06,1.06,1.06,1.06,1.06,1.06,1.06,1.06,1.06,1.06,1.06,1.06,1.06,1.06,1.06,1.06,1.06,1.06,1.06,1.06,1.06,1.06,1.06,1.06,1.06,1.06
CL-PFU,v3.0b1,current,World,Gasoline type jet fuel,Total energy supply; Energy industry own use; Oil and gas extraction,1.06,1.06,1.06,1.06,1.06,1.06,1.06,1.06,1.06,1.06,1.06,1.06,1.06,1.06,1.06,1.06,1.06,1.06,1.06,1.06,1.06,1.06,1.06,1.06,1.06,1.06
CL-PFU,v3.0b1,current,World,Gasoline type jet fuel,Total energy supply; Energy industry own use; Blast furnaces,1.06,1.06,1.06,1.06,1.06,1.06,1.06,1.06,1.06,1.06,1.06,1.06,1.06,1.06,1.06,1.06,1.06,1.06,1.06,1.06,1.06,1.06,1.06,1.06,1.06,1.06
CL-PFU,v3.0b1,current,World,Gasoline type jet fuel,Total energy supply; Energy industry own use; Gas works,1.06,1.06,1.06,1.06,1.06,1.06,1.06,1.06,1.06,1.06,1.06,1.06,1.06,1.06,1.06,1.06,1.06,1.06,1.06,1.06,1.06,1.06,1.06,1.06,1.06,1.06
CL-PFU,v3.0b1,current,World,Gasoline type jet fuel,Total energy supply; Energy industry own use; Gasification plants for biogases,1.06,1.06,1.06,1.06,1.06,1.06,1.06,1.06,1.06,1.06,1.06,1.06,1.06,1.06,1.06,1.06,1.06,1.06,1.06,1.06,1.06,1.06,1.06,1.06,1.06,1.06
CL-PFU,v3.0b1,current,World,Gasoline type jet fuel,Total energy supply; Energy industry own use; Coke ovens,1.06,1.06,1.06,1.06,1.06,1.06,1.06,1.06,1.06,1.06,1.06,1.06,1.06,1.06,1.06,1.06,1.06,1.06,1.06,1.06,1.06,1.06,1.06,1.06,1.06,1.06
CL-PFU,v3.0b1,current,World,Gasoline type jet fuel,Total energy supply; Energy industry own use; Patent fuel plants,1.06,1.06,1.06,1.06,1.06,1.06,1.06,1.06,1.06,1.06,1.06,1.06,1.06,1.06,1.06,1.06,1.06,1.06,1.06,1.06,1.06,1.06,1.06,1.06,1.06,1.06
CL-PFU,v3.0b1,current,World,Gasoline type jet fuel,Total energy supply; Energy industry own use; BKB/peat briquette plants,1.06,1.06,1.06,1.06,1.06,1.06,1.06,1.06,1.06,1.06,1.06,1.06,1.06,1.06,1.06,1.06,1.06,1.06,1.06,1.06,1.06,1.06,1.06,1.06,1.06,1.06
CL-PFU,v3.0b1,current,World,Gasoline type jet fuel,Total energy supply; Energy industry own use; Oil refineries,1.06,1.06,1.06,1.06,1.06,1.06,1.06,1.06,1.06,1.06,1.06,1.06,1.06,1.06,1.06,1.06,1.06,1.06,1.06,1.06,1.06,1.06,1.06,1.06,1.06,1.06
CL-PFU,v3.0b1,current,World,Gasoline type jet fuel,Total energy supply; Energy industry own use; Coal liquefaction plants,1.06,1.06,1.06,1.06,1.06,1.06,1.06,1.06,1.06,1.06,1.06,1.06,1.06,1.06,1.06,1.06,1.06,1.06,1.06,1.06,1.06,1.06,1.06,1.06,1.06,1.06
CL-PFU,v3.0b1,current,World,Gasoline type jet fuel,Total energy supply; Energy industry own use; Liquefaction (LNG) / regasification plants,1.06,1.06,1.06,1.06,1.06,1.06,1.06,1.06,1.06,1.06,1.06,1.06,1.06,1.06,1.06,1.06,1.06,1.06,1.06,1.06,1.06,1.06,1.06,1.06,1.06,1.06
CL-PFU,v3.0b1,current,World,Gasoline type jet fuel,Total energy supply; Energy industry own use; Gas-to-liquids (GTL) plants,1.06,1.06,1.06,1.06,1.06,1.06,1.06,1.06,1.06,1.06,1.06,1.06,1.06,1.06,1.06,1.06,1.06,1.06,1.06,1.06,1.06,1.06,1.06,1.06,1.06,1.06
CL-PFU,v3.0b1,current,World,Gasoline type jet fuel,"Total energy supply; Energy industry own use; Own use in electricity, CHP and heat plants",1.06,1.06,1.06,1.06,1.06,1.06,1.06,1.06,1.06,1.06,1.06,1.06,1.06,1.06,1.06,1.06,1.06,1.06,1.06,1.06,1.06,1.06,1.06,1.06,1.06,1.06
CL-PFU,v3.0b1,current,World,Gasoline type jet fuel,Total energy supply; Energy industry own use; Pumped storage plants,1.06,1.06,1.06,1.06,1.06,1.06,1.06,1.06,1.06,1.06,1.06,1.06,1.06,1.06,1.06,1.06,1.06,1.06,1.06,1.06,1.06,1.06,1.06,1.06,1.06,1.06
CL-PFU,v3.0b1,current,World,Gasoline type jet fuel,Total energy supply; Energy industry own use; Nuclear industry,1.06,1.06,1.06,1.06,1.06,1.06,1.06,1.06,1.06,1.06,1.06,1.06,1.06,1.06,1.06,1.06,1.06,1.06,1.06,1.06,1.06,1.06,1.06,1.06,1.06,1.06
CL-PFU,v3.0b1,current,World,Gasoline type jet fuel,Total energy supply; Energy industry own use; Charcoal production plants,1.06,1.06,1.06,1.06,1.06,1.06,1.06,1.06,1.06,1.06,1.06,1.06,1.06,1.06,1.06,1.06,1.06,1.06,1.06,1.06,1.06,1.06,1.06,1.06,1.06,1.06
CL-PFU,v3.0b1,current,World,Gasoline type jet fuel,Total energy supply; Energy industry own use; Non-specified (energy),1.06,1.06,1.06,1.06,1.06,1.06,1.06,1.06,1.06,1.06,1.06,1.06,1.06,1.06,1.06,1.06,1.06,1.06,1.06,1.06,1.06,1.06,1.06,1.06,1.06,1.06
CL-PFU,v3.0b1,current,World,Gasoline type jet fuel,Total energy supply; Losses,1.06,1.06,1.06,1.06,1.06,1.06,1.06,1.06,1.06,1.06,1.06,1.06,1.06,1.06,1.06,1.06,1.06,1.06,1.06,1.06,1.06,1.06,1.06,1.06,1.06,1.06
CL-PFU,v3.0b1,current,World,Gasoline type jet fuel,Total energy supply; Total final consumption; Industry; Mining and quarrying,1.06,1.06,1.06,1.06,1.06,1.06,1.06,1.06,1.06,1.06,1.06,1.06,1.06,1.06,1.06,1.06,1.06,1.06,1.06,1.06,1.06,1.06,1.06,1.06,1.06,1.06
CL-PFU,v3.0b1,current,World,Gasoline type jet fuel,Total energy supply; Total final consumption; Industry; Construction,1.06,1.06,1.06,1.06,1.06,1.06,1.06,1.06,1.06,1.06,1.06,1.06,1.06,1.06,1.06,1.06,1.06,1.06,1.06,1.06,1.06,1.06,1.06,1.06,1.06,1.06
CL-PFU,v3.0b1,current,World,Gasoline type jet fuel,Total energy supply; Total final consumption; Industry; Manufacturing; Iron and steel,1.06,1.06,1.06,1.06,1.06,1.06,1.06,1.06,1.06,1.06,1.06,1.06,1.06,1.06,1.06,1.06,1.06,1.06,1.06,1.06,1.06,1.06,1.06,1.06,1.06,1.06
CL-PFU,v3.0b1,current,World,Gasoline type jet fuel,Total energy supply; Total final consumption; Industry; Manufacturing; Chemical and petrochemical,1.06,1.06,1.06,1.06,1.06,1.06,1.06,1.06,1.06,1.06,1.06,1.06,1.06,1.06,1.06,1.06,1.06,1.06,1.06,1.06,1.06,1.06,1.06,1.06,1.06,1.06
CL-PFU,v3.0b1,current,World,Gasoline type jet fuel,Total energy supply; Total final consumption; Industry; Manufacturing; Non-ferrous metals,1.06,1.06,1.06,1.06,1.06,1.06,1.06,1.06,1.06,1.06,1.06,1.06,1.06,1.06,1.06,1.06,1.06,1.06,1.06,1.06,1.06,1.06,1.06,1.06,1.06,1.06
CL-PFU,v3.0b1,current,World,Gasoline type jet fuel,Total energy supply; Total final consumption; Industry; Manufacturing; Non-metallic minerals,1.06,1.06,1.06,1.06,1.06,1.06,1.06,1.06,1.06,1.06,1.06,1.06,1.06,1.06,1.06,1.06,1.06,1.06,1.06,1.06,1.06,1.06,1.06,1.06,1.06,1.06
CL-PFU,v3.0b1,current,World,Gasoline type jet fuel,Total energy supply; Total final consumption; Industry; Manufacturing; Transport equipment,1.06,1.06,1.06,1.06,1.06,1.06,1.06,1.06,1.06,1.06,1.06,1.06,1.06,1.06,1.06,1.06,1.06,1.06,1.06,1.06,1.06,1.06,1.06,1.06,1.06,1.06
CL-PFU,v3.0b1,current,World,Gasoline type jet fuel,Total energy supply; Total final consumption; Industry; Manufacturing; Machinery,1.06,1.06,1.06,1.06,1.06,1.06,1.06,1.06,1.06,1.06,1.06,1.06,1.06,1.06,1.06,1.06,1.06,1.06,1.06,1.06,1.06,1.06,1.06,1.06,1.06,1.06
CL-PFU,v3.0b1,current,World,Gasoline type jet fuel,Total energy supply; Total final consumption; Industry; Manufacturing; Food and tobacco,1.06,1.06,1.06,1.06,1.06,1.06,1.06,1.06,1.06,1.06,1.06,1.06,1.06,1.06,1.06,1.06,1.06,1.06,1.06,1.06,1.06,1.06,1.06,1.06,1.06,1.06
CL-PFU,v3.0b1,current,World,Gasoline type jet fuel,"Total energy supply; Total final consumption; Industry; Manufacturing; Paper, pulp and printing",1.06,1.06,1.06,1.06,1.06,1.06,1.06,1.06,1.06,1.06,1.06,1.06,1.06,1.06,1.06,1.06,1.06,1.06,1.06,1.06,1.06,1.06,1.06,1.06,1.06,1.06
CL-PFU,v3.0b1,current,World,Gasoline type jet fuel,Total energy supply; Total final consumption; Industry; Manufacturing; Wood and wood products,1.06,1.06,1.06,1.06,1.06,1.06,1.06,1.06,1.06,1.06,1.06,1.06,1.06,1.06,1.06,1.06,1.06,1.06,1.06,1.06,1.06,1.06,1.06,1.06,1.06,1.06
CL-PFU,v3.0b1,current,World,Gasoline type jet fuel,Total energy supply; Total final consumption; Industry; Manufacturing; Textile and leather,1.06,1.06,1.06,1.06,1.06,1.06,1.06,1.06,1.06,1.06,1.06,1.06,1.06,1.06,1.06,1.06,1.06,1.06,1.06,1.06,1.06,1.06,1.06,1.06,1.06,1.06
CL-PFU,v3.0b1,current,World,Gasoline type jet fuel,Total energy supply; Total final consumption; Industry; Industry not elsewhere specified,1.06,1.06,1.06,1.06,1.06,1.06,1.06,1.06,1.06,1.06,1.06,1.06,1.06,1.06,1.06,1.06,1.06,1.06,1.06,1.06,1.06,1.06,1.06,1.06,1.06,1.06
CL-PFU,v3.0b1,current,World,Gasoline type jet fuel,Total energy supply; Total final consumption; Transport; World aviation bunkers,1.06,1.06,1.06,1.06,1.06,1.06,1.06,1.06,1.06,1.06,1.06,1.06,1.06,1.06,1.06,1.06,1.06,1.06,1.06,1.06,1.06,1.06,1.06,1.06,1.06,1.06
CL-PFU,v3.0b1,current,World,Gasoline type jet fuel,Total energy supply; Total final consumption; Transport; Domestic aviation,1.06,1.06,1.06,1.06,1.06,1.06,1.06,1.06,1.06,1.06,1.06,1.06,1.06,1.06,1.06,1.06,1.06,1.06,1.06,1.06,1.06,1.06,1.06,1.06,1.06,1.06
CL-PFU,v3.0b1,current,World,Gasoline type jet fuel,Total energy supply; Total final consumption; Transport; Road,1.06,1.06,1.06,1.06,1.06,1.06,1.06,1.06,1.06,1.06,1.06,1.06,1.06,1.06,1.06,1.06,1.06,1.06,1.06,1.06,1.06,1.06,1.06,1.06,1.06,1.06
CL-PFU,v3.0b1,current,World,Gasoline type jet fuel,Total energy supply; Total final consumption; Transport; Rail,1.06,1.06,1.06,1.06,1.06,1.06,1.06,1.06,1.06,1.06,1.06,1.06,1.06,1.06,1.06,1.06,1.06,1.06,1.06,1.06,1.06,1.06,1.06,1.06,1.06,1.06
CL-PFU,v3.0b1,current,World,Gasoline type jet fuel,Total energy supply; Total final consumption; Transport; Pipeline transport,1.06,1.06,1.06,1.06,1.06,1.06,1.06,1.06,1.06,1.06,1.06,1.06,1.06,1.06,1.06,1.06,1.06,1.06,1.06,1.06,1.06,1.06,1.06,1.06,1.06,1.06
CL-PFU,v3.0b1,current,World,Gasoline type jet fuel,Total energy supply; Total final consumption; Transport; World marine bunkers,1.06,1.06,1.06,1.06,1.06,1.06,1.06,1.06,1.06,1.06,1.06,1.06,1.06,1.06,1.06,1.06,1.06,1.06,1.06,1.06,1.06,1.06,1.06,1.06,1.06,1.06
CL-PFU,v3.0b1,current,World,Gasoline type jet fuel,Total energy supply; Total final consumption; Transport; Domestic navigation,1.06,1.06,1.06,1.06,1.06,1.06,1.06,1.06,1.06,1.06,1.06,1.06,1.06,1.06,1.06,1.06,1.06,1.06,1.06,1.06,1.06,1.06,1.06,1.06,1.06,1.06
CL-PFU,v3.0b1,current,World,Gasoline type jet fuel,Total energy supply; Total final consumption; Transport; Transport not elsewhere specified,1.06,1.06,1.06,1.06,1.06,1.06,1.06,1.06,1.06,1.06,1.06,1.06,1.06,1.06,1.06,1.06,1.06,1.06,1.06,1.06,1.06,1.06,1.06,1.06,1.06,1.06
CL-PFU,v3.0b1,current,World,Gasoline type jet fuel,Total energy supply; Total final consumption; Residential,1.06,1.06,1.06,1.06,1.06,1.06,1.06,1.06,1.06,1.06,1.06,1.06,1.06,1.06,1.06,1.06,1.06,1.06,1.06,1.06,1.06,1.06,1.06,1.06,1.06,1.06
CL-PFU,v3.0b1,current,World,Gasoline type jet fuel,Total energy supply; Total final consumption; Commercial and public services,1.06,1.06,1.06,1.06,1.06,1.06,1.06,1.06,1.06,1.06,1.06,1.06,1.06,1.06,1.06,1.06,1.06,1.06,1.06,1.06,1.06,1.06,1.06,1.06,1.06,1.06
CL-PFU,v3.0b1,current,World,Gasoline type jet fuel,Total energy supply; Total final consumption; Agriculture/forestry,1.06,1.06,1.06,1.06,1.06,1.06,1.06,1.06,1.06,1.06,1.06,1.06,1.06,1.06,1.06,1.06,1.06,1.06,1.06,1.06,1.06,1.06,1.06,1.06,1.06,1.06
CL-PFU,v3.0b1,current,World,Gasoline type jet fuel,Total energy supply; Total final consumption; Fishing,1.06,1.06,1.06,1.06,1.06,1.06,1.06,1.06,1.06,1.06,1.06,1.06,1.06,1.06,1.06,1.06,1.06,1.06,1.06,1.06,1.06,1.06,1.06,1.06,1.06,1.06
CL-PFU,v3.0b1,current,World,Gasoline type jet fuel,Total energy supply; Total final consumption; Final consumption not elsewhere specified,1.06,1.06,1.06,1.06,1.06,1.06,1.06,1.06,1.06,1.06,1.06,1.06,1.06,1.06,1.06,1.06,1.06,1.06,1.06,1.06,1.06,1.06,1.06,1.06,1.06,1.06
CL-PFU,v3.0b1,current,World,Gasoline type jet fuel,Total energy supply; Total final consumption; Non-energy use; Non-energy use industry/transformation/energy,1.06,1.06,1.06,1.06,1.06,1.06,1.06,1.06,1.06,1.06,1.06,1.06,1.06,1.06,1.06,1.06,1.06,1.06,1.06,1.06,1.06,1.06,1.06,1.06,1.06,1.06
CL-PFU,v3.0b1,current,World,Gasoline type jet fuel,Total energy supply; Total final consumption; Non-energy use; Non-energy use in transport,1.06,1.06,1.06,1.06,1.06,1.06,1.06,1.06,1.06,1.06,1.06,1.06,1.06,1.06,1.06,1.06,1.06,1.06,1.06,1.06,1.06,1.06,1.06,1.06,1.06,1.06
CL-PFU,v3.0b1,current,World,Gasoline type jet fuel,Total energy supply; Total final consumption; Non-energy use; Non-energy use in other,1.06,1.06,1.06,1.06,1.06,1.06,1.06,1.06,1.06,1.06,1.06,1.06,1.06,1.06,1.06,1.06,1.06,1.06,1.06,1.06,1.06,1.06,1.06,1.06,1.06,1.06
CL-PFU,v3.0b1,current,World,Geothermal,Total energy supply; Energy industry own use; Coal mines,0.6,0.6,0.6,0.6,0.6,0.6,0.6,0.6,0.6,0.6,0.6,0.6,0.6,0.6,0.6,0.6,0.6,0.6,0.6,0.6,0.6,0.6,0.6,0.6,0.6,0.6
CL-PFU,v3.0b1,current,World,Geothermal,Total energy supply; Energy industry own use; Oil and gas extraction,0.6,0.6,0.6,0.6,0.6,0.6,0.6,0.6,0.6,0.6,0.6,0.6,0.6,0.6,0.6,0.6,0.6,0.6,0.6,0.6,0.6,0.6,0.6,0.6,0.6,0.6
CL-PFU,v3.0b1,current,World,Geothermal,Total energy supply; Energy industry own use; Blast furnaces,0.6,0.6,0.6,0.6,0.6,0.6,0.6,0.6,0.6,0.6,0.6,0.6,0.6,0.6,0.6,0.6,0.6,0.6,0.6,0.6,0.6,0.6,0.6,0.6,0.6,0.6
CL-PFU,v3.0b1,current,World,Geothermal,Total energy supply; Energy industry own use; Gas works,0.6,0.6,0.6,0.6,0.6,0.6,0.6,0.6,0.6,0.6,0.6,0.6,0.6,0.6,0.6,0.6,0.6,0.6,0.6,0.6,0.6,0.6,0.6,0.6,0.6,0.6
CL-PFU,v3.0b1,current,World,Geothermal,Total energy supply; Energy industry own use; Gasification plants for biogases,0.6,0.6,0.6,0.6,0.6,0.6,0.6,0.6,0.6,0.6,0.6,0.6,0.6,0.6,0.6,0.6,0.6,0.6,0.6,0.6,0.6,0.6,0.6,0.6,0.6,0.6
CL-PFU,v3.0b1,current,World,Geothermal,Total energy supply; Energy industry own use; Coke ovens,0.6,0.6,0.6,0.6,0.6,0.6,0.6,0.6,0.6,0.6,0.6,0.6,0.6,0.6,0.6,0.6,0.6,0.6,0.6,0.6,0.6,0.6,0.6,0.6,0.6,0.6
CL-PFU,v3.0b1,current,World,Geothermal,Total energy supply; Energy industry own use; Patent fuel plants,0.6,0.6,0.6,0.6,0.6,0.6,0.6,0.6,0.6,0.6,0.6,0.6,0.6,0.6,0.6,0.6,0.6,0.6,0.6,0.6,0.6,0.6,0.6,0.6,0.6,0.6
CL-PFU,v3.0b1,current,World,Geothermal,Total energy supply; Energy industry own use; BKB/peat briquette plants,0.6,0.6,0.6,0.6,0.6,0.6,0.6,0.6,0.6,0.6,0.6,0.6,0.6,0.6,0.6,0.6,0.6,0.6,0.6,0.6,0.6,0.6,0.6,0.6,0.6,0.6
CL-PFU,v3.0b1,current,World,Geothermal,Total energy supply; Energy industry own use; Oil refineries,0.6,0.6,0.6,0.6,0.6,0.6,0.6,0.6,0.6,0.6,0.6,0.6,0.6,0.6,0.6,0.6,0.6,0.6,0.6,0.6,0.6,0.6,0.6,0.6,0.6,0.6
CL-PFU,v3.0b1,current,World,Geothermal,Total energy supply; Energy industry own use; Coal liquefaction plants,0.6,0.6,0.6,0.6,0.6,0.6,0.6,0.6,0.6,0.6,0.6,0.6,0.6,0.6,0.6,0.6,0.6,0.6,0.6,0.6,0.6,0.6,0.6,0.6,0.6,0.6
CL-PFU,v3.0b1,current,World,Geothermal,Total energy supply; Energy industry own use; Liquefaction (LNG) / regasification plants,0.6,0.6,0.6,0.6,0.6,0.6,0.6,0.6,0.6,0.6,0.6,0.6,0.6,0.6,0.6,0.6,0.6,0.6,0.6,0.6,0.6,0.6,0.6,0.6,0.6,0.6
CL-PFU,v3.0b1,current,World,Geothermal,Total energy supply; Energy industry own use; Gas-to-liquids (GTL) plants,0.6,0.6,0.6,0.6,0.6,0.6,0.6,0.6,0.6,0.6,0.6,0.6,0.6,0.6,0.6,0.6,0.6,0.6,0.6,0.6,0.6,0.6,0.6,0.6,0.6,0.6
CL-PFU,v3.0b1,current,World,Geothermal,"Total energy supply; Energy industry own use; Own use in electricity, CHP and heat plants",0.6,0.6,0.6,0.6,0.6,0.6,0.6,0.6,0.6,0.6,0.6,0.6,0.6,0.6,0.6,0.6,0.6,0.6,0.6,0.6,0.6,0.6,0.6,0.6,0.6,0.6
CL-PFU,v3.0b1,current,World,Geothermal,Total energy supply; Energy industry own use; Pumped storage plants,0.6,0.6,0.6,0.6,0.6,0.6,0.6,0.6,0.6,0.6,0.6,0.6,0.6,0.6,0.6,0.6,0.6,0.6,0.6,0.6,0.6,0.6,0.6,0.6,0.6,0.6
CL-PFU,v3.0b1,current,World,Geothermal,Total energy supply; Energy industry own use; Nuclear industry,0.6,0.6,0.6,0.6,0.6,0.6,0.6,0.6,0.6,0.6,0.6,0.6,0.6,0.6,0.6,0.6,0.6,0.6,0.6,0.6,0.6,0.6,0.6,0.6,0.6,0.6
CL-PFU,v3.0b1,current,World,Geothermal,Total energy supply; Energy industry own use; Charcoal production plants,0.6,0.6,0.6,0.6,0.6,0.6,0.6,0.6,0.6,0.6,0.6,0.6,0.6,0.6,0.6,0.6,0.6,0.6,0.6,0.6,0.6,0.6,0.6,0.6,0.6,0.6
CL-PFU,v3.0b1,current,World,Geothermal,Total energy supply; Energy industry own use; Non-specified (energy),0.6,0.6,0.6,0.6,0.6,0.6,0.6,0.6,0.6,0.6,0.6,0.6,0.6,0.6,0.6,0.6,0.6,0.6,0.6,0.6,0.6,0.6,0.6,0.6,0.6,0.6
CL-PFU,v3.0b1,current,World,Geothermal,Total energy supply; Losses,0.6,0.6,0.6,0.6,0.6,0.6,0.6,0.6,0.6,0.6,0.6,0.6,0.6,0.6,0.6,0.6,0.6,0.6,0.6,0.6,0.6,0.6,0.6,0.6,0.6,0.6
CL-PFU,v3.0b1,current,World,Geothermal,Total energy supply; Total final consumption; Industry; Mining and quarrying,0.6,0.6,0.6,0.6,0.6,0.6,0.6,0.6,0.6,0.6,0.6,0.6,0.6,0.6,0.6,0.6,0.6,0.6,0.6,0.6,0.6,0.6,0.6,0.6,0.6,0.6
CL-PFU,v3.0b1,current,World,Geothermal,Total energy supply; Total final consumption; Industry; Construction,0.6,0.6,0.6,0.6,0.6,0.6,0.6,0.6,0.6,0.6,0.6,0.6,0.6,0.6,0.6,0.6,0.6,0.6,0.6,0.6,0.6,0.6,0.6,0.6,0.6,0.6
CL-PFU,v3.0b1,current,World,Geothermal,Total energy supply; Total final consumption; Industry; Manufacturing; Iron and steel,0.6,0.6,0.6,0.6,0.6,0.6,0.6,0.6,0.6,0.6,0.6,0.6,0.6,0.6,0.6,0.6,0.6,0.6,0.6,0.6,0.6,0.6,0.6,0.6,0.6,0.6
CL-PFU,v3.0b1,current,World,Geothermal,Total energy supply; Total final consumption; Industry; Manufacturing; Chemical and petrochemical,0.6,0.6,0.6,0.6,0.6,0.6,0.6,0.6,0.6,0.6,0.6,0.6,0.6,0.6,0.6,0.6,0.6,0.6,0.6,0.6,0.6,0.6,0.6,0.6,0.6,0.6
CL-PFU,v3.0b1,current,World,Geothermal,Total energy supply; Total final consumption; Industry; Manufacturing; Non-ferrous metals,0.6,0.6,0.6,0.6,0.6,0.6,0.6,0.6,0.6,0.6,0.6,0.6,0.6,0.6,0.6,0.6,0.6,0.6,0.6,0.6,0.6,0.6,0.6,0.6,0.6,0.6
CL-PFU,v3.0b1,current,World,Geothermal,Total energy supply; Total final consumption; Industry; Manufacturing; Non-metallic minerals,0.6,0.6,0.6,0.6,0.6,0.6,0.6,0.6,0.6,0.6,0.6,0.6,0.6,0.6,0.6,0.6,0.6,0.6,0.6,0.6,0.6,0.6,0.6,0.6,0.6,0.6
CL-PFU,v3.0b1,current,World,Geothermal,Total energy supply; Total final consumption; Industry; Manufacturing; Transport equipment,0.6,0.6,0.6,0.6,0.6,0.6,0.6,0.6,0.6,0.6,0.6,0.6,0.6,0.6,0.6,0.6,0.6,0.6,0.6,0.6,0.6,0.6,0.6,0.6,0.6,0.6
CL-PFU,v3.0b1,current,World,Geothermal,Total energy supply; Total final consumption; Industry; Manufacturing; Machinery,0.6,0.6,0.6,0.6,0.6,0.6,0.6,0.6,0.6,0.6,0.6,0.6,0.6,0.6,0.6,0.6,0.6,0.6,0.6,0.6,0.6,0.6,0.6,0.6,0.6,0.6
CL-PFU,v3.0b1,current,World,Geothermal,Total energy supply; Total final consumption; Industry; Manufacturing; Food and tobacco,0.6,0.6,0.6,0.6,0.6,0.6,0.6,0.6,0.6,0.6,0.6,0.6,0.6,0.6,0.6,0.6,0.6,0.6,0.6,0.6,0.6,0.6,0.6,0.6,0.6,0.6
CL-PFU,v3.0b1,current,World,Geothermal,"Total energy supply; Total final consumption; Industry; Manufacturing; Paper, pulp and printing",0.6,0.6,0.6,0.6,0.6,0.6,0.6,0.6,0.6,0.6,0.6,0.6,0.6,0.6,0.6,0.6,0.6,0.6,0.6,0.6,0.6,0.6,0.6,0.6,0.6,0.6
CL-PFU,v3.0b1,current,World,Geothermal,Total energy supply; Total final consumption; Industry; Manufacturing; Wood and wood products,0.6,0.6,0.6,0.6,0.6,0.6,0.6,0.6,0.6,0.6,0.6,0.6,0.6,0.6,0.6,0.6,0.6,0.6,0.6,0.6,0.6,0.6,0.6,0.6,0.6,0.6
CL-PFU,v3.0b1,current,World,Geothermal,Total energy supply; Total final consumption; Industry; Manufacturing; Textile and leather,0.6,0.6,0.6,0.6,0.6,0.6,0.6,0.6,0.6,0.6,0.6,0.6,0.6,0.6,0.6,0.6,0.6,0.6,0.6,0.6,0.6,0.6,0.6,0.6,0.6,0.6
CL-PFU,v3.0b1,current,World,Geothermal,Total energy supply; Total final consumption; Industry; Industry not elsewhere specified,0.6,0.6,0.6,0.6,0.6,0.6,0.6,0.6,0.6,0.6,0.6,0.6,0.6,0.6,0.6,0.6,0.6,0.6,0.6,0.6,0.6,0.6,0.6,0.6,0.6,0.6
CL-PFU,v3.0b1,current,World,Geothermal,Total energy supply; Total final consumption; Transport; World aviation bunkers,0.6,0.6,0.6,0.6,0.6,0.6,0.6,0.6,0.6,0.6,0.6,0.6,0.6,0.6,0.6,0.6,0.6,0.6,0.6,0.6,0.6,0.6,0.6,0.6,0.6,0.6
CL-PFU,v3.0b1,current,World,Geothermal,Total energy supply; Total final consumption; Transport; Domestic aviation,0.6,0.6,0.6,0.6,0.6,0.6,0.6,0.6,0.6,0.6,0.6,0.6,0.6,0.6,0.6,0.6,0.6,0.6,0.6,0.6,0.6,0.6,0.6,0.6,0.6,0.6
CL-PFU,v3.0b1,current,World,Geothermal,Total energy supply; Total final consumption; Transport; Road,0.6,0.6,0.6,0.6,0.6,0.6,0.6,0.6,0.6,0.6,0.6,0.6,0.6,0.6,0.6,0.6,0.6,0.6,0.6,0.6,0.6,0.6,0.6,0.6,0.6,0.6
CL-PFU,v3.0b1,current,World,Geothermal,Total energy supply; Total final consumption; Transport; Rail,0.6,0.6,0.6,0.6,0.6,0.6,0.6,0.6,0.6,0.6,0.6,0.6,0.6,0.6,0.6,0.6,0.6,0.6,0.6,0.6,0.6,0.6,0.6,0.6,0.6,0.6
CL-PFU,v3.0b1,current,World,Geothermal,Total energy supply; Total final consumption; Transport; Pipeline transport,0.6,0.6,0.6,0.6,0.6,0.6,0.6,0.6,0.6,0.6,0.6,0.6,0.6,0.6,0.6,0.6,0.6,0.6,0.6,0.6,0.6,0.6,0.6,0.6,0.6,0.6
CL-PFU,v3.0b1,current,World,Geothermal,Total energy supply; Total final consumption; Transport; World marine bunkers,0.6,0.6,0.6,0.6,0.6,0.6,0.6,0.6,0.6,0.6,0.6,0.6,0.6,0.6,0.6,0.6,0.6,0.6,0.6,0.6,0.6,0.6,0.6,0.6,0.6,0.6
CL-PFU,v3.0b1,current,World,Geothermal,Total energy supply; Total final consumption; Transport; Domestic navigation,0.6,0.6,0.6,0.6,0.6,0.6,0.6,0.6,0.6,0.6,0.6,0.6,0.6,0.6,0.6,0.6,0.6,0.6,0.6,0.6,0.6,0.6,0.6,0.6,0.6,0.6
CL-PFU,v3.0b1,current,World,Geothermal,Total energy supply; Total final consumption; Transport; Transport not elsewhere specified,0.6,0.6,0.6,0.6,0.6,0.6,0.6,0.6,0.6,0.6,0.6,0.6,0.6,0.6,0.6,0.6,0.6,0.6,0.6,0.6,0.6,0.6,0.6,0.6,0.6,0.6
CL-PFU,v3.0b1,current,World,Geothermal,Total energy supply; Total final consumption; Residential,0.6,0.6,0.6,0.6,0.6,0.6,0.6,0.6,0.6,0.6,0.6,0.6,0.6,0.6,0.6,0.6,0.6,0.6,0.6,0.6,0.6,0.6,0.6,0.6,0.6,0.6
CL-PFU,v3.0b1,current,World,Geothermal,Total energy supply; Total final consumption; Commercial and public services,0.6,0.6,0.6,0.6,0.6,0.6,0.6,0.6,0.6,0.6,0.6,0.6,0.6,0.6,0.6,0.6,0.6,0.6,0.6,0.6,0.6,0.6,0.6,0.6,0.6,0.6
CL-PFU,v3.0b1,current,World,Geothermal,Total energy supply; Total final consumption; Agriculture/forestry,0.6,0.6,0.6,0.6,0.6,0.6,0.6,0.6,0.6,0.6,0.6,0.6,0.6,0.6,0.6,0.6,0.6,0.6,0.6,0.6,0.6,0.6,0.6,0.6,0.6,0.6
CL-PFU,v3.0b1,current,World,Geothermal,Total energy supply; Total final consumption; Fishing,0.6,0.6,0.6,0.6,0.6,0.6,0.6,0.6,0.6,0.6,0.6,0.6,0.6,0.6,0.6,0.6,0.6,0.6,0.6,0.6,0.6,0.6,0.6,0.6,0.6,0.6
CL-PFU,v3.0b1,current,World,Geothermal,Total energy supply; Total final consumption; Final consumption not elsewhere specified,0.6,0.6,0.6,0.6,0.6,0.6,0.6,0.6,0.6,0.6,0.6,0.6,0.6,0.6,0.6,0.6,0.6,0.6,0.6,0.6,0.6,0.6,0.6,0.6,0.6,0.6
CL-PFU,v3.0b1,current,World,Geothermal,Total energy supply; Total final consumption; Non-energy use; Non-energy use industry/transformation/energy,0.6,0.6,0.6,0.6,0.6,0.6,0.6,0.6,0.6,0.6,0.6,0.6,0.6,0.6,0.6,0.6,0.6,0.6,0.6,0.6,0.6,0.6,0.6,0.6,0.6,0.6
CL-PFU,v3.0b1,current,World,Geothermal,Total energy supply; Total final consumption; Non-energy use; Non-energy use in transport,0.6,0.6,0.6,0.6,0.6,0.6,0.6,0.6,0.6,0.6,0.6,0.6,0.6,0.6,0.6,0.6,0.6,0.6,0.6,0.6,0.6,0.6,0.6,0.6,0.6,0.6
CL-PFU,v3.0b1,current,World,Geothermal,Total energy supply; Total final consumption; Non-energy use; Non-energy use in other,0.6,0.6,0.6,0.6,0.6,0.6,0.6,0.6,0.6,0.6,0.6,0.6,0.6,0.6,0.6,0.6,0.6,0.6,0.6,0.6,0.6,0.6,0.6,0.6,0.6,0.6
CL-PFU,v3.0b1,current,World,Hard coal (if no detail),Total energy supply; Energy industry own use; Coal mines,1.06,1.06,1.06,1.06,1.06,1.06,1.06,1.06,1.06,1.06,1.06,1.06,1.06,1.06,1.06,1.06,1.06,1.06,1.06,1.06,1.06,1.06,1.06,1.06,1.06,1.06
CL-PFU,v3.0b1,current,World,Hard coal (if no detail),Total energy supply; Energy industry own use; Oil and gas extraction,1.06,1.06,1.06,1.06,1.06,1.06,1.06,1.06,1.06,1.06,1.06,1.06,1.06,1.06,1.06,1.06,1.06,1.06,1.06,1.06,1.06,1.06,1.06,1.06,1.06,1.06
CL-PFU,v3.0b1,current,World,Hard coal (if no detail),Total energy supply; Energy industry own use; Blast furnaces,1.06,1.06,1.06,1.06,1.06,1.06,1.06,1.06,1.06,1.06,1.06,1.06,1.06,1.06,1.06,1.06,1.06,1.06,1.06,1.06,1.06,1.06,1.06,1.06,1.06,1.06
CL-PFU,v3.0b1,current,World,Hard coal (if no detail),Total energy supply; Energy industry own use; Gas works,1.06,1.06,1.06,1.06,1.06,1.06,1.06,1.06,1.06,1.06,1.06,1.06,1.06,1.06,1.06,1.06,1.06,1.06,1.06,1.06,1.06,1.06,1.06,1.06,1.06,1.06
CL-PFU,v3.0b1,current,World,Hard coal (if no detail),Total energy supply; Energy industry own use; Gasification plants for biogases,1.06,1.06,1.06,1.06,1.06,1.06,1.06,1.06,1.06,1.06,1.06,1.06,1.06,1.06,1.06,1.06,1.06,1.06,1.06,1.06,1.06,1.06,1.06,1.06,1.06,1.06
CL-PFU,v3.0b1,current,World,Hard coal (if no detail),Total energy supply; Energy industry own use; Coke ovens,1.06,1.06,1.06,1.06,1.06,1.06,1.06,1.06,1.06,1.06,1.06,1.06,1.06,1.06,1.06,1.06,1.06,1.06,1.06,1.06,1.06,1.06,1.06,1.06,1.06,1.06
CL-PFU,v3.0b1,current,World,Hard coal (if no detail),Total energy supply; Energy industry own use; Patent fuel plants,1.06,1.06,1.06,1.06,1.06,1.06,1.06,1.06,1.06,1.06,1.06,1.06,1.06,1.06,1.06,1.06,1.06,1.06,1.06,1.06,1.06,1.06,1.06,1.06,1.06,1.06
CL-PFU,v3.0b1,current,World,Hard coal (if no detail),Total energy supply; Energy industry own use; BKB/peat briquette plants,1.06,1.06,1.06,1.06,1.06,1.06,1.06,1.06,1.06,1.06,1.06,1.06,1.06,1.06,1.06,1.06,1.06,1.06,1.06,1.06,1.06,1.06,1.06,1.06,1.06,1.06
CL-PFU,v3.0b1,current,World,Hard coal (if no detail),Total energy supply; Energy industry own use; Oil refineries,1.06,1.06,1.06,1.06,1.06,1.06,1.06,1.06,1.06,1.06,1.06,1.06,1.06,1.06,1.06,1.06,1.06,1.06,1.06,1.06,1.06,1.06,1.06,1.06,1.06,1.06
CL-PFU,v3.0b1,current,World,Hard coal (if no detail),Total energy supply; Energy industry own use; Coal liquefaction plants,1.06,1.06,1.06,1.06,1.06,1.06,1.06,1.06,1.06,1.06,1.06,1.06,1.06,1.06,1.06,1.06,1.06,1.06,1.06,1.06,1.06,1.06,1.06,1.06,1.06,1.06
CL-PFU,v3.0b1,current,World,Hard coal (if no detail),Total energy supply; Energy industry own use; Liquefaction (LNG) / regasification plants,1.06,1.06,1.06,1.06,1.06,1.06,1.06,1.06,1.06,1.06,1.06,1.06,1.06,1.06,1.06,1.06,1.06,1.06,1.06,1.06,1.06,1.06,1.06,1.06,1.06,1.06
CL-PFU,v3.0b1,current,World,Hard coal (if no detail),Total energy supply; Energy industry own use; Gas-to-liquids (GTL) plants,1.06,1.06,1.06,1.06,1.06,1.06,1.06,1.06,1.06,1.06,1.06,1.06,1.06,1.06,1.06,1.06,1.06,1.06,1.06,1.06,1.06,1.06,1.06,1.06,1.06,1.06
CL-PFU,v3.0b1,current,World,Hard coal (if no detail),"Total energy supply; Energy industry own use; Own use in electricity, CHP and heat plants",1.06,1.06,1.06,1.06,1.06,1.06,1.06,1.06,1.06,1.06,1.06,1.06,1.06,1.06,1.06,1.06,1.06,1.06,1.06,1.06,1.06,1.06,1.06,1.06,1.06,1.06
CL-PFU,v3.0b1,current,World,Hard coal (if no detail),Total energy supply; Energy industry own use; Pumped storage plants,1.06,1.06,1.06,1.06,1.06,1.06,1.06,1.06,1.06,1.06,1.06,1.06,1.06,1.06,1.06,1.06,1.06,1.06,1.06,1.06,1.06,1.06,1.06,1.06,1.06,1.06
CL-PFU,v3.0b1,current,World,Hard coal (if no detail),Total energy supply; Energy industry own use; Nuclear industry,1.06,1.06,1.06,1.06,1.06,1.06,1.06,1.06,1.06,1.06,1.06,1.06,1.06,1.06,1.06,1.06,1.06,1.06,1.06,1.06,1.06,1.06,1.06,1.06,1.06,1.06
CL-PFU,v3.0b1,current,World,Hard coal (if no detail),Total energy supply; Energy industry own use; Charcoal production plants,1.06,1.06,1.06,1.06,1.06,1.06,1.06,1.06,1.06,1.06,1.06,1.06,1.06,1.06,1.06,1.06,1.06,1.06,1.06,1.06,1.06,1.06,1.06,1.06,1.06,1.06
CL-PFU,v3.0b1,current,World,Hard coal (if no detail),Total energy supply; Energy industry own use; Non-specified (energy),1.06,1.06,1.06,1.06,1.06,1.06,1.06,1.06,1.06,1.06,1.06,1.06,1.06,1.06,1.06,1.06,1.06,1.06,1.06,1.06,1.06,1.06,1.06,1.06,1.06,1.06
CL-PFU,v3.0b1,current,World,Hard coal (if no detail),Total energy supply; Losses,1.06,1.06,1.06,1.06,1.06,1.06,1.06,1.06,1.06,1.06,1.06,1.06,1.06,1.06,1.06,1.06,1.06,1.06,1.06,1.06,1.06,1.06,1.06,1.06,1.06,1.06
CL-PFU,v3.0b1,current,World,Hard coal (if no detail),Total energy supply; Total final consumption; Industry; Mining and quarrying,1.06,1.06,1.06,1.06,1.06,1.06,1.06,1.06,1.06,1.06,1.06,1.06,1.06,1.06,1.06,1.06,1.06,1.06,1.06,1.06,1.06,1.06,1.06,1.06,1.06,1.06
CL-PFU,v3.0b1,current,World,Hard coal (if no detail),Total energy supply; Total final consumption; Industry; Construction,1.06,1.06,1.06,1.06,1.06,1.06,1.06,1.06,1.06,1.06,1.06,1.06,1.06,1.06,1.06,1.06,1.06,1.06,1.06,1.06,1.06,1.06,1.06,1.06,1.06,1.06
CL-PFU,v3.0b1,current,World,Hard coal (if no detail),Total energy supply; Total final consumption; Industry; Manufacturing; Iron and steel,1.06,1.06,1.06,1.06,1.06,1.06,1.06,1.06,1.06,1.06,1.06,1.06,1.06,1.06,1.06,1.06,1.06,1.06,1.06,1.06,1.06,1.06,1.06,1.06,1.06,1.06
CL-PFU,v3.0b1,current,World,Hard coal (if no detail),Total energy supply; Total final consumption; Industry; Manufacturing; Chemical and petrochemical,1.06,1.06,1.06,1.06,1.06,1.06,1.06,1.06,1.06,1.06,1.06,1.06,1.06,1.06,1.06,1.06,1.06,1.06,1.06,1.06,1.06,1.06,1.06,1.06,1.06,1.06
CL-PFU,v3.0b1,current,World,Hard coal (if no detail),Total energy supply; Total final consumption; Industry; Manufacturing; Non-ferrous metals,1.06,1.06,1.06,1.06,1.06,1.06,1.06,1.06,1.06,1.06,1.06,1.06,1.06,1.06,1.06,1.06,1.06,1.06,1.06,1.06,1.06,1.06,1.06,1.06,1.06,1.06
CL-PFU,v3.0b1,current,World,Hard coal (if no detail),Total energy supply; Total final consumption; Industry; Manufacturing; Non-metallic minerals,1.06,1.06,1.06,1.06,1.06,1.06,1.06,1.06,1.06,1.06,1.06,1.06,1.06,1.06,1.06,1.06,1.06,1.06,1.06,1.06,1.06,1.06,1.06,1.06,1.06,1.06
CL-PFU,v3.0b1,current,World,Hard coal (if no detail),Total energy supply; Total final consumption; Industry; Manufacturing; Transport equipment,1.06,1.06,1.06,1.06,1.06,1.06,1.06,1.06,1.06,1.06,1.06,1.06,1.06,1.06,1.06,1.06,1.06,1.06,1.06,1.06,1.06,1.06,1.06,1.06,1.06,1.06
CL-PFU,v3.0b1,current,World,Hard coal (if no detail),Total energy supply; Total final consumption; Industry; Manufacturing; Machinery,1.06,1.06,1.06,1.06,1.06,1.06,1.06,1.06,1.06,1.06,1.06,1.06,1.06,1.06,1.06,1.06,1.06,1.06,1.06,1.06,1.06,1.06,1.06,1.06,1.06,1.06
CL-PFU,v3.0b1,current,World,Hard coal (if no detail),Total energy supply; Total final consumption; Industry; Manufacturing; Food and tobacco,1.06,1.06,1.06,1.06,1.06,1.06,1.06,1.06,1.06,1.06,1.06,1.06,1.06,1.06,1.06,1.06,1.06,1.06,1.06,1.06,1.06,1.06,1.06,1.06,1.06,1.06
CL-PFU,v3.0b1,current,World,Hard coal (if no detail),"Total energy supply; Total final consumption; Industry; Manufacturing; Paper, pulp and printing",1.06,1.06,1.06,1.06,1.06,1.06,1.06,1.06,1.06,1.06,1.06,1.06,1.06,1.06,1.06,1.06,1.06,1.06,1.06,1.06,1.06,1.06,1.06,1.06,1.06,1.06
CL-PFU,v3.0b1,current,World,Hard coal (if no detail),Total energy supply; Total final consumption; Industry; Manufacturing; Wood and wood products,1.06,1.06,1.06,1.06,1.06,1.06,1.06,1.06,1.06,1.06,1.06,1.06,1.06,1.06,1.06,1.06,1.06,1.06,1.06,1.06,1.06,1.06,1.06,1.06,1.06,1.06
CL-PFU,v3.0b1,current,World,Hard coal (if no detail),Total energy supply; Total final consumption; Industry; Manufacturing; Textile and leather,1.06,1.06,1.06,1.06,1.06,1.06,1.06,1.06,1.06,1.06,1.06,1.06,1.06,1.06,1.06,1.06,1.06,1.06,1.06,1.06,1.06,1.06,1.06,1.06,1.06,1.06
CL-PFU,v3.0b1,current,World,Hard coal (if no detail),Total energy supply; Total final consumption; Industry; Industry not elsewhere specified,1.06,1.06,1.06,1.06,1.06,1.06,1.06,1.06,1.06,1.06,1.06,1.06,1.06,1.06,1.06,1.06,1.06,1.06,1.06,1.06,1.06,1.06,1.06,1.06,1.06,1.06
CL-PFU,v3.0b1,current,World,Hard coal (if no detail),Total energy supply; Total final consumption; Transport; World aviation bunkers,1.06,1.06,1.06,1.06,1.06,1.06,1.06,1.06,1.06,1.06,1.06,1.06,1.06,1.06,1.06,1.06,1.06,1.06,1.06,1.06,1.06,1.06,1.06,1.06,1.06,1.06
CL-PFU,v3.0b1,current,World,Hard coal (if no detail),Total energy supply; Total final consumption; Transport; Domestic aviation,1.06,1.06,1.06,1.06,1.06,1.06,1.06,1.06,1.06,1.06,1.06,1.06,1.06,1.06,1.06,1.06,1.06,1.06,1.06,1.06,1.06,1.06,1.06,1.06,1.06,1.06
CL-PFU,v3.0b1,current,World,Hard coal (if no detail),Total energy supply; Total final consumption; Transport; Road,1.06,1.06,1.06,1.06,1.06,1.06,1.06,1.06,1.06,1.06,1.06,1.06,1.06,1.06,1.06,1.06,1.06,1.06,1.06,1.06,1.06,1.06,1.06,1.06,1.06,1.06
CL-PFU,v3.0b1,current,World,Hard coal (if no detail),Total energy supply; Total final consumption; Transport; Rail,1.06,1.06,1.06,1.06,1.06,1.06,1.06,1.06,1.06,1.06,1.06,1.06,1.06,1.06,1.06,1.06,1.06,1.06,1.06,1.06,1.06,1.06,1.06,1.06,1.06,1.06
CL-PFU,v3.0b1,current,World,Hard coal (if no detail),Total energy supply; Total final consumption; Transport; Pipeline transport,1.06,1.06,1.06,1.06,1.06,1.06,1.06,1.06,1.06,1.06,1.06,1.06,1.06,1.06,1.06,1.06,1.06,1.06,1.06,1.06,1.06,1.06,1.06,1.06,1.06,1.06
CL-PFU,v3.0b1,current,World,Hard coal (if no detail),Total energy supply; Total final consumption; Transport; World marine bunkers,1.06,1.06,1.06,1.06,1.06,1.06,1.06,1.06,1.06,1.06,1.06,1.06,1.06,1.06,1.06,1.06,1.06,1.06,1.06,1.06,1.06,1.06,1.06,1.06,1.06,1.06
CL-PFU,v3.0b1,current,World,Hard coal (if no detail),Total energy supply; Total final consumption; Transport; Domestic navigation,1.06,1.06,1.06,1.06,1.06,1.06,1.06,1.06,1.06,1.06,1.06,1.06,1.06,1.06,1.06,1.06,1.06,1.06,1.06,1.06,1.06,1.06,1.06,1.06,1.06,1.06
CL-PFU,v3.0b1,current,World,Hard coal (if no detail),Total energy supply; Total final consumption; Transport; Transport not elsewhere specified,1.06,1.06,1.06,1.06,1.06,1.06,1.06,1.06,1.06,1.06,1.06,1.06,1.06,1.06,1.06,1.06,1.06,1.06,1.06,1.06,1.06,1.06,1.06,1.06,1.06,1.06
CL-PFU,v3.0b1,current,World,Hard coal (if no detail),Total energy supply; Total final consumption; Residential,1.06,1.06,1.06,1.06,1.06,1.06,1.06,1.06,1.06,1.06,1.06,1.06,1.06,1.06,1.06,1.06,1.06,1.06,1.06,1.06,1.06,1.06,1.06,1.06,1.06,1.06
CL-PFU,v3.0b1,current,World,Hard coal (if no detail),Total energy supply; Total final consumption; Commercial and public services,1.06,1.06,1.06,1.06,1.06,1.06,1.06,1.06,1.06,1.06,1.06,1.06,1.06,1.06,1.06,1.06,1.06,1.06,1.06,1.06,1.06,1.06,1.06,1.06,1.06,1.06
CL-PFU,v3.0b1,current,World,Hard coal (if no detail),Total energy supply; Total final consumption; Agriculture/forestry,1.06,1.06,1.06,1.06,1.06,1.06,1.06,1.06,1.06,1.06,1.06,1.06,1.06,1.06,1.06,1.06,1.06,1.06,1.06,1.06,1.06,1.06,1.06,1.06,1.06,1.06
CL-PFU,v3.0b1,current,World,Hard coal (if no detail),Total energy supply; Total final consumption; Fishing,1.06,1.06,1.06,1.06,1.06,1.06,1.06,1.06,1.06,1.06,1.06,1.06,1.06,1.06,1.06,1.06,1.06,1.06,1.06,1.06,1.06,1.06,1.06,1.06,1.06,1.06
CL-PFU,v3.0b1,current,World,Hard coal (if no detail),Total energy supply; Total final consumption; Final consumption not elsewhere specified,1.06,1.06,1.06,1.06,1.06,1.06,1.06,1.06,1.06,1.06,1.06,1.06,1.06,1.06,1.06,1.06,1.06,1.06,1.06,1.06,1.06,1.06,1.06,1.06,1.06,1.06
CL-PFU,v3.0b1,current,World,Hard coal (if no detail),Total energy supply; Total final consumption; Non-energy use; Non-energy use industry/transformation/energy,1.06,1.06,1.06,1.06,1.06,1.06,1.06,1.06,1.06,1.06,1.06,1.06,1.06,1.06,1.06,1.06,1.06,1.06,1.06,1.06,1.06,1.06,1.06,1.06,1.06,1.06
CL-PFU,v3.0b1,current,World,Hard coal (if no detail),Total energy supply; Total final consumption; Non-energy use; Non-energy use in transport,1.06,1.06,1.06,1.06,1.06,1.06,1.06,1.06,1.06,1.06,1.06,1.06,1.06,1.06,1.06,1.06,1.06,1.06,1.06,1.06,1.06,1.06,1.06,1.06,1.06,1.06
CL-PFU,v3.0b1,current,World,Hard coal (if no detail),Total energy supply; Total final consumption; Non-energy use; Non-energy use in other,1.06,1.06,1.06,1.06,1.06,1.06,1.06,1.06,1.06,1.06,1.06,1.06,1.06,1.06,1.06,1.06,1.06,1.06,1.06,1.06,1.06,1.06,1.06,1.06,1.06,1.06
CL-PFU,v3.0b1,current,World,Heat,Total energy supply; Energy industry own use; Coal mines,0.86149096785086,0.86149096785086,0.86149096785086,0.86149096785086,0.86149096785086,0.86149096785086,0.86149096785086,0.86149096785086,0.86149096785086,0.86149096785086,0.86149096785086,0.86149096785086,0.86149096785086,0.86149096785086,0.86149096785086,0.86149096785086,0.86149096785086,0.86149096785086,0.86149096785086,0.86149096785086,0.86149096785086,0.86149096785086,0.86149096785086,0.86149096785086,0.86149096785086,0.86149096785086
CL-PFU,v3.0b1,current,World,Heat,Total energy supply; Energy industry own use; Oil and gas extraction,0.86149096785086,0.86149096785086,0.86149096785086,0.86149096785086,0.86149096785086,0.86149096785086,0.86149096785086,0.86149096785086,0.86149096785086,0.86149096785086,0.86149096785086,0.86149096785086,0.86149096785086,0.86149096785086,0.86149096785086,0.86149096785086,0.86149096785086,0.86149096785086,0.86149096785086,0.86149096785086,0.86149096785086,0.86149096785086,0.86149096785086,0.86149096785086,0.86149096785086,0.86149096785086
CL-PFU,v3.0b1,current,World,Heat,Total energy supply; Energy industry own use; Blast furnaces,0.86149096785086,0.86149096785086,0.86149096785086,0.86149096785086,0.86149096785086,0.86149096785086,0.86149096785086,0.86149096785086,0.86149096785086,0.86149096785086,0.86149096785086,0.86149096785086,0.86149096785086,0.86149096785086,0.86149096785086,0.86149096785086,0.86149096785086,0.86149096785086,0.86149096785086,0.86149096785086,0.86149096785086,0.86149096785086,0.86149096785086,0.86149096785086,0.86149096785086,0.86149096785086
CL-PFU,v3.0b1,current,World,Heat,Total energy supply; Energy industry own use; Gas works,0.86149096785086,0.86149096785086,0.86149096785086,0.86149096785086,0.86149096785086,0.86149096785086,0.86149096785086,0.86149096785086,0.86149096785086,0.86149096785086,0.86149096785086,0.86149096785086,0.86149096785086,0.86149096785086,0.86149096785086,0.86149096785086,0.86149096785086,0.86149096785086,0.86149096785086,0.86149096785086,0.86149096785086,0.86149096785086,0.86149096785086,0.86149096785086,0.86149096785086,0.86149096785086
CL-PFU,v3.0b1,current,World,Heat,Total energy supply; Energy industry own use; Gasification plants for biogases,0.86149096785086,0.86149096785086,0.86149096785086,0.86149096785086,0.86149096785086,0.86149096785086,0.86149096785086,0.86149096785086,0.86149096785086,0.86149096785086,0.86149096785086,0.86149096785086,0.86149096785086,0.86149096785086,0.86149096785086,0.86149096785086,0.86149096785086,0.86149096785086,0.86149096785086,0.86149096785086,0.86149096785086,0.86149096785086,0.86149096785086,0.86149096785086,0.86149096785086,0.86149096785086
CL-PFU,v3.0b1,current,World,Heat,Total energy supply; Energy industry own use; Coke ovens,0.86149096785086,0.86149096785086,0.86149096785086,0.86149096785086,0.86149096785086,0.86149096785086,0.86149096785086,0.86149096785086,0.86149096785086,0.86149096785086,0.86149096785086,0.86149096785086,0.86149096785086,0.86149096785086,0.86149096785086,0.86149096785086,0.86149096785086,0.86149096785086,0.86149096785086,0.86149096785086,0.86149096785086,0.86149096785086,0.86149096785086,0.86149096785086,0.86149096785086,0.86149096785086
CL-PFU,v3.0b1,current,World,Heat,Total energy supply; Energy industry own use; Patent fuel plants,0.86149096785086,0.86149096785086,0.86149096785086,0.86149096785086,0.86149096785086,0.86149096785086,0.86149096785086,0.86149096785086,0.86149096785086,0.86149096785086,0.86149096785086,0.86149096785086,0.86149096785086,0.86149096785086,0.86149096785086,0.86149096785086,0.86149096785086,0.86149096785086,0.86149096785086,0.86149096785086,0.86149096785086,0.86149096785086,0.86149096785086,0.86149096785086,0.86149096785086,0.86149096785086
CL-PFU,v3.0b1,current,World,Heat,Total energy supply; Energy industry own use; BKB/peat briquette plants,0.86149096785086,0.86149096785086,0.86149096785086,0.86149096785086,0.86149096785086,0.86149096785086,0.86149096785086,0.86149096785086,0.86149096785086,0.86149096785086,0.86149096785086,0.86149096785086,0.86149096785086,0.86149096785086,0.86149096785086,0.86149096785086,0.86149096785086,0.86149096785086,0.86149096785086,0.86149096785086,0.86149096785086,0.86149096785086,0.86149096785086,0.86149096785086,0.86149096785086,0.86149096785086
CL-PFU,v3.0b1,current,World,Heat,Total energy supply; Energy industry own use; Oil refineries,0.86149096785086,0.86149096785086,0.86149096785086,0.86149096785086,0.86149096785086,0.86149096785086,0.86149096785086,0.86149096785086,0.86149096785086,0.86149096785086,0.86149096785086,0.86149096785086,0.86149096785086,0.86149096785086,0.86149096785086,0.86149096785086,0.86149096785086,0.86149096785086,0.86149096785086,0.86149096785086,0.86149096785086,0.86149096785086,0.86149096785086,0.86149096785086,0.86149096785086,0.86149096785086
CL-PFU,v3.0b1,current,World,Heat,Total energy supply; Energy industry own use; Coal liquefaction plants,0.86149096785086,0.86149096785086,0.86149096785086,0.86149096785086,0.86149096785086,0.86149096785086,0.86149096785086,0.86149096785086,0.86149096785086,0.86149096785086,0.86149096785086,0.86149096785086,0.86149096785086,0.86149096785086,0.86149096785086,0.86149096785086,0.86149096785086,0.86149096785086,0.86149096785086,0.86149096785086,0.86149096785086,0.86149096785086,0.86149096785086,0.86149096785086,0.86149096785086,0.86149096785086
CL-PFU,v3.0b1,current,World,Heat,Total energy supply; Energy industry own use; Liquefaction (LNG) / regasification plants,0.86149096785086,0.86149096785086,0.86149096785086,0.86149096785086,0.86149096785086,0.86149096785086,0.86149096785086,0.86149096785086,0.86149096785086,0.86149096785086,0.86149096785086,0.86149096785086,0.86149096785086,0.86149096785086,0.86149096785086,0.86149096785086,0.86149096785086,0.86149096785086,0.86149096785086,0.86149096785086,0.86149096785086,0.86149096785086,0.86149096785086,0.86149096785086,0.86149096785086,0.86149096785086
CL-PFU,v3.0b1,current,World,Heat,Total energy supply; Energy industry own use; Gas-to-liquids (GTL) plants,0.86149096785086,0.86149096785086,0.86149096785086,0.86149096785086,0.86149096785086,0.86149096785086,0.86149096785086,0.86149096785086,0.86149096785086,0.86149096785086,0.86149096785086,0.86149096785086,0.86149096785086,0.86149096785086,0.86149096785086,0.86149096785086,0.86149096785086,0.86149096785086,0.86149096785086,0.86149096785086,0.86149096785086,0.86149096785086,0.86149096785086,0.86149096785086,0.86149096785086,0.86149096785086
CL-PFU,v3.0b1,current,World,Heat,"Total energy supply; Energy industry own use; Own use in electricity, CHP and heat plants",0.86149096785086,0.86149096785086,0.86149096785086,0.86149096785086,0.86149096785086,0.86149096785086,0.86149096785086,0.86149096785086,0.86149096785086,0.86149096785086,0.86149096785086,0.86149096785086,0.86149096785086,0.86149096785086,0.86149096785086,0.86149096785086,0.86149096785086,0.86149096785086,0.86149096785086,0.86149096785086,0.86149096785086,0.86149096785086,0.86149096785086,0.86149096785086,0.86149096785086,0.86149096785086
CL-PFU,v3.0b1,current,World,Heat,Total energy supply; Energy industry own use; Pumped storage plants,0.86149096785086,0.86149096785086,0.86149096785086,0.86149096785086,0.86149096785086,0.86149096785086,0.86149096785086,0.86149096785086,0.86149096785086,0.86149096785086,0.86149096785086,0.86149096785086,0.86149096785086,0.86149096785086,0.86149096785086,0.86149096785086,0.86149096785086,0.86149096785086,0.86149096785086,0.86149096785086,0.86149096785086,0.86149096785086,0.86149096785086,0.86149096785086,0.86149096785086,0.86149096785086
CL-PFU,v3.0b1,current,World,Heat,Total energy supply; Energy industry own use; Nuclear industry,0.86149096785086,0.86149096785086,0.86149096785086,0.86149096785086,0.86149096785086,0.86149096785086,0.86149096785086,0.86149096785086,0.86149096785086,0.86149096785086,0.86149096785086,0.86149096785086,0.86149096785086,0.86149096785086,0.86149096785086,0.86149096785086,0.86149096785086,0.86149096785086,0.86149096785086,0.86149096785086,0.86149096785086,0.86149096785086,0.86149096785086,0.86149096785086,0.86149096785086,0.86149096785086
CL-PFU,v3.0b1,current,World,Heat,Total energy supply; Energy industry own use; Charcoal production plants,0.86149096785086,0.86149096785086,0.86149096785086,0.86149096785086,0.86149096785086,0.86149096785086,0.86149096785086,0.86149096785086,0.86149096785086,0.86149096785086,0.86149096785086,0.86149096785086,0.86149096785086,0.86149096785086,0.86149096785086,0.86149096785086,0.86149096785086,0.86149096785086,0.86149096785086,0.86149096785086,0.86149096785086,0.86149096785086,0.86149096785086,0.86149096785086,0.86149096785086,0.86149096785086
CL-PFU,v3.0b1,current,World,Heat,Total energy supply; Energy industry own use; Non-specified (energy),0.86149096785086,0.86149096785086,0.86149096785086,0.86149096785086,0.86149096785086,0.86149096785086,0.86149096785086,0.86149096785086,0.86149096785086,0.86149096785086,0.86149096785086,0.86149096785086,0.86149096785086,0.86149096785086,0.86149096785086,0.86149096785086,0.86149096785086,0.86149096785086,0.86149096785086,0.86149096785086,0.86149096785086,0.86149096785086,0.86149096785086,0.86149096785086,0.86149096785086,0.86149096785086
CL-PFU,v3.0b1,current,World,Heat,Total energy supply; Losses,0.86149096785086,0.86149096785086,0.86149096785086,0.86149096785086,0.86149096785086,0.86149096785086,0.86149096785086,0.86149096785086,0.86149096785086,0.86149096785086,0.86149096785086,0.86149096785086,0.86149096785086,0.86149096785086,0.86149096785086,0.86149096785086,0.86149096785086,0.86149096785086,0.86149096785086,0.86149096785086,0.86149096785086,0.86149096785086,0.86149096785086,0.86149096785086,0.86149096785086,0.86149096785086
CL-PFU,v3.0b1,current,World,Heat,Total energy supply; Total final consumption; Industry; Mining and quarrying,0.86149096785086,0.86149096785086,0.86149096785086,0.86149096785086,0.86149096785086,0.86149096785086,0.86149096785086,0.86149096785086,0.86149096785086,0.86149096785086,0.86149096785086,0.86149096785086,0.86149096785086,0.86149096785086,0.86149096785086,0.86149096785086,0.86149096785086,0.86149096785086,0.86149096785086,0.86149096785086,0.86149096785086,0.86149096785086,0.86149096785086,0.86149096785086,0.86149096785086,0.86149096785086
CL-PFU,v3.0b1,current,World,Heat,Total energy supply; Total final consumption; Industry; Construction,0.86149096785086,0.86149096785086,0.86149096785086,0.86149096785086,0.86149096785086,0.86149096785086,0.86149096785086,0.86149096785086,0.86149096785086,0.86149096785086,0.86149096785086,0.86149096785086,0.86149096785086,0.86149096785086,0.86149096785086,0.86149096785086,0.86149096785086,0.86149096785086,0.86149096785086,0.86149096785086,0.86149096785086,0.86149096785086,0.86149096785086,0.86149096785086,0.86149096785086,0.86149096785086
CL-PFU,v3.0b1,current,World,Heat,Total energy supply; Total final consumption; Industry; Manufacturing; Iron and steel,0.86149096785086,0.86149096785086,0.86149096785086,0.86149096785086,0.86149096785086,0.86149096785086,0.86149096785086,0.86149096785086,0.86149096785086,0.86149096785086,0.86149096785086,0.86149096785086,0.86149096785086,0.86149096785086,0.86149096785086,0.86149096785086,0.86149096785086,0.86149096785086,0.86149096785086,0.86149096785086,0.86149096785086,0.86149096785086,0.86149096785086,0.86149096785086,0.86149096785086,0.86149096785086
CL-PFU,v3.0b1,current,World,Heat,Total energy supply; Total final consumption; Industry; Manufacturing; Chemical and petrochemical,0.86149096785086,0.86149096785086,0.86149096785086,0.86149096785086,0.86149096785086,0.86149096785086,0.86149096785086,0.86149096785086,0.86149096785086,0.86149096785086,0.86149096785086,0.86149096785086,0.86149096785086,0.86149096785086,0.86149096785086,0.86149096785086,0.86149096785086,0.86149096785086,0.86149096785086,0.86149096785086,0.86149096785086,0.86149096785086,0.86149096785086,0.86149096785086,0.86149096785086,0.86149096785086
CL-PFU,v3.0b1,current,World,Heat,Total energy supply; Total final consumption; Industry; Manufacturing; Non-ferrous metals,0.86149096785086,0.86149096785086,0.86149096785086,0.86149096785086,0.86149096785086,0.86149096785086,0.86149096785086,0.86149096785086,0.86149096785086,0.86149096785086,0.86149096785086,0.86149096785086,0.86149096785086,0.86149096785086,0.86149096785086,0.86149096785086,0.86149096785086,0.86149096785086,0.86149096785086,0.86149096785086,0.86149096785086,0.86149096785086,0.86149096785086,0.86149096785086,0.86149096785086,0.86149096785086
CL-PFU,v3.0b1,current,World,Heat,Total energy supply; Total final consumption; Industry; Manufacturing; Non-metallic minerals,0.86149096785086,0.86149096785086,0.86149096785086,0.86149096785086,0.86149096785086,0.86149096785086,0.86149096785086,0.86149096785086,0.86149096785086,0.86149096785086,0.86149096785086,0.86149096785086,0.86149096785086,0.86149096785086,0.86149096785086,0.86149096785086,0.86149096785086,0.86149096785086,0.86149096785086,0.86149096785086,0.86149096785086,0.86149096785086,0.86149096785086,0.86149096785086,0.86149096785086,0.86149096785086
CL-PFU,v3.0b1,current,World,Heat,Total energy supply; Total final consumption; Industry; Manufacturing; Transport equipment,0.86149096785086,0.86149096785086,0.86149096785086,0.86149096785086,0.86149096785086,0.86149096785086,0.86149096785086,0.86149096785086,0.86149096785086,0.86149096785086,0.86149096785086,0.86149096785086,0.86149096785086,0.86149096785086,0.86149096785086,0.86149096785086,0.86149096785086,0.86149096785086,0.86149096785086,0.86149096785086,0.86149096785086,0.86149096785086,0.86149096785086,0.86149096785086,0.86149096785086,0.86149096785086
CL-PFU,v3.0b1,current,World,Heat,Total energy supply; Total final consumption; Industry; Manufacturing; Machinery,0.86149096785086,0.86149096785086,0.86149096785086,0.86149096785086,0.86149096785086,0.86149096785086,0.86149096785086,0.86149096785086,0.86149096785086,0.86149096785086,0.86149096785086,0.86149096785086,0.86149096785086,0.86149096785086,0.86149096785086,0.86149096785086,0.86149096785086,0.86149096785086,0.86149096785086,0.86149096785086,0.86149096785086,0.86149096785086,0.86149096785086,0.86149096785086,0.86149096785086,0.86149096785086
CL-PFU,v3.0b1,current,World,Heat,Total energy supply; Total final consumption; Industry; Manufacturing; Food and tobacco,0.86149096785086,0.86149096785086,0.86149096785086,0.86149096785086,0.86149096785086,0.86149096785086,0.86149096785086,0.86149096785086,0.86149096785086,0.86149096785086,0.86149096785086,0.86149096785086,0.86149096785086,0.86149096785086,0.86149096785086,0.86149096785086,0.86149096785086,0.86149096785086,0.86149096785086,0.86149096785086,0.86149096785086,0.86149096785086,0.86149096785086,0.86149096785086,0.86149096785086,0.86149096785086
CL-PFU,v3.0b1,current,World,Heat,"Total energy supply; Total final consumption; Industry; Manufacturing; Paper, pulp and printing",0.86149096785086,0.86149096785086,0.86149096785086,0.86149096785086,0.86149096785086,0.86149096785086,0.86149096785086,0.86149096785086,0.86149096785086,0.86149096785086,0.86149096785086,0.86149096785086,0.86149096785086,0.86149096785086,0.86149096785086,0.86149096785086,0.86149096785086,0.86149096785086,0.86149096785086,0.86149096785086,0.86149096785086,0.86149096785086,0.86149096785086,0.86149096785086,0.86149096785086,0.86149096785086
CL-PFU,v3.0b1,current,World,Heat,Total energy supply; Total final consumption; Industry; Manufacturing; Wood and wood products,0.86149096785086,0.86149096785086,0.86149096785086,0.86149096785086,0.86149096785086,0.86149096785086,0.86149096785086,0.86149096785086,0.86149096785086,0.86149096785086,0.86149096785086,0.86149096785086,0.86149096785086,0.86149096785086,0.86149096785086,0.86149096785086,0.86149096785086,0.86149096785086,0.86149096785086,0.86149096785086,0.86149096785086,0.86149096785086,0.86149096785086,0.86149096785086,0.86149096785086,0.86149096785086
CL-PFU,v3.0b1,current,World,Heat,Total energy supply; Total final consumption; Industry; Manufacturing; Textile and leather,0.86149096785086,0.86149096785086,0.86149096785086,0.86149096785086,0.86149096785086,0.86149096785086,0.86149096785086,0.86149096785086,0.86149096785086,0.86149096785086,0.86149096785086,0.86149096785086,0.86149096785086,0.86149096785086,0.86149096785086,0.86149096785086,0.86149096785086,0.86149096785086,0.86149096785086,0.86149096785086,0.86149096785086,0.86149096785086,0.86149096785086,0.86149096785086,0.86149096785086,0.86149096785086
CL-PFU,v3.0b1,current,World,Heat,Total energy supply; Total final consumption; Industry; Industry not elsewhere specified,0.86149096785086,0.86149096785086,0.86149096785086,0.86149096785086,0.86149096785086,0.86149096785086,0.86149096785086,0.86149096785086,0.86149096785086,0.86149096785086,0.86149096785086,0.86149096785086,0.86149096785086,0.86149096785086,0.86149096785086,0.86149096785086,0.86149096785086,0.86149096785086,0.86149096785086,0.86149096785086,0.86149096785086,0.86149096785086,0.86149096785086,0.86149096785086,0.86149096785086,0.86149096785086
CL-PFU,v3.0b1,current,World,Heat,Total energy supply; Total final consumption; Transport; World aviation bunkers,0.86149096785086,0.86149096785086,0.86149096785086,0.86149096785086,0.86149096785086,0.86149096785086,0.86149096785086,0.86149096785086,0.86149096785086,0.86149096785086,0.86149096785086,0.86149096785086,0.86149096785086,0.86149096785086,0.86149096785086,0.86149096785086,0.86149096785086,0.86149096785086,0.86149096785086,0.86149096785086,0.86149096785086,0.86149096785086,0.86149096785086,0.86149096785086,0.86149096785086,0.86149096785086
CL-PFU,v3.0b1,current,World,Heat,Total energy supply; Total final consumption; Transport; Domestic aviation,0.86149096785086,0.86149096785086,0.86149096785086,0.86149096785086,0.86149096785086,0.86149096785086,0.86149096785086,0.86149096785086,0.86149096785086,0.86149096785086,0.86149096785086,0.86149096785086,0.86149096785086,0.86149096785086,0.86149096785086,0.86149096785086,0.86149096785086,0.86149096785086,0.86149096785086,0.86149096785086,0.86149096785086,0.86149096785086,0.86149096785086,0.86149096785086,0.86149096785086,0.86149096785086
CL-PFU,v3.0b1,current,World,Heat,Total energy supply; Total final consumption; Transport; Road,0.86149096785086,0.86149096785086,0.86149096785086,0.86149096785086,0.86149096785086,0.86149096785086,0.86149096785086,0.86149096785086,0.86149096785086,0.86149096785086,0.86149096785086,0.86149096785086,0.86149096785086,0.86149096785086,0.86149096785086,0.86149096785086,0.86149096785086,0.86149096785086,0.86149096785086,0.86149096785086,0.86149096785086,0.86149096785086,0.86149096785086,0.86149096785086,0.86149096785086,0.86149096785086
CL-PFU,v3.0b1,current,World,Heat,Total energy supply; Total final consumption; Transport; Rail,0.86149096785086,0.86149096785086,0.86149096785086,0.86149096785086,0.86149096785086,0.86149096785086,0.86149096785086,0.86149096785086,0.86149096785086,0.86149096785086,0.86149096785086,0.86149096785086,0.86149096785086,0.86149096785086,0.86149096785086,0.86149096785086,0.86149096785086,0.86149096785086,0.86149096785086,0.86149096785086,0.86149096785086,0.86149096785086,0.86149096785086,0.86149096785086,0.86149096785086,0.86149096785086
CL-PFU,v3.0b1,current,World,Heat,Total energy supply; Total final consumption; Transport; Pipeline transport,0.86149096785086,0.86149096785086,0.86149096785086,0.86149096785086,0.86149096785086,0.86149096785086,0.86149096785086,0.86149096785086,0.86149096785086,0.86149096785086,0.86149096785086,0.86149096785086,0.86149096785086,0.86149096785086,0.86149096785086,0.86149096785086,0.86149096785086,0.86149096785086,0.86149096785086,0.86149096785086,0.86149096785086,0.86149096785086,0.86149096785086,0.86149096785086,0.86149096785086,0.86149096785086
CL-PFU,v3.0b1,current,World,Heat,Total energy supply; Total final consumption; Transport; World marine bunkers,0.86149096785086,0.86149096785086,0.86149096785086,0.86149096785086,0.86149096785086,0.86149096785086,0.86149096785086,0.86149096785086,0.86149096785086,0.86149096785086,0.86149096785086,0.86149096785086,0.86149096785086,0.86149096785086,0.86149096785086,0.86149096785086,0.86149096785086,0.86149096785086,0.86149096785086,0.86149096785086,0.86149096785086,0.86149096785086,0.86149096785086,0.86149096785086,0.86149096785086,0.86149096785086
CL-PFU,v3.0b1,current,World,Heat,Total energy supply; Total final consumption; Transport; Domestic navigation,0.86149096785086,0.86149096785086,0.86149096785086,0.86149096785086,0.86149096785086,0.86149096785086,0.86149096785086,0.86149096785086,0.86149096785086,0.86149096785086,0.86149096785086,0.86149096785086,0.86149096785086,0.86149096785086,0.86149096785086,0.86149096785086,0.86149096785086,0.86149096785086,0.86149096785086,0.86149096785086,0.86149096785086,0.86149096785086,0.86149096785086,0.86149096785086,0.86149096785086,0.86149096785086
CL-PFU,v3.0b1,current,World,Heat,Total energy supply; Total final consumption; Transport; Transport not elsewhere specified,0.86149096785086,0.86149096785086,0.86149096785086,0.86149096785086,0.86149096785086,0.86149096785086,0.86149096785086,0.86149096785086,0.86149096785086,0.86149096785086,0.86149096785086,0.86149096785086,0.86149096785086,0.86149096785086,0.86149096785086,0.86149096785086,0.86149096785086,0.86149096785086,0.86149096785086,0.86149096785086,0.86149096785086,0.86149096785086,0.86149096785086,0.86149096785086,0.86149096785086,0.86149096785086
CL-PFU,v3.0b1,current,World,Heat,Total energy supply; Total final consumption; Residential,0.86149096785086,0.86149096785086,0.86149096785086,0.86149096785086,0.86149096785086,0.86149096785086,0.86149096785086,0.86149096785086,0.86149096785086,0.86149096785086,0.86149096785086,0.86149096785086,0.86149096785086,0.86149096785086,0.86149096785086,0.86149096785086,0.86149096785086,0.86149096785086,0.86149096785086,0.86149096785086,0.86149096785086,0.86149096785086,0.86149096785086,0.86149096785086,0.86149096785086,0.86149096785086
CL-PFU,v3.0b1,current,World,Heat,Total energy supply; Total final consumption; Commercial and public services,0.86149096785086,0.86149096785086,0.86149096785086,0.86149096785086,0.86149096785086,0.86149096785086,0.86149096785086,0.86149096785086,0.86149096785086,0.86149096785086,0.86149096785086,0.86149096785086,0.86149096785086,0.86149096785086,0.86149096785086,0.86149096785086,0.86149096785086,0.86149096785086,0.86149096785086,0.86149096785086,0.86149096785086,0.86149096785086,0.86149096785086,0.86149096785086,0.86149096785086,0.86149096785086
CL-PFU,v3.0b1,current,World,Heat,Total energy supply; Total final consumption; Agriculture/forestry,0.86149096785086,0.86149096785086,0.86149096785086,0.86149096785086,0.86149096785086,0.86149096785086,0.86149096785086,0.86149096785086,0.86149096785086,0.86149096785086,0.86149096785086,0.86149096785086,0.86149096785086,0.86149096785086,0.86149096785086,0.86149096785086,0.86149096785086,0.86149096785086,0.86149096785086,0.86149096785086,0.86149096785086,0.86149096785086,0.86149096785086,0.86149096785086,0.86149096785086,0.86149096785086
CL-PFU,v3.0b1,current,World,Heat,Total energy supply; Total final consumption; Fishing,0.86149096785086,0.86149096785086,0.86149096785086,0.86149096785086,0.86149096785086,0.86149096785086,0.86149096785086,0.86149096785086,0.86149096785086,0.86149096785086,0.86149096785086,0.86149096785086,0.86149096785086,0.86149096785086,0.86149096785086,0.86149096785086,0.86149096785086,0.86149096785086,0.86149096785086,0.86149096785086,0.86149096785086,0.86149096785086,0.86149096785086,0.86149096785086,0.86149096785086,0.86149096785086
CL-PFU,v3.0b1,current,World,Heat,Total energy supply; Total final consumption; Final consumption not elsewhere specified,0.86149096785086,0.86149096785086,0.86149096785086,0.86149096785086,0.86149096785086,0.86149096785086,0.86149096785086,0.86149096785086,0.86149096785086,0.86149096785086,0.86149096785086,0.86149096785086,0.86149096785086,0.86149096785086,0.86149096785086,0.86149096785086,0.86149096785086,0.86149096785086,0.86149096785086,0.86149096785086,0.86149096785086,0.86149096785086,0.86149096785086,0.86149096785086,0.86149096785086,0.86149096785086
CL-PFU,v3.0b1,current,World,Heat,Total energy supply; Total final consumption; Non-energy use; Non-energy use industry/transformation/energy,0.86149096785086,0.86149096785086,0.86149096785086,0.86149096785086,0.86149096785086,0.86149096785086,0.86149096785086,0.86149096785086,0.86149096785086,0.86149096785086,0.86149096785086,0.86149096785086,0.86149096785086,0.86149096785086,0.86149096785086,0.86149096785086,0.86149096785086,0.86149096785086,0.86149096785086,0.86149096785086,0.86149096785086,0.86149096785086,0.86149096785086,0.86149096785086,0.86149096785086,0.86149096785086
CL-PFU,v3.0b1,current,World,Heat,Total energy supply; Total final consumption; Non-energy use; Non-energy use in transport,0.86149096785086,0.86149096785086,0.86149096785086,0.86149096785086,0.86149096785086,0.86149096785086,0.86149096785086,0.86149096785086,0.86149096785086,0.86149096785086,0.86149096785086,0.86149096785086,0.86149096785086,0.86149096785086,0.86149096785086,0.86149096785086,0.86149096785086,0.86149096785086,0.86149096785086,0.86149096785086,0.86149096785086,0.86149096785086,0.86149096785086,0.86149096785086,0.86149096785086,0.86149096785086
CL-PFU,v3.0b1,current,World,Heat,Total energy supply; Total final consumption; Non-energy use; Non-energy use in other,0.86149096785086,0.86149096785086,0.86149096785086,0.86149096785086,0.86149096785086,0.86149096785086,0.86149096785086,0.86149096785086,0.86149096785086,0.86149096785086,0.86149096785086,0.86149096785086,0.86149096785086,0.86149096785086,0.86149096785086,0.86149096785086,0.86149096785086,0.86149096785086,0.86149096785086,0.86149096785086,0.86149096785086,0.86149096785086,0.86149096785086,0.86149096785086,0.86149096785086,0.86149096785086
CL-PFU,v3.0b1,current,World,Hydro,Total energy supply; Energy industry own use; Coal mines,1,1,1,1,1,1,1,1,1,1,1,1,1,1,1,1,1,1,1,1,1,1,1,1,1,1
CL-PFU,v3.0b1,current,World,Hydro,Total energy supply; Energy industry own use; Oil and gas extraction,1,1,1,1,1,1,1,1,1,1,1,1,1,1,1,1,1,1,1,1,1,1,1,1,1,1
CL-PFU,v3.0b1,current,World,Hydro,Total energy supply; Energy industry own use; Blast furnaces,1,1,1,1,1,1,1,1,1,1,1,1,1,1,1,1,1,1,1,1,1,1,1,1,1,1
CL-PFU,v3.0b1,current,World,Hydro,Total energy supply; Energy industry own use; Gas works,1,1,1,1,1,1,1,1,1,1,1,1,1,1,1,1,1,1,1,1,1,1,1,1,1,1
CL-PFU,v3.0b1,current,World,Hydro,Total energy supply; Energy industry own use; Gasification plants for biogases,1,1,1,1,1,1,1,1,1,1,1,1,1,1,1,1,1,1,1,1,1,1,1,1,1,1
CL-PFU,v3.0b1,current,World,Hydro,Total energy supply; Energy industry own use; Coke ovens,1,1,1,1,1,1,1,1,1,1,1,1,1,1,1,1,1,1,1,1,1,1,1,1,1,1
CL-PFU,v3.0b1,current,World,Hydro,Total energy supply; Energy industry own use; Patent fuel plants,1,1,1,1,1,1,1,1,1,1,1,1,1,1,1,1,1,1,1,1,1,1,1,1,1,1
CL-PFU,v3.0b1,current,World,Hydro,Total energy supply; Energy industry own use; BKB/peat briquette plants,1,1,1,1,1,1,1,1,1,1,1,1,1,1,1,1,1,1,1,1,1,1,1,1,1,1
CL-PFU,v3.0b1,current,World,Hydro,Total energy supply; Energy industry own use; Oil refineries,1,1,1,1,1,1,1,1,1,1,1,1,1,1,1,1,1,1,1,1,1,1,1,1,1,1
CL-PFU,v3.0b1,current,World,Hydro,Total energy supply; Energy industry own use; Coal liquefaction plants,1,1,1,1,1,1,1,1,1,1,1,1,1,1,1,1,1,1,1,1,1,1,1,1,1,1
CL-PFU,v3.0b1,current,World,Hydro,Total energy supply; Energy industry own use; Liquefaction (LNG) / regasification plants,1,1,1,1,1,1,1,1,1,1,1,1,1,1,1,1,1,1,1,1,1,1,1,1,1,1
CL-PFU,v3.0b1,current,World,Hydro,Total energy supply; Energy industry own use; Gas-to-liquids (GTL) plants,1,1,1,1,1,1,1,1,1,1,1,1,1,1,1,1,1,1,1,1,1,1,1,1,1,1
CL-PFU,v3.0b1,current,World,Hydro,"Total energy supply; Energy industry own use; Own use in electricity, CHP and heat plants",1,1,1,1,1,1,1,1,1,1,1,1,1,1,1,1,1,1,1,1,1,1,1,1,1,1
CL-PFU,v3.0b1,current,World,Hydro,Total energy supply; Energy industry own use; Pumped storage plants,1,1,1,1,1,1,1,1,1,1,1,1,1,1,1,1,1,1,1,1,1,1,1,1,1,1
CL-PFU,v3.0b1,current,World,Hydro,Total energy supply; Energy industry own use; Nuclear industry,1,1,1,1,1,1,1,1,1,1,1,1,1,1,1,1,1,1,1,1,1,1,1,1,1,1
CL-PFU,v3.0b1,current,World,Hydro,Total energy supply; Energy industry own use; Charcoal production plants,1,1,1,1,1,1,1,1,1,1,1,1,1,1,1,1,1,1,1,1,1,1,1,1,1,1
CL-PFU,v3.0b1,current,World,Hydro,Total energy supply; Energy industry own use; Non-specified (energy),1,1,1,1,1,1,1,1,1,1,1,1,1,1,1,1,1,1,1,1,1,1,1,1,1,1
CL-PFU,v3.0b1,current,World,Hydro,Total energy supply; Losses,1,1,1,1,1,1,1,1,1,1,1,1,1,1,1,1,1,1,1,1,1,1,1,1,1,1
CL-PFU,v3.0b1,current,World,Hydro,Total energy supply; Total final consumption; Industry; Mining and quarrying,1,1,1,1,1,1,1,1,1,1,1,1,1,1,1,1,1,1,1,1,1,1,1,1,1,1
CL-PFU,v3.0b1,current,World,Hydro,Total energy supply; Total final consumption; Industry; Construction,1,1,1,1,1,1,1,1,1,1,1,1,1,1,1,1,1,1,1,1,1,1,1,1,1,1
CL-PFU,v3.0b1,current,World,Hydro,Total energy supply; Total final consumption; Industry; Manufacturing; Iron and steel,1,1,1,1,1,1,1,1,1,1,1,1,1,1,1,1,1,1,1,1,1,1,1,1,1,1
CL-PFU,v3.0b1,current,World,Hydro,Total energy supply; Total final consumption; Industry; Manufacturing; Chemical and petrochemical,1,1,1,1,1,1,1,1,1,1,1,1,1,1,1,1,1,1,1,1,1,1,1,1,1,1
CL-PFU,v3.0b1,current,World,Hydro,Total energy supply; Total final consumption; Industry; Manufacturing; Non-ferrous metals,1,1,1,1,1,1,1,1,1,1,1,1,1,1,1,1,1,1,1,1,1,1,1,1,1,1
CL-PFU,v3.0b1,current,World,Hydro,Total energy supply; Total final consumption; Industry; Manufacturing; Non-metallic minerals,1,1,1,1,1,1,1,1,1,1,1,1,1,1,1,1,1,1,1,1,1,1,1,1,1,1
CL-PFU,v3.0b1,current,World,Hydro,Total energy supply; Total final consumption; Industry; Manufacturing; Transport equipment,1,1,1,1,1,1,1,1,1,1,1,1,1,1,1,1,1,1,1,1,1,1,1,1,1,1
CL-PFU,v3.0b1,current,World,Hydro,Total energy supply; Total final consumption; Industry; Manufacturing; Machinery,1,1,1,1,1,1,1,1,1,1,1,1,1,1,1,1,1,1,1,1,1,1,1,1,1,1
CL-PFU,v3.0b1,current,World,Hydro,Total energy supply; Total final consumption; Industry; Manufacturing; Food and tobacco,1,1,1,1,1,1,1,1,1,1,1,1,1,1,1,1,1,1,1,1,1,1,1,1,1,1
CL-PFU,v3.0b1,current,World,Hydro,"Total energy supply; Total final consumption; Industry; Manufacturing; Paper, pulp and printing",1,1,1,1,1,1,1,1,1,1,1,1,1,1,1,1,1,1,1,1,1,1,1,1,1,1
CL-PFU,v3.0b1,current,World,Hydro,Total energy supply; Total final consumption; Industry; Manufacturing; Wood and wood products,1,1,1,1,1,1,1,1,1,1,1,1,1,1,1,1,1,1,1,1,1,1,1,1,1,1
CL-PFU,v3.0b1,current,World,Hydro,Total energy supply; Total final consumption; Industry; Manufacturing; Textile and leather,1,1,1,1,1,1,1,1,1,1,1,1,1,1,1,1,1,1,1,1,1,1,1,1,1,1
CL-PFU,v3.0b1,current,World,Hydro,Total energy supply; Total final consumption; Industry; Industry not elsewhere specified,1,1,1,1,1,1,1,1,1,1,1,1,1,1,1,1,1,1,1,1,1,1,1,1,1,1
CL-PFU,v3.0b1,current,World,Hydro,Total energy supply; Total final consumption; Transport; World aviation bunkers,1,1,1,1,1,1,1,1,1,1,1,1,1,1,1,1,1,1,1,1,1,1,1,1,1,1
CL-PFU,v3.0b1,current,World,Hydro,Total energy supply; Total final consumption; Transport; Domestic aviation,1,1,1,1,1,1,1,1,1,1,1,1,1,1,1,1,1,1,1,1,1,1,1,1,1,1
CL-PFU,v3.0b1,current,World,Hydro,Total energy supply; Total final consumption; Transport; Road,1,1,1,1,1,1,1,1,1,1,1,1,1,1,1,1,1,1,1,1,1,1,1,1,1,1
CL-PFU,v3.0b1,current,World,Hydro,Total energy supply; Total final consumption; Transport; Rail,1,1,1,1,1,1,1,1,1,1,1,1,1,1,1,1,1,1,1,1,1,1,1,1,1,1
CL-PFU,v3.0b1,current,World,Hydro,Total energy supply; Total final consumption; Transport; Pipeline transport,1,1,1,1,1,1,1,1,1,1,1,1,1,1,1,1,1,1,1,1,1,1,1,1,1,1
CL-PFU,v3.0b1,current,World,Hydro,Total energy supply; Total final consumption; Transport; World marine bunkers,1,1,1,1,1,1,1,1,1,1,1,1,1,1,1,1,1,1,1,1,1,1,1,1,1,1
CL-PFU,v3.0b1,current,World,Hydro,Total energy supply; Total final consumption; Transport; Domestic navigation,1,1,1,1,1,1,1,1,1,1,1,1,1,1,1,1,1,1,1,1,1,1,1,1,1,1
CL-PFU,v3.0b1,current,World,Hydro,Total energy supply; Total final consumption; Transport; Transport not elsewhere specified,1,1,1,1,1,1,1,1,1,1,1,1,1,1,1,1,1,1,1,1,1,1,1,1,1,1
CL-PFU,v3.0b1,current,World,Hydro,Total energy supply; Total final consumption; Residential,1,1,1,1,1,1,1,1,1,1,1,1,1,1,1,1,1,1,1,1,1,1,1,1,1,1
CL-PFU,v3.0b1,current,World,Hydro,Total energy supply; Total final consumption; Commercial and public services,1,1,1,1,1,1,1,1,1,1,1,1,1,1,1,1,1,1,1,1,1,1,1,1,1,1
CL-PFU,v3.0b1,current,World,Hydro,Total energy supply; Total final consumption; Agriculture/forestry,1,1,1,1,1,1,1,1,1,1,1,1,1,1,1,1,1,1,1,1,1,1,1,1,1,1
CL-PFU,v3.0b1,current,World,Hydro,Total energy supply; Total final consumption; Fishing,1,1,1,1,1,1,1,1,1,1,1,1,1,1,1,1,1,1,1,1,1,1,1,1,1,1
CL-PFU,v3.0b1,current,World,Hydro,Total energy supply; Total final consumption; Final consumption not elsewhere specified,1,1,1,1,1,1,1,1,1,1,1,1,1,1,1,1,1,1,1,1,1,1,1,1,1,1
CL-PFU,v3.0b1,current,World,Hydro,Total energy supply; Total final consumption; Non-energy use; Non-energy use industry/transformation/energy,1,1,1,1,1,1,1,1,1,1,1,1,1,1,1,1,1,1,1,1,1,1,1,1,1,1
CL-PFU,v3.0b1,current,World,Hydro,Total energy supply; Total final consumption; Non-energy use; Non-energy use in transport,1,1,1,1,1,1,1,1,1,1,1,1,1,1,1,1,1,1,1,1,1,1,1,1,1,1
CL-PFU,v3.0b1,current,World,Hydro,Total energy supply; Total final consumption; Non-energy use; Non-energy use in other,1,1,1,1,1,1,1,1,1,1,1,1,1,1,1,1,1,1,1,1,1,1,1,1,1,1
CL-PFU,v3.0b1,current,World,Industrial waste,Total energy supply; Energy industry own use; Coal mines,1.11,1.11,1.11,1.11,1.11,1.11,1.11,1.11,1.11,1.11,1.11,1.11,1.11,1.11,1.11,1.11,1.11,1.11,1.11,1.11,1.11,1.11,1.11,1.11,1.11,1.11
CL-PFU,v3.0b1,current,World,Industrial waste,Total energy supply; Energy industry own use; Oil and gas extraction,1.11,1.11,1.11,1.11,1.11,1.11,1.11,1.11,1.11,1.11,1.11,1.11,1.11,1.11,1.11,1.11,1.11,1.11,1.11,1.11,1.11,1.11,1.11,1.11,1.11,1.11
CL-PFU,v3.0b1,current,World,Industrial waste,Total energy supply; Energy industry own use; Blast furnaces,1.11,1.11,1.11,1.11,1.11,1.11,1.11,1.11,1.11,1.11,1.11,1.11,1.11,1.11,1.11,1.11,1.11,1.11,1.11,1.11,1.11,1.11,1.11,1.11,1.11,1.11
CL-PFU,v3.0b1,current,World,Industrial waste,Total energy supply; Energy industry own use; Gas works,1.11,1.11,1.11,1.11,1.11,1.11,1.11,1.11,1.11,1.11,1.11,1.11,1.11,1.11,1.11,1.11,1.11,1.11,1.11,1.11,1.11,1.11,1.11,1.11,1.11,1.11
CL-PFU,v3.0b1,current,World,Industrial waste,Total energy supply; Energy industry own use; Gasification plants for biogases,1.11,1.11,1.11,1.11,1.11,1.11,1.11,1.11,1.11,1.11,1.11,1.11,1.11,1.11,1.11,1.11,1.11,1.11,1.11,1.11,1.11,1.11,1.11,1.11,1.11,1.11
CL-PFU,v3.0b1,current,World,Industrial waste,Total energy supply; Energy industry own use; Coke ovens,1.11,1.11,1.11,1.11,1.11,1.11,1.11,1.11,1.11,1.11,1.11,1.11,1.11,1.11,1.11,1.11,1.11,1.11,1.11,1.11,1.11,1.11,1.11,1.11,1.11,1.11
CL-PFU,v3.0b1,current,World,Industrial waste,Total energy supply; Energy industry own use; Patent fuel plants,1.11,1.11,1.11,1.11,1.11,1.11,1.11,1.11,1.11,1.11,1.11,1.11,1.11,1.11,1.11,1.11,1.11,1.11,1.11,1.11,1.11,1.11,1.11,1.11,1.11,1.11
CL-PFU,v3.0b1,current,World,Industrial waste,Total energy supply; Energy industry own use; BKB/peat briquette plants,1.11,1.11,1.11,1.11,1.11,1.11,1.11,1.11,1.11,1.11,1.11,1.11,1.11,1.11,1.11,1.11,1.11,1.11,1.11,1.11,1.11,1.11,1.11,1.11,1.11,1.11
CL-PFU,v3.0b1,current,World,Industrial waste,Total energy supply; Energy industry own use; Oil refineries,1.11,1.11,1.11,1.11,1.11,1.11,1.11,1.11,1.11,1.11,1.11,1.11,1.11,1.11,1.11,1.11,1.11,1.11,1.11,1.11,1.11,1.11,1.11,1.11,1.11,1.11
CL-PFU,v3.0b1,current,World,Industrial waste,Total energy supply; Energy industry own use; Coal liquefaction plants,1.11,1.11,1.11,1.11,1.11,1.11,1.11,1.11,1.11,1.11,1.11,1.11,1.11,1.11,1.11,1.11,1.11,1.11,1.11,1.11,1.11,1.11,1.11,1.11,1.11,1.11
CL-PFU,v3.0b1,current,World,Industrial waste,Total energy supply; Energy industry own use; Liquefaction (LNG) / regasification plants,1.11,1.11,1.11,1.11,1.11,1.11,1.11,1.11,1.11,1.11,1.11,1.11,1.11,1.11,1.11,1.11,1.11,1.11,1.11,1.11,1.11,1.11,1.11,1.11,1.11,1.11
CL-PFU,v3.0b1,current,World,Industrial waste,Total energy supply; Energy industry own use; Gas-to-liquids (GTL) plants,1.11,1.11,1.11,1.11,1.11,1.11,1.11,1.11,1.11,1.11,1.11,1.11,1.11,1.11,1.11,1.11,1.11,1.11,1.11,1.11,1.11,1.11,1.11,1.11,1.11,1.11
CL-PFU,v3.0b1,current,World,Industrial waste,"Total energy supply; Energy industry own use; Own use in electricity, CHP and heat plants",1.11,1.11,1.11,1.11,1.11,1.11,1.11,1.11,1.11,1.11,1.11,1.11,1.11,1.11,1.11,1.11,1.11,1.11,1.11,1.11,1.11,1.11,1.11,1.11,1.11,1.11
CL-PFU,v3.0b1,current,World,Industrial waste,Total energy supply; Energy industry own use; Pumped storage plants,1.11,1.11,1.11,1.11,1.11,1.11,1.11,1.11,1.11,1.11,1.11,1.11,1.11,1.11,1.11,1.11,1.11,1.11,1.11,1.11,1.11,1.11,1.11,1.11,1.11,1.11
CL-PFU,v3.0b1,current,World,Industrial waste,Total energy supply; Energy industry own use; Nuclear industry,1.11,1.11,1.11,1.11,1.11,1.11,1.11,1.11,1.11,1.11,1.11,1.11,1.11,1.11,1.11,1.11,1.11,1.11,1.11,1.11,1.11,1.11,1.11,1.11,1.11,1.11
CL-PFU,v3.0b1,current,World,Industrial waste,Total energy supply; Energy industry own use; Charcoal production plants,1.11,1.11,1.11,1.11,1.11,1.11,1.11,1.11,1.11,1.11,1.11,1.11,1.11,1.11,1.11,1.11,1.11,1.11,1.11,1.11,1.11,1.11,1.11,1.11,1.11,1.11
CL-PFU,v3.0b1,current,World,Industrial waste,Total energy supply; Energy industry own use; Non-specified (energy),1.11,1.11,1.11,1.11,1.11,1.11,1.11,1.11,1.11,1.11,1.11,1.11,1.11,1.11,1.11,1.11,1.11,1.11,1.11,1.11,1.11,1.11,1.11,1.11,1.11,1.11
CL-PFU,v3.0b1,current,World,Industrial waste,Total energy supply; Losses,1.11,1.11,1.11,1.11,1.11,1.11,1.11,1.11,1.11,1.11,1.11,1.11,1.11,1.11,1.11,1.11,1.11,1.11,1.11,1.11,1.11,1.11,1.11,1.11,1.11,1.11
CL-PFU,v3.0b1,current,World,Industrial waste,Total energy supply; Total final consumption; Industry; Mining and quarrying,1.11,1.11,1.11,1.11,1.11,1.11,1.11,1.11,1.11,1.11,1.11,1.11,1.11,1.11,1.11,1.11,1.11,1.11,1.11,1.11,1.11,1.11,1.11,1.11,1.11,1.11
CL-PFU,v3.0b1,current,World,Industrial waste,Total energy supply; Total final consumption; Industry; Construction,1.11,1.11,1.11,1.11,1.11,1.11,1.11,1.11,1.11,1.11,1.11,1.11,1.11,1.11,1.11,1.11,1.11,1.11,1.11,1.11,1.11,1.11,1.11,1.11,1.11,1.11
CL-PFU,v3.0b1,current,World,Industrial waste,Total energy supply; Total final consumption; Industry; Manufacturing; Iron and steel,1.11,1.11,1.11,1.11,1.11,1.11,1.11,1.11,1.11,1.11,1.11,1.11,1.11,1.11,1.11,1.11,1.11,1.11,1.11,1.11,1.11,1.11,1.11,1.11,1.11,1.11
CL-PFU,v3.0b1,current,World,Industrial waste,Total energy supply; Total final consumption; Industry; Manufacturing; Chemical and petrochemical,1.11,1.11,1.11,1.11,1.11,1.11,1.11,1.11,1.11,1.11,1.11,1.11,1.11,1.11,1.11,1.11,1.11,1.11,1.11,1.11,1.11,1.11,1.11,1.11,1.11,1.11
CL-PFU,v3.0b1,current,World,Industrial waste,Total energy supply; Total final consumption; Industry; Manufacturing; Non-ferrous metals,1.11,1.11,1.11,1.11,1.11,1.11,1.11,1.11,1.11,1.11,1.11,1.11,1.11,1.11,1.11,1.11,1.11,1.11,1.11,1.11,1.11,1.11,1.11,1.11,1.11,1.11
CL-PFU,v3.0b1,current,World,Industrial waste,Total energy supply; Total final consumption; Industry; Manufacturing; Non-metallic minerals,1.11,1.11,1.11,1.11,1.11,1.11,1.11,1.11,1.11,1.11,1.11,1.11,1.11,1.11,1.11,1.11,1.11,1.11,1.11,1.11,1.11,1.11,1.11,1.11,1.11,1.11
CL-PFU,v3.0b1,current,World,Industrial waste,Total energy supply; Total final consumption; Industry; Manufacturing; Transport equipment,1.11,1.11,1.11,1.11,1.11,1.11,1.11,1.11,1.11,1.11,1.11,1.11,1.11,1.11,1.11,1.11,1.11,1.11,1.11,1.11,1.11,1.11,1.11,1.11,1.11,1.11
CL-PFU,v3.0b1,current,World,Industrial waste,Total energy supply; Total final consumption; Industry; Manufacturing; Machinery,1.11,1.11,1.11,1.11,1.11,1.11,1.11,1.11,1.11,1.11,1.11,1.11,1.11,1.11,1.11,1.11,1.11,1.11,1.11,1.11,1.11,1.11,1.11,1.11,1.11,1.11
CL-PFU,v3.0b1,current,World,Industrial waste,Total energy supply; Total final consumption; Industry; Manufacturing; Food and tobacco,1.11,1.11,1.11,1.11,1.11,1.11,1.11,1.11,1.11,1.11,1.11,1.11,1.11,1.11,1.11,1.11,1.11,1.11,1.11,1.11,1.11,1.11,1.11,1.11,1.11,1.11
CL-PFU,v3.0b1,current,World,Industrial waste,"Total energy supply; Total final consumption; Industry; Manufacturing; Paper, pulp and printing",1.11,1.11,1.11,1.11,1.11,1.11,1.11,1.11,1.11,1.11,1.11,1.11,1.11,1.11,1.11,1.11,1.11,1.11,1.11,1.11,1.11,1.11,1.11,1.11,1.11,1.11
CL-PFU,v3.0b1,current,World,Industrial waste,Total energy supply; Total final consumption; Industry; Manufacturing; Wood and wood products,1.11,1.11,1.11,1.11,1.11,1.11,1.11,1.11,1.11,1.11,1.11,1.11,1.11,1.11,1.11,1.11,1.11,1.11,1.11,1.11,1.11,1.11,1.11,1.11,1.11,1.11
CL-PFU,v3.0b1,current,World,Industrial waste,Total energy supply; Total final consumption; Industry; Manufacturing; Textile and leather,1.11,1.11,1.11,1.11,1.11,1.11,1.11,1.11,1.11,1.11,1.11,1.11,1.11,1.11,1.11,1.11,1.11,1.11,1.11,1.11,1.11,1.11,1.11,1.11,1.11,1.11
CL-PFU,v3.0b1,current,World,Industrial waste,Total energy supply; Total final consumption; Industry; Industry not elsewhere specified,1.11,1.11,1.11,1.11,1.11,1.11,1.11,1.11,1.11,1.11,1.11,1.11,1.11,1.11,1.11,1.11,1.11,1.11,1.11,1.11,1.11,1.11,1.11,1.11,1.11,1.11
CL-PFU,v3.0b1,current,World,Industrial waste,Total energy supply; Total final consumption; Transport; World aviation bunkers,1.11,1.11,1.11,1.11,1.11,1.11,1.11,1.11,1.11,1.11,1.11,1.11,1.11,1.11,1.11,1.11,1.11,1.11,1.11,1.11,1.11,1.11,1.11,1.11,1.11,1.11
CL-PFU,v3.0b1,current,World,Industrial waste,Total energy supply; Total final consumption; Transport; Domestic aviation,1.11,1.11,1.11,1.11,1.11,1.11,1.11,1.11,1.11,1.11,1.11,1.11,1.11,1.11,1.11,1.11,1.11,1.11,1.11,1.11,1.11,1.11,1.11,1.11,1.11,1.11
CL-PFU,v3.0b1,current,World,Industrial waste,Total energy supply; Total final consumption; Transport; Road,1.11,1.11,1.11,1.11,1.11,1.11,1.11,1.11,1.11,1.11,1.11,1.11,1.11,1.11,1.11,1.11,1.11,1.11,1.11,1.11,1.11,1.11,1.11,1.11,1.11,1.11
CL-PFU,v3.0b1,current,World,Industrial waste,Total energy supply; Total final consumption; Transport; Rail,1.11,1.11,1.11,1.11,1.11,1.11,1.11,1.11,1.11,1.11,1.11,1.11,1.11,1.11,1.11,1.11,1.11,1.11,1.11,1.11,1.11,1.11,1.11,1.11,1.11,1.11
CL-PFU,v3.0b1,current,World,Industrial waste,Total energy supply; Total final consumption; Transport; Pipeline transport,1.11,1.11,1.11,1.11,1.11,1.11,1.11,1.11,1.11,1.11,1.11,1.11,1.11,1.11,1.11,1.11,1.11,1.11,1.11,1.11,1.11,1.11,1.11,1.11,1.11,1.11
CL-PFU,v3.0b1,current,World,Industrial waste,Total energy supply; Total final consumption; Transport; World marine bunkers,1.11,1.11,1.11,1.11,1.11,1.11,1.11,1.11,1.11,1.11,1.11,1.11,1.11,1.11,1.11,1.11,1.11,1.11,1.11,1.11,1.11,1.11,1.11,1.11,1.11,1.11
CL-PFU,v3.0b1,current,World,Industrial waste,Total energy supply; Total final consumption; Transport; Domestic navigation,1.11,1.11,1.11,1.11,1.11,1.11,1.11,1.11,1.11,1.11,1.11,1.11,1.11,1.11,1.11,1.11,1.11,1.11,1.11,1.11,1.11,1.11,1.11,1.11,1.11,1.11
CL-PFU,v3.0b1,current,World,Industrial waste,Total energy supply; Total final consumption; Transport; Transport not elsewhere specified,1.11,1.11,1.11,1.11,1.11,1.11,1.11,1.11,1.11,1.11,1.11,1.11,1.11,1.11,1.11,1.11,1.11,1.11,1.11,1.11,1.11,1.11,1.11,1.11,1.11,1.11
CL-PFU,v3.0b1,current,World,Industrial waste,Total energy supply; Total final consumption; Residential,1.11,1.11,1.11,1.11,1.11,1.11,1.11,1.11,1.11,1.11,1.11,1.11,1.11,1.11,1.11,1.11,1.11,1.11,1.11,1.11,1.11,1.11,1.11,1.11,1.11,1.11
CL-PFU,v3.0b1,current,World,Industrial waste,Total energy supply; Total final consumption; Commercial and public services,1.11,1.11,1.11,1.11,1.11,1.11,1.11,1.11,1.11,1.11,1.11,1.11,1.11,1.11,1.11,1.11,1.11,1.11,1.11,1.11,1.11,1.11,1.11,1.11,1.11,1.11
CL-PFU,v3.0b1,current,World,Industrial waste,Total energy supply; Total final consumption; Agriculture/forestry,1.11,1.11,1.11,1.11,1.11,1.11,1.11,1.11,1.11,1.11,1.11,1.11,1.11,1.11,1.11,1.11,1.11,1.11,1.11,1.11,1.11,1.11,1.11,1.11,1.11,1.11
CL-PFU,v3.0b1,current,World,Industrial waste,Total energy supply; Total final consumption; Fishing,1.11,1.11,1.11,1.11,1.11,1.11,1.11,1.11,1.11,1.11,1.11,1.11,1.11,1.11,1.11,1.11,1.11,1.11,1.11,1.11,1.11,1.11,1.11,1.11,1.11,1.11
CL-PFU,v3.0b1,current,World,Industrial waste,Total energy supply; Total final consumption; Final consumption not elsewhere specified,1.11,1.11,1.11,1.11,1.11,1.11,1.11,1.11,1.11,1.11,1.11,1.11,1.11,1.11,1.11,1.11,1.11,1.11,1.11,1.11,1.11,1.11,1.11,1.11,1.11,1.11
CL-PFU,v3.0b1,current,World,Industrial waste,Total energy supply; Total final consumption; Non-energy use; Non-energy use industry/transformation/energy,1.11,1.11,1.11,1.11,1.11,1.11,1.11,1.11,1.11,1.11,1.11,1.11,1.11,1.11,1.11,1.11,1.11,1.11,1.11,1.11,1.11,1.11,1.11,1.11,1.11,1.11
CL-PFU,v3.0b1,current,World,Industrial waste,Total energy supply; Total final consumption; Non-energy use; Non-energy use in transport,1.11,1.11,1.11,1.11,1.11,1.11,1.11,1.11,1.11,1.11,1.11,1.11,1.11,1.11,1.11,1.11,1.11,1.11,1.11,1.11,1.11,1.11,1.11,1.11,1.11,1.11
CL-PFU,v3.0b1,current,World,Industrial waste,Total energy supply; Total final consumption; Non-energy use; Non-energy use in other,1.11,1.11,1.11,1.11,1.11,1.11,1.11,1.11,1.11,1.11,1.11,1.11,1.11,1.11,1.11,1.11,1.11,1.11,1.11,1.11,1.11,1.11,1.11,1.11,1.11,1.11
CL-PFU,v3.0b1,current,World,Kerosene type jet fuel excl. biofuels,Total energy supply; Energy industry own use; Coal mines,1.06,1.06,1.06,1.06,1.06,1.06,1.06,1.06,1.06,1.06,1.06,1.06,1.06,1.06,1.06,1.06,1.06,1.06,1.06,1.06,1.06,1.06,1.06,1.06,1.06,1.06
CL-PFU,v3.0b1,current,World,Kerosene type jet fuel excl. biofuels,Total energy supply; Energy industry own use; Oil and gas extraction,1.06,1.06,1.06,1.06,1.06,1.06,1.06,1.06,1.06,1.06,1.06,1.06,1.06,1.06,1.06,1.06,1.06,1.06,1.06,1.06,1.06,1.06,1.06,1.06,1.06,1.06
CL-PFU,v3.0b1,current,World,Kerosene type jet fuel excl. biofuels,Total energy supply; Energy industry own use; Blast furnaces,1.06,1.06,1.06,1.06,1.06,1.06,1.06,1.06,1.06,1.06,1.06,1.06,1.06,1.06,1.06,1.06,1.06,1.06,1.06,1.06,1.06,1.06,1.06,1.06,1.06,1.06
CL-PFU,v3.0b1,current,World,Kerosene type jet fuel excl. biofuels,Total energy supply; Energy industry own use; Gas works,1.06,1.06,1.06,1.06,1.06,1.06,1.06,1.06,1.06,1.06,1.06,1.06,1.06,1.06,1.06,1.06,1.06,1.06,1.06,1.06,1.06,1.06,1.06,1.06,1.06,1.06
CL-PFU,v3.0b1,current,World,Kerosene type jet fuel excl. biofuels,Total energy supply; Energy industry own use; Gasification plants for biogases,1.06,1.06,1.06,1.06,1.06,1.06,1.06,1.06,1.06,1.06,1.06,1.06,1.06,1.06,1.06,1.06,1.06,1.06,1.06,1.06,1.06,1.06,1.06,1.06,1.06,1.06
CL-PFU,v3.0b1,current,World,Kerosene type jet fuel excl. biofuels,Total energy supply; Energy industry own use; Coke ovens,1.06,1.06,1.06,1.06,1.06,1.06,1.06,1.06,1.06,1.06,1.06,1.06,1.06,1.06,1.06,1.06,1.06,1.06,1.06,1.06,1.06,1.06,1.06,1.06,1.06,1.06
CL-PFU,v3.0b1,current,World,Kerosene type jet fuel excl. biofuels,Total energy supply; Energy industry own use; Patent fuel plants,1.06,1.06,1.06,1.06,1.06,1.06,1.06,1.06,1.06,1.06,1.06,1.06,1.06,1.06,1.06,1.06,1.06,1.06,1.06,1.06,1.06,1.06,1.06,1.06,1.06,1.06
CL-PFU,v3.0b1,current,World,Kerosene type jet fuel excl. biofuels,Total energy supply; Energy industry own use; BKB/peat briquette plants,1.06,1.06,1.06,1.06,1.06,1.06,1.06,1.06,1.06,1.06,1.06,1.06,1.06,1.06,1.06,1.06,1.06,1.06,1.06,1.06,1.06,1.06,1.06,1.06,1.06,1.06
CL-PFU,v3.0b1,current,World,Kerosene type jet fuel excl. biofuels,Total energy supply; Energy industry own use; Oil refineries,1.06,1.06,1.06,1.06,1.06,1.06,1.06,1.06,1.06,1.06,1.06,1.06,1.06,1.06,1.06,1.06,1.06,1.06,1.06,1.06,1.06,1.06,1.06,1.06,1.06,1.06
CL-PFU,v3.0b1,current,World,Kerosene type jet fuel excl. biofuels,Total energy supply; Energy industry own use; Coal liquefaction plants,1.06,1.06,1.06,1.06,1.06,1.06,1.06,1.06,1.06,1.06,1.06,1.06,1.06,1.06,1.06,1.06,1.06,1.06,1.06,1.06,1.06,1.06,1.06,1.06,1.06,1.06
CL-PFU,v3.0b1,current,World,Kerosene type jet fuel excl. biofuels,Total energy supply; Energy industry own use; Liquefaction (LNG) / regasification plants,1.06,1.06,1.06,1.06,1.06,1.06,1.06,1.06,1.06,1.06,1.06,1.06,1.06,1.06,1.06,1.06,1.06,1.06,1.06,1.06,1.06,1.06,1.06,1.06,1.06,1.06
CL-PFU,v3.0b1,current,World,Kerosene type jet fuel excl. biofuels,Total energy supply; Energy industry own use; Gas-to-liquids (GTL) plants,1.06,1.06,1.06,1.06,1.06,1.06,1.06,1.06,1.06,1.06,1.06,1.06,1.06,1.06,1.06,1.06,1.06,1.06,1.06,1.06,1.06,1.06,1.06,1.06,1.06,1.06
CL-PFU,v3.0b1,current,World,Kerosene type jet fuel excl. biofuels,"Total energy supply; Energy industry own use; Own use in electricity, CHP and heat plants",1.06,1.06,1.06,1.06,1.06,1.06,1.06,1.06,1.06,1.06,1.06,1.06,1.06,1.06,1.06,1.06,1.06,1.06,1.06,1.06,1.06,1.06,1.06,1.06,1.06,1.06
CL-PFU,v3.0b1,current,World,Kerosene type jet fuel excl. biofuels,Total energy supply; Energy industry own use; Pumped storage plants,1.06,1.06,1.06,1.06,1.06,1.06,1.06,1.06,1.06,1.06,1.06,1.06,1.06,1.06,1.06,1.06,1.06,1.06,1.06,1.06,1.06,1.06,1.06,1.06,1.06,1.06
CL-PFU,v3.0b1,current,World,Kerosene type jet fuel excl. biofuels,Total energy supply; Energy industry own use; Nuclear industry,1.06,1.06,1.06,1.06,1.06,1.06,1.06,1.06,1.06,1.06,1.06,1.06,1.06,1.06,1.06,1.06,1.06,1.06,1.06,1.06,1.06,1.06,1.06,1.06,1.06,1.06
CL-PFU,v3.0b1,current,World,Kerosene type jet fuel excl. biofuels,Total energy supply; Energy industry own use; Charcoal production plants,1.06,1.06,1.06,1.06,1.06,1.06,1.06,1.06,1.06,1.06,1.06,1.06,1.06,1.06,1.06,1.06,1.06,1.06,1.06,1.06,1.06,1.06,1.06,1.06,1.06,1.06
CL-PFU,v3.0b1,current,World,Kerosene type jet fuel excl. biofuels,Total energy supply; Energy industry own use; Non-specified (energy),1.06,1.06,1.06,1.06,1.06,1.06,1.06,1.06,1.06,1.06,1.06,1.06,1.06,1.06,1.06,1.06,1.06,1.06,1.06,1.06,1.06,1.06,1.06,1.06,1.06,1.06
CL-PFU,v3.0b1,current,World,Kerosene type jet fuel excl. biofuels,Total energy supply; Losses,1.06,1.06,1.06,1.06,1.06,1.06,1.06,1.06,1.06,1.06,1.06,1.06,1.06,1.06,1.06,1.06,1.06,1.06,1.06,1.06,1.06,1.06,1.06,1.06,1.06,1.06
CL-PFU,v3.0b1,current,World,Kerosene type jet fuel excl. biofuels,Total energy supply; Total final consumption; Industry; Mining and quarrying,1.06,1.06,1.06,1.06,1.06,1.06,1.06,1.06,1.06,1.06,1.06,1.06,1.06,1.06,1.06,1.06,1.06,1.06,1.06,1.06,1.06,1.06,1.06,1.06,1.06,1.06
CL-PFU,v3.0b1,current,World,Kerosene type jet fuel excl. biofuels,Total energy supply; Total final consumption; Industry; Construction,1.06,1.06,1.06,1.06,1.06,1.06,1.06,1.06,1.06,1.06,1.06,1.06,1.06,1.06,1.06,1.06,1.06,1.06,1.06,1.06,1.06,1.06,1.06,1.06,1.06,1.06
CL-PFU,v3.0b1,current,World,Kerosene type jet fuel excl. biofuels,Total energy supply; Total final consumption; Industry; Manufacturing; Iron and steel,1.06,1.06,1.06,1.06,1.06,1.06,1.06,1.06,1.06,1.06,1.06,1.06,1.06,1.06,1.06,1.06,1.06,1.06,1.06,1.06,1.06,1.06,1.06,1.06,1.06,1.06
CL-PFU,v3.0b1,current,World,Kerosene type jet fuel excl. biofuels,Total energy supply; Total final consumption; Industry; Manufacturing; Chemical and petrochemical,1.06,1.06,1.06,1.06,1.06,1.06,1.06,1.06,1.06,1.06,1.06,1.06,1.06,1.06,1.06,1.06,1.06,1.06,1.06,1.06,1.06,1.06,1.06,1.06,1.06,1.06
CL-PFU,v3.0b1,current,World,Kerosene type jet fuel excl. biofuels,Total energy supply; Total final consumption; Industry; Manufacturing; Non-ferrous metals,1.06,1.06,1.06,1.06,1.06,1.06,1.06,1.06,1.06,1.06,1.06,1.06,1.06,1.06,1.06,1.06,1.06,1.06,1.06,1.06,1.06,1.06,1.06,1.06,1.06,1.06
CL-PFU,v3.0b1,current,World,Kerosene type jet fuel excl. biofuels,Total energy supply; Total final consumption; Industry; Manufacturing; Non-metallic minerals,1.06,1.06,1.06,1.06,1.06,1.06,1.06,1.06,1.06,1.06,1.06,1.06,1.06,1.06,1.06,1.06,1.06,1.06,1.06,1.06,1.06,1.06,1.06,1.06,1.06,1.06
CL-PFU,v3.0b1,current,World,Kerosene type jet fuel excl. biofuels,Total energy supply; Total final consumption; Industry; Manufacturing; Transport equipment,1.06,1.06,1.06,1.06,1.06,1.06,1.06,1.06,1.06,1.06,1.06,1.06,1.06,1.06,1.06,1.06,1.06,1.06,1.06,1.06,1.06,1.06,1.06,1.06,1.06,1.06
CL-PFU,v3.0b1,current,World,Kerosene type jet fuel excl. biofuels,Total energy supply; Total final consumption; Industry; Manufacturing; Machinery,1.06,1.06,1.06,1.06,1.06,1.06,1.06,1.06,1.06,1.06,1.06,1.06,1.06,1.06,1.06,1.06,1.06,1.06,1.06,1.06,1.06,1.06,1.06,1.06,1.06,1.06
CL-PFU,v3.0b1,current,World,Kerosene type jet fuel excl. biofuels,Total energy supply; Total final consumption; Industry; Manufacturing; Food and tobacco,1.06,1.06,1.06,1.06,1.06,1.06,1.06,1.06,1.06,1.06,1.06,1.06,1.06,1.06,1.06,1.06,1.06,1.06,1.06,1.06,1.06,1.06,1.06,1.06,1.06,1.06
CL-PFU,v3.0b1,current,World,Kerosene type jet fuel excl. biofuels,"Total energy supply; Total final consumption; Industry; Manufacturing; Paper, pulp and printing",1.06,1.06,1.06,1.06,1.06,1.06,1.06,1.06,1.06,1.06,1.06,1.06,1.06,1.06,1.06,1.06,1.06,1.06,1.06,1.06,1.06,1.06,1.06,1.06,1.06,1.06
CL-PFU,v3.0b1,current,World,Kerosene type jet fuel excl. biofuels,Total energy supply; Total final consumption; Industry; Manufacturing; Wood and wood products,1.06,1.06,1.06,1.06,1.06,1.06,1.06,1.06,1.06,1.06,1.06,1.06,1.06,1.06,1.06,1.06,1.06,1.06,1.06,1.06,1.06,1.06,1.06,1.06,1.06,1.06
CL-PFU,v3.0b1,current,World,Kerosene type jet fuel excl. biofuels,Total energy supply; Total final consumption; Industry; Manufacturing; Textile and leather,1.06,1.06,1.06,1.06,1.06,1.06,1.06,1.06,1.06,1.06,1.06,1.06,1.06,1.06,1.06,1.06,1.06,1.06,1.06,1.06,1.06,1.06,1.06,1.06,1.06,1.06
CL-PFU,v3.0b1,current,World,Kerosene type jet fuel excl. biofuels,Total energy supply; Total final consumption; Industry; Industry not elsewhere specified,1.06,1.06,1.06,1.06,1.06,1.06,1.06,1.06,1.06,1.06,1.06,1.06,1.06,1.06,1.06,1.06,1.06,1.06,1.06,1.06,1.06,1.06,1.06,1.06,1.06,1.06
CL-PFU,v3.0b1,current,World,Kerosene type jet fuel excl. biofuels,Total energy supply; Total final consumption; Transport; World aviation bunkers,1.06,1.06,1.06,1.06,1.06,1.06,1.06,1.06,1.06,1.06,1.06,1.06,1.06,1.06,1.06,1.06,1.06,1.06,1.06,1.06,1.06,1.06,1.06,1.06,1.06,1.06
CL-PFU,v3.0b1,current,World,Kerosene type jet fuel excl. biofuels,Total energy supply; Total final consumption; Transport; Domestic aviation,1.06,1.06,1.06,1.06,1.06,1.06,1.06,1.06,1.06,1.06,1.06,1.06,1.06,1.06,1.06,1.06,1.06,1.06,1.06,1.06,1.06,1.06,1.06,1.06,1.06,1.06
CL-PFU,v3.0b1,current,World,Kerosene type jet fuel excl. biofuels,Total energy supply; Total final consumption; Transport; Road,1.06,1.06,1.06,1.06,1.06,1.06,1.06,1.06,1.06,1.06,1.06,1.06,1.06,1.06,1.06,1.06,1.06,1.06,1.06,1.06,1.06,1.06,1.06,1.06,1.06,1.06
CL-PFU,v3.0b1,current,World,Kerosene type jet fuel excl. biofuels,Total energy supply; Total final consumption; Transport; Rail,1.06,1.06,1.06,1.06,1.06,1.06,1.06,1.06,1.06,1.06,1.06,1.06,1.06,1.06,1.06,1.06,1.06,1.06,1.06,1.06,1.06,1.06,1.06,1.06,1.06,1.06
CL-PFU,v3.0b1,current,World,Kerosene type jet fuel excl. biofuels,Total energy supply; Total final consumption; Transport; Pipeline transport,1.06,1.06,1.06,1.06,1.06,1.06,1.06,1.06,1.06,1.06,1.06,1.06,1.06,1.06,1.06,1.06,1.06,1.06,1.06,1.06,1.06,1.06,1.06,1.06,1.06,1.06
CL-PFU,v3.0b1,current,World,Kerosene type jet fuel excl. biofuels,Total energy supply; Total final consumption; Transport; World marine bunkers,1.06,1.06,1.06,1.06,1.06,1.06,1.06,1.06,1.06,1.06,1.06,1.06,1.06,1.06,1.06,1.06,1.06,1.06,1.06,1.06,1.06,1.06,1.06,1.06,1.06,1.06
CL-PFU,v3.0b1,current,World,Kerosene type jet fuel excl. biofuels,Total energy supply; Total final consumption; Transport; Domestic navigation,1.06,1.06,1.06,1.06,1.06,1.06,1.06,1.06,1.06,1.06,1.06,1.06,1.06,1.06,1.06,1.06,1.06,1.06,1.06,1.06,1.06,1.06,1.06,1.06,1.06,1.06
CL-PFU,v3.0b1,current,World,Kerosene type jet fuel excl. biofuels,Total energy supply; Total final consumption; Transport; Transport not elsewhere specified,1.06,1.06,1.06,1.06,1.06,1.06,1.06,1.06,1.06,1.06,1.06,1.06,1.06,1.06,1.06,1.06,1.06,1.06,1.06,1.06,1.06,1.06,1.06,1.06,1.06,1.06
CL-PFU,v3.0b1,current,World,Kerosene type jet fuel excl. biofuels,Total energy supply; Total final consumption; Residential,1.06,1.06,1.06,1.06,1.06,1.06,1.06,1.06,1.06,1.06,1.06,1.06,1.06,1.06,1.06,1.06,1.06,1.06,1.06,1.06,1.06,1.06,1.06,1.06,1.06,1.06
CL-PFU,v3.0b1,current,World,Kerosene type jet fuel excl. biofuels,Total energy supply; Total final consumption; Commercial and public services,1.06,1.06,1.06,1.06,1.06,1.06,1.06,1.06,1.06,1.06,1.06,1.06,1.06,1.06,1.06,1.06,1.06,1.06,1.06,1.06,1.06,1.06,1.06,1.06,1.06,1.06
CL-PFU,v3.0b1,current,World,Kerosene type jet fuel excl. biofuels,Total energy supply; Total final consumption; Agriculture/forestry,1.06,1.06,1.06,1.06,1.06,1.06,1.06,1.06,1.06,1.06,1.06,1.06,1.06,1.06,1.06,1.06,1.06,1.06,1.06,1.06,1.06,1.06,1.06,1.06,1.06,1.06
CL-PFU,v3.0b1,current,World,Kerosene type jet fuel excl. biofuels,Total energy supply; Total final consumption; Fishing,1.06,1.06,1.06,1.06,1.06,1.06,1.06,1.06,1.06,1.06,1.06,1.06,1.06,1.06,1.06,1.06,1.06,1.06,1.06,1.06,1.06,1.06,1.06,1.06,1.06,1.06
CL-PFU,v3.0b1,current,World,Kerosene type jet fuel excl. biofuels,Total energy supply; Total final consumption; Final consumption not elsewhere specified,1.06,1.06,1.06,1.06,1.06,1.06,1.06,1.06,1.06,1.06,1.06,1.06,1.06,1.06,1.06,1.06,1.06,1.06,1.06,1.06,1.06,1.06,1.06,1.06,1.06,1.06
CL-PFU,v3.0b1,current,World,Kerosene type jet fuel excl. biofuels,Total energy supply; Total final consumption; Non-energy use; Non-energy use industry/transformation/energy,1.06,1.06,1.06,1.06,1.06,1.06,1.06,1.06,1.06,1.06,1.06,1.06,1.06,1.06,1.06,1.06,1.06,1.06,1.06,1.06,1.06,1.06,1.06,1.06,1.06,1.06
CL-PFU,v3.0b1,current,World,Kerosene type jet fuel excl. biofuels,Total energy supply; Total final consumption; Non-energy use; Non-energy use in transport,1.06,1.06,1.06,1.06,1.06,1.06,1.06,1.06,1.06,1.06,1.06,1.06,1.06,1.06,1.06,1.06,1.06,1.06,1.06,1.06,1.06,1.06,1.06,1.06,1.06,1.06
CL-PFU,v3.0b1,current,World,Kerosene type jet fuel excl. biofuels,Total energy supply; Total final consumption; Non-energy use; Non-energy use in other,1.06,1.06,1.06,1.06,1.06,1.06,1.06,1.06,1.06,1.06,1.06,1.06,1.06,1.06,1.06,1.06,1.06,1.06,1.06,1.06,1.06,1.06,1.06,1.06,1.06,1.06
CL-PFU,v3.0b1,current,World,Lignite,Total energy supply; Energy industry own use; Coal mines,1.06,1.06,1.06,1.06,1.06,1.06,1.06,1.06,1.06,1.06,1.06,1.06,1.06,1.06,1.06,1.06,1.06,1.06,1.06,1.06,1.06,1.06,1.06,1.06,1.06,1.06
CL-PFU,v3.0b1,current,World,Lignite,Total energy supply; Energy industry own use; Oil and gas extraction,1.06,1.06,1.06,1.06,1.06,1.06,1.06,1.06,1.06,1.06,1.06,1.06,1.06,1.06,1.06,1.06,1.06,1.06,1.06,1.06,1.06,1.06,1.06,1.06,1.06,1.06
CL-PFU,v3.0b1,current,World,Lignite,Total energy supply; Energy industry own use; Blast furnaces,1.06,1.06,1.06,1.06,1.06,1.06,1.06,1.06,1.06,1.06,1.06,1.06,1.06,1.06,1.06,1.06,1.06,1.06,1.06,1.06,1.06,1.06,1.06,1.06,1.06,1.06
CL-PFU,v3.0b1,current,World,Lignite,Total energy supply; Energy industry own use; Gas works,1.06,1.06,1.06,1.06,1.06,1.06,1.06,1.06,1.06,1.06,1.06,1.06,1.06,1.06,1.06,1.06,1.06,1.06,1.06,1.06,1.06,1.06,1.06,1.06,1.06,1.06
CL-PFU,v3.0b1,current,World,Lignite,Total energy supply; Energy industry own use; Gasification plants for biogases,1.06,1.06,1.06,1.06,1.06,1.06,1.06,1.06,1.06,1.06,1.06,1.06,1.06,1.06,1.06,1.06,1.06,1.06,1.06,1.06,1.06,1.06,1.06,1.06,1.06,1.06
CL-PFU,v3.0b1,current,World,Lignite,Total energy supply; Energy industry own use; Coke ovens,1.06,1.06,1.06,1.06,1.06,1.06,1.06,1.06,1.06,1.06,1.06,1.06,1.06,1.06,1.06,1.06,1.06,1.06,1.06,1.06,1.06,1.06,1.06,1.06,1.06,1.06
CL-PFU,v3.0b1,current,World,Lignite,Total energy supply; Energy industry own use; Patent fuel plants,1.06,1.06,1.06,1.06,1.06,1.06,1.06,1.06,1.06,1.06,1.06,1.06,1.06,1.06,1.06,1.06,1.06,1.06,1.06,1.06,1.06,1.06,1.06,1.06,1.06,1.06
CL-PFU,v3.0b1,current,World,Lignite,Total energy supply; Energy industry own use; BKB/peat briquette plants,1.06,1.06,1.06,1.06,1.06,1.06,1.06,1.06,1.06,1.06,1.06,1.06,1.06,1.06,1.06,1.06,1.06,1.06,1.06,1.06,1.06,1.06,1.06,1.06,1.06,1.06
CL-PFU,v3.0b1,current,World,Lignite,Total energy supply; Energy industry own use; Oil refineries,1.06,1.06,1.06,1.06,1.06,1.06,1.06,1.06,1.06,1.06,1.06,1.06,1.06,1.06,1.06,1.06,1.06,1.06,1.06,1.06,1.06,1.06,1.06,1.06,1.06,1.06
CL-PFU,v3.0b1,current,World,Lignite,Total energy supply; Energy industry own use; Coal liquefaction plants,1.06,1.06,1.06,1.06,1.06,1.06,1.06,1.06,1.06,1.06,1.06,1.06,1.06,1.06,1.06,1.06,1.06,1.06,1.06,1.06,1.06,1.06,1.06,1.06,1.06,1.06
CL-PFU,v3.0b1,current,World,Lignite,Total energy supply; Energy industry own use; Liquefaction (LNG) / regasification plants,1.06,1.06,1.06,1.06,1.06,1.06,1.06,1.06,1.06,1.06,1.06,1.06,1.06,1.06,1.06,1.06,1.06,1.06,1.06,1.06,1.06,1.06,1.06,1.06,1.06,1.06
CL-PFU,v3.0b1,current,World,Lignite,Total energy supply; Energy industry own use; Gas-to-liquids (GTL) plants,1.06,1.06,1.06,1.06,1.06,1.06,1.06,1.06,1.06,1.06,1.06,1.06,1.06,1.06,1.06,1.06,1.06,1.06,1.06,1.06,1.06,1.06,1.06,1.06,1.06,1.06
CL-PFU,v3.0b1,current,World,Lignite,"Total energy supply; Energy industry own use; Own use in electricity, CHP and heat plants",1.06,1.06,1.06,1.06,1.06,1.06,1.06,1.06,1.06,1.06,1.06,1.06,1.06,1.06,1.06,1.06,1.06,1.06,1.06,1.06,1.06,1.06,1.06,1.06,1.06,1.06
CL-PFU,v3.0b1,current,World,Lignite,Total energy supply; Energy industry own use; Pumped storage plants,1.06,1.06,1.06,1.06,1.06,1.06,1.06,1.06,1.06,1.06,1.06,1.06,1.06,1.06,1.06,1.06,1.06,1.06,1.06,1.06,1.06,1.06,1.06,1.06,1.06,1.06
CL-PFU,v3.0b1,current,World,Lignite,Total energy supply; Energy industry own use; Nuclear industry,1.06,1.06,1.06,1.06,1.06,1.06,1.06,1.06,1.06,1.06,1.06,1.06,1.06,1.06,1.06,1.06,1.06,1.06,1.06,1.06,1.06,1.06,1.06,1.06,1.06,1.06
CL-PFU,v3.0b1,current,World,Lignite,Total energy supply; Energy industry own use; Charcoal production plants,1.06,1.06,1.06,1.06,1.06,1.06,1.06,1.06,1.06,1.06,1.06,1.06,1.06,1.06,1.06,1.06,1.06,1.06,1.06,1.06,1.06,1.06,1.06,1.06,1.06,1.06
CL-PFU,v3.0b1,current,World,Lignite,Total energy supply; Energy industry own use; Non-specified (energy),1.06,1.06,1.06,1.06,1.06,1.06,1.06,1.06,1.06,1.06,1.06,1.06,1.06,1.06,1.06,1.06,1.06,1.06,1.06,1.06,1.06,1.06,1.06,1.06,1.06,1.06
CL-PFU,v3.0b1,current,World,Lignite,Total energy supply; Losses,1.06,1.06,1.06,1.06,1.06,1.06,1.06,1.06,1.06,1.06,1.06,1.06,1.06,1.06,1.06,1.06,1.06,1.06,1.06,1.06,1.06,1.06,1.06,1.06,1.06,1.06
CL-PFU,v3.0b1,current,World,Lignite,Total energy supply; Total final consumption; Industry; Mining and quarrying,1.06,1.06,1.06,1.06,1.06,1.06,1.06,1.06,1.06,1.06,1.06,1.06,1.06,1.06,1.06,1.06,1.06,1.06,1.06,1.06,1.06,1.06,1.06,1.06,1.06,1.06
CL-PFU,v3.0b1,current,World,Lignite,Total energy supply; Total final consumption; Industry; Construction,1.06,1.06,1.06,1.06,1.06,1.06,1.06,1.06,1.06,1.06,1.06,1.06,1.06,1.06,1.06,1.06,1.06,1.06,1.06,1.06,1.06,1.06,1.06,1.06,1.06,1.06
CL-PFU,v3.0b1,current,World,Lignite,Total energy supply; Total final consumption; Industry; Manufacturing; Iron and steel,1.06,1.06,1.06,1.06,1.06,1.06,1.06,1.06,1.06,1.06,1.06,1.06,1.06,1.06,1.06,1.06,1.06,1.06,1.06,1.06,1.06,1.06,1.06,1.06,1.06,1.06
CL-PFU,v3.0b1,current,World,Lignite,Total energy supply; Total final consumption; Industry; Manufacturing; Chemical and petrochemical,1.06,1.06,1.06,1.06,1.06,1.06,1.06,1.06,1.06,1.06,1.06,1.06,1.06,1.06,1.06,1.06,1.06,1.06,1.06,1.06,1.06,1.06,1.06,1.06,1.06,1.06
CL-PFU,v3.0b1,current,World,Lignite,Total energy supply; Total final consumption; Industry; Manufacturing; Non-ferrous metals,1.06,1.06,1.06,1.06,1.06,1.06,1.06,1.06,1.06,1.06,1.06,1.06,1.06,1.06,1.06,1.06,1.06,1.06,1.06,1.06,1.06,1.06,1.06,1.06,1.06,1.06
CL-PFU,v3.0b1,current,World,Lignite,Total energy supply; Total final consumption; Industry; Manufacturing; Non-metallic minerals,1.06,1.06,1.06,1.06,1.06,1.06,1.06,1.06,1.06,1.06,1.06,1.06,1.06,1.06,1.06,1.06,1.06,1.06,1.06,1.06,1.06,1.06,1.06,1.06,1.06,1.06
CL-PFU,v3.0b1,current,World,Lignite,Total energy supply; Total final consumption; Industry; Manufacturing; Transport equipment,1.06,1.06,1.06,1.06,1.06,1.06,1.06,1.06,1.06,1.06,1.06,1.06,1.06,1.06,1.06,1.06,1.06,1.06,1.06,1.06,1.06,1.06,1.06,1.06,1.06,1.06
CL-PFU,v3.0b1,current,World,Lignite,Total energy supply; Total final consumption; Industry; Manufacturing; Machinery,1.06,1.06,1.06,1.06,1.06,1.06,1.06,1.06,1.06,1.06,1.06,1.06,1.06,1.06,1.06,1.06,1.06,1.06,1.06,1.06,1.06,1.06,1.06,1.06,1.06,1.06
CL-PFU,v3.0b1,current,World,Lignite,Total energy supply; Total final consumption; Industry; Manufacturing; Food and tobacco,1.06,1.06,1.06,1.06,1.06,1.06,1.06,1.06,1.06,1.06,1.06,1.06,1.06,1.06,1.06,1.06,1.06,1.06,1.06,1.06,1.06,1.06,1.06,1.06,1.06,1.06
CL-PFU,v3.0b1,current,World,Lignite,"Total energy supply; Total final consumption; Industry; Manufacturing; Paper, pulp and printing",1.06,1.06,1.06,1.06,1.06,1.06,1.06,1.06,1.06,1.06,1.06,1.06,1.06,1.06,1.06,1.06,1.06,1.06,1.06,1.06,1.06,1.06,1.06,1.06,1.06,1.06
CL-PFU,v3.0b1,current,World,Lignite,Total energy supply; Total final consumption; Industry; Manufacturing; Wood and wood products,1.06,1.06,1.06,1.06,1.06,1.06,1.06,1.06,1.06,1.06,1.06,1.06,1.06,1.06,1.06,1.06,1.06,1.06,1.06,1.06,1.06,1.06,1.06,1.06,1.06,1.06
CL-PFU,v3.0b1,current,World,Lignite,Total energy supply; Total final consumption; Industry; Manufacturing; Textile and leather,1.06,1.06,1.06,1.06,1.06,1.06,1.06,1.06,1.06,1.06,1.06,1.06,1.06,1.06,1.06,1.06,1.06,1.06,1.06,1.06,1.06,1.06,1.06,1.06,1.06,1.06
CL-PFU,v3.0b1,current,World,Lignite,Total energy supply; Total final consumption; Industry; Industry not elsewhere specified,1.06,1.06,1.06,1.06,1.06,1.06,1.06,1.06,1.06,1.06,1.06,1.06,1.06,1.06,1.06,1.06,1.06,1.06,1.06,1.06,1.06,1.06,1.06,1.06,1.06,1.06
CL-PFU,v3.0b1,current,World,Lignite,Total energy supply; Total final consumption; Transport; World aviation bunkers,1.06,1.06,1.06,1.06,1.06,1.06,1.06,1.06,1.06,1.06,1.06,1.06,1.06,1.06,1.06,1.06,1.06,1.06,1.06,1.06,1.06,1.06,1.06,1.06,1.06,1.06
CL-PFU,v3.0b1,current,World,Lignite,Total energy supply; Total final consumption; Transport; Domestic aviation,1.06,1.06,1.06,1.06,1.06,1.06,1.06,1.06,1.06,1.06,1.06,1.06,1.06,1.06,1.06,1.06,1.06,1.06,1.06,1.06,1.06,1.06,1.06,1.06,1.06,1.06
CL-PFU,v3.0b1,current,World,Lignite,Total energy supply; Total final consumption; Transport; Road,1.06,1.06,1.06,1.06,1.06,1.06,1.06,1.06,1.06,1.06,1.06,1.06,1.06,1.06,1.06,1.06,1.06,1.06,1.06,1.06,1.06,1.06,1.06,1.06,1.06,1.06
CL-PFU,v3.0b1,current,World,Lignite,Total energy supply; Total final consumption; Transport; Rail,1.06,1.06,1.06,1.06,1.06,1.06,1.06,1.06,1.06,1.06,1.06,1.06,1.06,1.06,1.06,1.06,1.06,1.06,1.06,1.06,1.06,1.06,1.06,1.06,1.06,1.06
CL-PFU,v3.0b1,current,World,Lignite,Total energy supply; Total final consumption; Transport; Pipeline transport,1.06,1.06,1.06,1.06,1.06,1.06,1.06,1.06,1.06,1.06,1.06,1.06,1.06,1.06,1.06,1.06,1.06,1.06,1.06,1.06,1.06,1.06,1.06,1.06,1.06,1.06
CL-PFU,v3.0b1,current,World,Lignite,Total energy supply; Total final consumption; Transport; World marine bunkers,1.06,1.06,1.06,1.06,1.06,1.06,1.06,1.06,1.06,1.06,1.06,1.06,1.06,1.06,1.06,1.06,1.06,1.06,1.06,1.06,1.06,1.06,1.06,1.06,1.06,1.06
CL-PFU,v3.0b1,current,World,Lignite,Total energy supply; Total final consumption; Transport; Domestic navigation,1.06,1.06,1.06,1.06,1.06,1.06,1.06,1.06,1.06,1.06,1.06,1.06,1.06,1.06,1.06,1.06,1.06,1.06,1.06,1.06,1.06,1.06,1.06,1.06,1.06,1.06
CL-PFU,v3.0b1,current,World,Lignite,Total energy supply; Total final consumption; Transport; Transport not elsewhere specified,1.06,1.06,1.06,1.06,1.06,1.06,1.06,1.06,1.06,1.06,1.06,1.06,1.06,1.06,1.06,1.06,1.06,1.06,1.06,1.06,1.06,1.06,1.06,1.06,1.06,1.06
CL-PFU,v3.0b1,current,World,Lignite,Total energy supply; Total final consumption; Residential,1.06,1.06,1.06,1.06,1.06,1.06,1.06,1.06,1.06,1.06,1.06,1.06,1.06,1.06,1.06,1.06,1.06,1.06,1.06,1.06,1.06,1.06,1.06,1.06,1.06,1.06
CL-PFU,v3.0b1,current,World,Lignite,Total energy supply; Total final consumption; Commercial and public services,1.06,1.06,1.06,1.06,1.06,1.06,1.06,1.06,1.06,1.06,1.06,1.06,1.06,1.06,1.06,1.06,1.06,1.06,1.06,1.06,1.06,1.06,1.06,1.06,1.06,1.06
CL-PFU,v3.0b1,current,World,Lignite,Total energy supply; Total final consumption; Agriculture/forestry,1.06,1.06,1.06,1.06,1.06,1.06,1.06,1.06,1.06,1.06,1.06,1.06,1.06,1.06,1.06,1.06,1.06,1.06,1.06,1.06,1.06,1.06,1.06,1.06,1.06,1.06
CL-PFU,v3.0b1,current,World,Lignite,Total energy supply; Total final consumption; Fishing,1.06,1.06,1.06,1.06,1.06,1.06,1.06,1.06,1.06,1.06,1.06,1.06,1.06,1.06,1.06,1.06,1.06,1.06,1.06,1.06,1.06,1.06,1.06,1.06,1.06,1.06
CL-PFU,v3.0b1,current,World,Lignite,Total energy supply; Total final consumption; Final consumption not elsewhere specified,1.06,1.06,1.06,1.06,1.06,1.06,1.06,1.06,1.06,1.06,1.06,1.06,1.06,1.06,1.06,1.06,1.06,1.06,1.06,1.06,1.06,1.06,1.06,1.06,1.06,1.06
CL-PFU,v3.0b1,current,World,Lignite,Total energy supply; Total final consumption; Non-energy use; Non-energy use industry/transformation/energy,1.06,1.06,1.06,1.06,1.06,1.06,1.06,1.06,1.06,1.06,1.06,1.06,1.06,1.06,1.06,1.06,1.06,1.06,1.06,1.06,1.06,1.06,1.06,1.06,1.06,1.06
CL-PFU,v3.0b1,current,World,Lignite,Total energy supply; Total final consumption; Non-energy use; Non-energy use in transport,1.06,1.06,1.06,1.06,1.06,1.06,1.06,1.06,1.06,1.06,1.06,1.06,1.06,1.06,1.06,1.06,1.06,1.06,1.06,1.06,1.06,1.06,1.06,1.06,1.06,1.06
CL-PFU,v3.0b1,current,World,Lignite,Total energy supply; Total final consumption; Non-energy use; Non-energy use in other,1.06,1.06,1.06,1.06,1.06,1.06,1.06,1.06,1.06,1.06,1.06,1.06,1.06,1.06,1.06,1.06,1.06,1.06,1.06,1.06,1.06,1.06,1.06,1.06,1.06,1.06
CL-PFU,v3.0b1,current,World,Liquefied petroleum gases (LPG),Total energy supply; Energy industry own use; Coal mines,1.06,1.06,1.06,1.06,1.06,1.06,1.06,1.06,1.06,1.06,1.06,1.06,1.06,1.06,1.06,1.06,1.06,1.06,1.06,1.06,1.06,1.06,1.06,1.06,1.06,1.06
CL-PFU,v3.0b1,current,World,Liquefied petroleum gases (LPG),Total energy supply; Energy industry own use; Oil and gas extraction,1.06,1.06,1.06,1.06,1.06,1.06,1.06,1.06,1.06,1.06,1.06,1.06,1.06,1.06,1.06,1.06,1.06,1.06,1.06,1.06,1.06,1.06,1.06,1.06,1.06,1.06
CL-PFU,v3.0b1,current,World,Liquefied petroleum gases (LPG),Total energy supply; Energy industry own use; Blast furnaces,1.06,1.06,1.06,1.06,1.06,1.06,1.06,1.06,1.06,1.06,1.06,1.06,1.06,1.06,1.06,1.06,1.06,1.06,1.06,1.06,1.06,1.06,1.06,1.06,1.06,1.06
CL-PFU,v3.0b1,current,World,Liquefied petroleum gases (LPG),Total energy supply; Energy industry own use; Gas works,1.06,1.06,1.06,1.06,1.06,1.06,1.06,1.06,1.06,1.06,1.06,1.06,1.06,1.06,1.06,1.06,1.06,1.06,1.06,1.06,1.06,1.06,1.06,1.06,1.06,1.06
CL-PFU,v3.0b1,current,World,Liquefied petroleum gases (LPG),Total energy supply; Energy industry own use; Gasification plants for biogases,1.06,1.06,1.06,1.06,1.06,1.06,1.06,1.06,1.06,1.06,1.06,1.06,1.06,1.06,1.06,1.06,1.06,1.06,1.06,1.06,1.06,1.06,1.06,1.06,1.06,1.06
CL-PFU,v3.0b1,current,World,Liquefied petroleum gases (LPG),Total energy supply; Energy industry own use; Coke ovens,1.06,1.06,1.06,1.06,1.06,1.06,1.06,1.06,1.06,1.06,1.06,1.06,1.06,1.06,1.06,1.06,1.06,1.06,1.06,1.06,1.06,1.06,1.06,1.06,1.06,1.06
CL-PFU,v3.0b1,current,World,Liquefied petroleum gases (LPG),Total energy supply; Energy industry own use; Patent fuel plants,1.06,1.06,1.06,1.06,1.06,1.06,1.06,1.06,1.06,1.06,1.06,1.06,1.06,1.06,1.06,1.06,1.06,1.06,1.06,1.06,1.06,1.06,1.06,1.06,1.06,1.06
CL-PFU,v3.0b1,current,World,Liquefied petroleum gases (LPG),Total energy supply; Energy industry own use; BKB/peat briquette plants,1.06,1.06,1.06,1.06,1.06,1.06,1.06,1.06,1.06,1.06,1.06,1.06,1.06,1.06,1.06,1.06,1.06,1.06,1.06,1.06,1.06,1.06,1.06,1.06,1.06,1.06
CL-PFU,v3.0b1,current,World,Liquefied petroleum gases (LPG),Total energy supply; Energy industry own use; Oil refineries,1.06,1.06,1.06,1.06,1.06,1.06,1.06,1.06,1.06,1.06,1.06,1.06,1.06,1.06,1.06,1.06,1.06,1.06,1.06,1.06,1.06,1.06,1.06,1.06,1.06,1.06
CL-PFU,v3.0b1,current,World,Liquefied petroleum gases (LPG),Total energy supply; Energy industry own use; Coal liquefaction plants,1.06,1.06,1.06,1.06,1.06,1.06,1.06,1.06,1.06,1.06,1.06,1.06,1.06,1.06,1.06,1.06,1.06,1.06,1.06,1.06,1.06,1.06,1.06,1.06,1.06,1.06
CL-PFU,v3.0b1,current,World,Liquefied petroleum gases (LPG),Total energy supply; Energy industry own use; Liquefaction (LNG) / regasification plants,1.06,1.06,1.06,1.06,1.06,1.06,1.06,1.06,1.06,1.06,1.06,1.06,1.06,1.06,1.06,1.06,1.06,1.06,1.06,1.06,1.06,1.06,1.06,1.06,1.06,1.06
CL-PFU,v3.0b1,current,World,Liquefied petroleum gases (LPG),Total energy supply; Energy industry own use; Gas-to-liquids (GTL) plants,1.06,1.06,1.06,1.06,1.06,1.06,1.06,1.06,1.06,1.06,1.06,1.06,1.06,1.06,1.06,1.06,1.06,1.06,1.06,1.06,1.06,1.06,1.06,1.06,1.06,1.06
CL-PFU,v3.0b1,current,World,Liquefied petroleum gases (LPG),"Total energy supply; Energy industry own use; Own use in electricity, CHP and heat plants",1.06,1.06,1.06,1.06,1.06,1.06,1.06,1.06,1.06,1.06,1.06,1.06,1.06,1.06,1.06,1.06,1.06,1.06,1.06,1.06,1.06,1.06,1.06,1.06,1.06,1.06
CL-PFU,v3.0b1,current,World,Liquefied petroleum gases (LPG),Total energy supply; Energy industry own use; Pumped storage plants,1.06,1.06,1.06,1.06,1.06,1.06,1.06,1.06,1.06,1.06,1.06,1.06,1.06,1.06,1.06,1.06,1.06,1.06,1.06,1.06,1.06,1.06,1.06,1.06,1.06,1.06
CL-PFU,v3.0b1,current,World,Liquefied petroleum gases (LPG),Total energy supply; Energy industry own use; Nuclear industry,1.06,1.06,1.06,1.06,1.06,1.06,1.06,1.06,1.06,1.06,1.06,1.06,1.06,1.06,1.06,1.06,1.06,1.06,1.06,1.06,1.06,1.06,1.06,1.06,1.06,1.06
CL-PFU,v3.0b1,current,World,Liquefied petroleum gases (LPG),Total energy supply; Energy industry own use; Charcoal production plants,1.06,1.06,1.06,1.06,1.06,1.06,1.06,1.06,1.06,1.06,1.06,1.06,1.06,1.06,1.06,1.06,1.06,1.06,1.06,1.06,1.06,1.06,1.06,1.06,1.06,1.06
CL-PFU,v3.0b1,current,World,Liquefied petroleum gases (LPG),Total energy supply; Energy industry own use; Non-specified (energy),1.06,1.06,1.06,1.06,1.06,1.06,1.06,1.06,1.06,1.06,1.06,1.06,1.06,1.06,1.06,1.06,1.06,1.06,1.06,1.06,1.06,1.06,1.06,1.06,1.06,1.06
CL-PFU,v3.0b1,current,World,Liquefied petroleum gases (LPG),Total energy supply; Losses,1.06,1.06,1.06,1.06,1.06,1.06,1.06,1.06,1.06,1.06,1.06,1.06,1.06,1.06,1.06,1.06,1.06,1.06,1.06,1.06,1.06,1.06,1.06,1.06,1.06,1.06
CL-PFU,v3.0b1,current,World,Liquefied petroleum gases (LPG),Total energy supply; Total final consumption; Industry; Mining and quarrying,1.06,1.06,1.06,1.06,1.06,1.06,1.06,1.06,1.06,1.06,1.06,1.06,1.06,1.06,1.06,1.06,1.06,1.06,1.06,1.06,1.06,1.06,1.06,1.06,1.06,1.06
CL-PFU,v3.0b1,current,World,Liquefied petroleum gases (LPG),Total energy supply; Total final consumption; Industry; Construction,1.06,1.06,1.06,1.06,1.06,1.06,1.06,1.06,1.06,1.06,1.06,1.06,1.06,1.06,1.06,1.06,1.06,1.06,1.06,1.06,1.06,1.06,1.06,1.06,1.06,1.06
CL-PFU,v3.0b1,current,World,Liquefied petroleum gases (LPG),Total energy supply; Total final consumption; Industry; Manufacturing; Iron and steel,1.06,1.06,1.06,1.06,1.06,1.06,1.06,1.06,1.06,1.06,1.06,1.06,1.06,1.06,1.06,1.06,1.06,1.06,1.06,1.06,1.06,1.06,1.06,1.06,1.06,1.06
CL-PFU,v3.0b1,current,World,Liquefied petroleum gases (LPG),Total energy supply; Total final consumption; Industry; Manufacturing; Chemical and petrochemical,1.06,1.06,1.06,1.06,1.06,1.06,1.06,1.06,1.06,1.06,1.06,1.06,1.06,1.06,1.06,1.06,1.06,1.06,1.06,1.06,1.06,1.06,1.06,1.06,1.06,1.06
CL-PFU,v3.0b1,current,World,Liquefied petroleum gases (LPG),Total energy supply; Total final consumption; Industry; Manufacturing; Non-ferrous metals,1.06,1.06,1.06,1.06,1.06,1.06,1.06,1.06,1.06,1.06,1.06,1.06,1.06,1.06,1.06,1.06,1.06,1.06,1.06,1.06,1.06,1.06,1.06,1.06,1.06,1.06
CL-PFU,v3.0b1,current,World,Liquefied petroleum gases (LPG),Total energy supply; Total final consumption; Industry; Manufacturing; Non-metallic minerals,1.06,1.06,1.06,1.06,1.06,1.06,1.06,1.06,1.06,1.06,1.06,1.06,1.06,1.06,1.06,1.06,1.06,1.06,1.06,1.06,1.06,1.06,1.06,1.06,1.06,1.06
CL-PFU,v3.0b1,current,World,Liquefied petroleum gases (LPG),Total energy supply; Total final consumption; Industry; Manufacturing; Transport equipment,1.06,1.06,1.06,1.06,1.06,1.06,1.06,1.06,1.06,1.06,1.06,1.06,1.06,1.06,1.06,1.06,1.06,1.06,1.06,1.06,1.06,1.06,1.06,1.06,1.06,1.06
CL-PFU,v3.0b1,current,World,Liquefied petroleum gases (LPG),Total energy supply; Total final consumption; Industry; Manufacturing; Machinery,1.06,1.06,1.06,1.06,1.06,1.06,1.06,1.06,1.06,1.06,1.06,1.06,1.06,1.06,1.06,1.06,1.06,1.06,1.06,1.06,1.06,1.06,1.06,1.06,1.06,1.06
CL-PFU,v3.0b1,current,World,Liquefied petroleum gases (LPG),Total energy supply; Total final consumption; Industry; Manufacturing; Food and tobacco,1.06,1.06,1.06,1.06,1.06,1.06,1.06,1.06,1.06,1.06,1.06,1.06,1.06,1.06,1.06,1.06,1.06,1.06,1.06,1.06,1.06,1.06,1.06,1.06,1.06,1.06
CL-PFU,v3.0b1,current,World,Liquefied petroleum gases (LPG),"Total energy supply; Total final consumption; Industry; Manufacturing; Paper, pulp and printing",1.06,1.06,1.06,1.06,1.06,1.06,1.06,1.06,1.06,1.06,1.06,1.06,1.06,1.06,1.06,1.06,1.06,1.06,1.06,1.06,1.06,1.06,1.06,1.06,1.06,1.06
CL-PFU,v3.0b1,current,World,Liquefied petroleum gases (LPG),Total energy supply; Total final consumption; Industry; Manufacturing; Wood and wood products,1.06,1.06,1.06,1.06,1.06,1.06,1.06,1.06,1.06,1.06,1.06,1.06,1.06,1.06,1.06,1.06,1.06,1.06,1.06,1.06,1.06,1.06,1.06,1.06,1.06,1.06
CL-PFU,v3.0b1,current,World,Liquefied petroleum gases (LPG),Total energy supply; Total final consumption; Industry; Manufacturing; Textile and leather,1.06,1.06,1.06,1.06,1.06,1.06,1.06,1.06,1.06,1.06,1.06,1.06,1.06,1.06,1.06,1.06,1.06,1.06,1.06,1.06,1.06,1.06,1.06,1.06,1.06,1.06
CL-PFU,v3.0b1,current,World,Liquefied petroleum gases (LPG),Total energy supply; Total final consumption; Industry; Industry not elsewhere specified,1.06,1.06,1.06,1.06,1.06,1.06,1.06,1.06,1.06,1.06,1.06,1.06,1.06,1.06,1.06,1.06,1.06,1.06,1.06,1.06,1.06,1.06,1.06,1.06,1.06,1.06
CL-PFU,v3.0b1,current,World,Liquefied petroleum gases (LPG),Total energy supply; Total final consumption; Transport; World aviation bunkers,1.06,1.06,1.06,1.06,1.06,1.06,1.06,1.06,1.06,1.06,1.06,1.06,1.06,1.06,1.06,1.06,1.06,1.06,1.06,1.06,1.06,1.06,1.06,1.06,1.06,1.06
CL-PFU,v3.0b1,current,World,Liquefied petroleum gases (LPG),Total energy supply; Total final consumption; Transport; Domestic aviation,1.06,1.06,1.06,1.06,1.06,1.06,1.06,1.06,1.06,1.06,1.06,1.06,1.06,1.06,1.06,1.06,1.06,1.06,1.06,1.06,1.06,1.06,1.06,1.06,1.06,1.06
CL-PFU,v3.0b1,current,World,Liquefied petroleum gases (LPG),Total energy supply; Total final consumption; Transport; Road,1.06,1.06,1.06,1.06,1.06,1.06,1.06,1.06,1.06,1.06,1.06,1.06,1.06,1.06,1.06,1.06,1.06,1.06,1.06,1.06,1.06,1.06,1.06,1.06,1.06,1.06
CL-PFU,v3.0b1,current,World,Liquefied petroleum gases (LPG),Total energy supply; Total final consumption; Transport; Rail,1.06,1.06,1.06,1.06,1.06,1.06,1.06,1.06,1.06,1.06,1.06,1.06,1.06,1.06,1.06,1.06,1.06,1.06,1.06,1.06,1.06,1.06,1.06,1.06,1.06,1.06
CL-PFU,v3.0b1,current,World,Liquefied petroleum gases (LPG),Total energy supply; Total final consumption; Transport; Pipeline transport,1.06,1.06,1.06,1.06,1.06,1.06,1.06,1.06,1.06,1.06,1.06,1.06,1.06,1.06,1.06,1.06,1.06,1.06,1.06,1.06,1.06,1.06,1.06,1.06,1.06,1.06
CL-PFU,v3.0b1,current,World,Liquefied petroleum gases (LPG),Total energy supply; Total final consumption; Transport; World marine bunkers,1.06,1.06,1.06,1.06,1.06,1.06,1.06,1.06,1.06,1.06,1.06,1.06,1.06,1.06,1.06,1.06,1.06,1.06,1.06,1.06,1.06,1.06,1.06,1.06,1.06,1.06
CL-PFU,v3.0b1,current,World,Liquefied petroleum gases (LPG),Total energy supply; Total final consumption; Transport; Domestic navigation,1.06,1.06,1.06,1.06,1.06,1.06,1.06,1.06,1.06,1.06,1.06,1.06,1.06,1.06,1.06,1.06,1.06,1.06,1.06,1.06,1.06,1.06,1.06,1.06,1.06,1.06
CL-PFU,v3.0b1,current,World,Liquefied petroleum gases (LPG),Total energy supply; Total final consumption; Transport; Transport not elsewhere specified,1.06,1.06,1.06,1.06,1.06,1.06,1.06,1.06,1.06,1.06,1.06,1.06,1.06,1.06,1.06,1.06,1.06,1.06,1.06,1.06,1.06,1.06,1.06,1.06,1.06,1.06
CL-PFU,v3.0b1,current,World,Liquefied petroleum gases (LPG),Total energy supply; Total final consumption; Residential,1.06,1.06,1.06,1.06,1.06,1.06,1.06,1.06,1.06,1.06,1.06,1.06,1.06,1.06,1.06,1.06,1.06,1.06,1.06,1.06,1.06,1.06,1.06,1.06,1.06,1.06
CL-PFU,v3.0b1,current,World,Liquefied petroleum gases (LPG),Total energy supply; Total final consumption; Commercial and public services,1.06,1.06,1.06,1.06,1.06,1.06,1.06,1.06,1.06,1.06,1.06,1.06,1.06,1.06,1.06,1.06,1.06,1.06,1.06,1.06,1.06,1.06,1.06,1.06,1.06,1.06
CL-PFU,v3.0b1,current,World,Liquefied petroleum gases (LPG),Total energy supply; Total final consumption; Agriculture/forestry,1.06,1.06,1.06,1.06,1.06,1.06,1.06,1.06,1.06,1.06,1.06,1.06,1.06,1.06,1.06,1.06,1.06,1.06,1.06,1.06,1.06,1.06,1.06,1.06,1.06,1.06
CL-PFU,v3.0b1,current,World,Liquefied petroleum gases (LPG),Total energy supply; Total final consumption; Fishing,1.06,1.06,1.06,1.06,1.06,1.06,1.06,1.06,1.06,1.06,1.06,1.06,1.06,1.06,1.06,1.06,1.06,1.06,1.06,1.06,1.06,1.06,1.06,1.06,1.06,1.06
CL-PFU,v3.0b1,current,World,Liquefied petroleum gases (LPG),Total energy supply; Total final consumption; Final consumption not elsewhere specified,1.06,1.06,1.06,1.06,1.06,1.06,1.06,1.06,1.06,1.06,1.06,1.06,1.06,1.06,1.06,1.06,1.06,1.06,1.06,1.06,1.06,1.06,1.06,1.06,1.06,1.06
CL-PFU,v3.0b1,current,World,Liquefied petroleum gases (LPG),Total energy supply; Total final consumption; Non-energy use; Non-energy use industry/transformation/energy,1.06,1.06,1.06,1.06,1.06,1.06,1.06,1.06,1.06,1.06,1.06,1.06,1.06,1.06,1.06,1.06,1.06,1.06,1.06,1.06,1.06,1.06,1.06,1.06,1.06,1.06
CL-PFU,v3.0b1,current,World,Liquefied petroleum gases (LPG),Total energy supply; Total final consumption; Non-energy use; Non-energy use in transport,1.06,1.06,1.06,1.06,1.06,1.06,1.06,1.06,1.06,1.06,1.06,1.06,1.06,1.06,1.06,1.06,1.06,1.06,1.06,1.06,1.06,1.06,1.06,1.06,1.06,1.06
CL-PFU,v3.0b1,current,World,Liquefied petroleum gases (LPG),Total energy supply; Total final consumption; Non-energy use; Non-energy use in other,1.06,1.06,1.06,1.06,1.06,1.06,1.06,1.06,1.06,1.06,1.06,1.06,1.06,1.06,1.06,1.06,1.06,1.06,1.06,1.06,1.06,1.06,1.06,1.06,1.06,1.06
CL-PFU,v3.0b1,current,World,Lubricants,Total energy supply; Energy industry own use; Coal mines,1.06,1.06,1.06,1.06,1.06,1.06,1.06,1.06,1.06,1.06,1.06,1.06,1.06,1.06,1.06,1.06,1.06,1.06,1.06,1.06,1.06,1.06,1.06,1.06,1.06,1.06
CL-PFU,v3.0b1,current,World,Lubricants,Total energy supply; Energy industry own use; Oil and gas extraction,1.06,1.06,1.06,1.06,1.06,1.06,1.06,1.06,1.06,1.06,1.06,1.06,1.06,1.06,1.06,1.06,1.06,1.06,1.06,1.06,1.06,1.06,1.06,1.06,1.06,1.06
CL-PFU,v3.0b1,current,World,Lubricants,Total energy supply; Energy industry own use; Blast furnaces,1.06,1.06,1.06,1.06,1.06,1.06,1.06,1.06,1.06,1.06,1.06,1.06,1.06,1.06,1.06,1.06,1.06,1.06,1.06,1.06,1.06,1.06,1.06,1.06,1.06,1.06
CL-PFU,v3.0b1,current,World,Lubricants,Total energy supply; Energy industry own use; Gas works,1.06,1.06,1.06,1.06,1.06,1.06,1.06,1.06,1.06,1.06,1.06,1.06,1.06,1.06,1.06,1.06,1.06,1.06,1.06,1.06,1.06,1.06,1.06,1.06,1.06,1.06
CL-PFU,v3.0b1,current,World,Lubricants,Total energy supply; Energy industry own use; Gasification plants for biogases,1.06,1.06,1.06,1.06,1.06,1.06,1.06,1.06,1.06,1.06,1.06,1.06,1.06,1.06,1.06,1.06,1.06,1.06,1.06,1.06,1.06,1.06,1.06,1.06,1.06,1.06
CL-PFU,v3.0b1,current,World,Lubricants,Total energy supply; Energy industry own use; Coke ovens,1.06,1.06,1.06,1.06,1.06,1.06,1.06,1.06,1.06,1.06,1.06,1.06,1.06,1.06,1.06,1.06,1.06,1.06,1.06,1.06,1.06,1.06,1.06,1.06,1.06,1.06
CL-PFU,v3.0b1,current,World,Lubricants,Total energy supply; Energy industry own use; Patent fuel plants,1.06,1.06,1.06,1.06,1.06,1.06,1.06,1.06,1.06,1.06,1.06,1.06,1.06,1.06,1.06,1.06,1.06,1.06,1.06,1.06,1.06,1.06,1.06,1.06,1.06,1.06
CL-PFU,v3.0b1,current,World,Lubricants,Total energy supply; Energy industry own use; BKB/peat briquette plants,1.06,1.06,1.06,1.06,1.06,1.06,1.06,1.06,1.06,1.06,1.06,1.06,1.06,1.06,1.06,1.06,1.06,1.06,1.06,1.06,1.06,1.06,1.06,1.06,1.06,1.06
CL-PFU,v3.0b1,current,World,Lubricants,Total energy supply; Energy industry own use; Oil refineries,1.06,1.06,1.06,1.06,1.06,1.06,1.06,1.06,1.06,1.06,1.06,1.06,1.06,1.06,1.06,1.06,1.06,1.06,1.06,1.06,1.06,1.06,1.06,1.06,1.06,1.06
CL-PFU,v3.0b1,current,World,Lubricants,Total energy supply; Energy industry own use; Coal liquefaction plants,1.06,1.06,1.06,1.06,1.06,1.06,1.06,1.06,1.06,1.06,1.06,1.06,1.06,1.06,1.06,1.06,1.06,1.06,1.06,1.06,1.06,1.06,1.06,1.06,1.06,1.06
CL-PFU,v3.0b1,current,World,Lubricants,Total energy supply; Energy industry own use; Liquefaction (LNG) / regasification plants,1.06,1.06,1.06,1.06,1.06,1.06,1.06,1.06,1.06,1.06,1.06,1.06,1.06,1.06,1.06,1.06,1.06,1.06,1.06,1.06,1.06,1.06,1.06,1.06,1.06,1.06
CL-PFU,v3.0b1,current,World,Lubricants,Total energy supply; Energy industry own use; Gas-to-liquids (GTL) plants,1.06,1.06,1.06,1.06,1.06,1.06,1.06,1.06,1.06,1.06,1.06,1.06,1.06,1.06,1.06,1.06,1.06,1.06,1.06,1.06,1.06,1.06,1.06,1.06,1.06,1.06
CL-PFU,v3.0b1,current,World,Lubricants,"Total energy supply; Energy industry own use; Own use in electricity, CHP and heat plants",1.06,1.06,1.06,1.06,1.06,1.06,1.06,1.06,1.06,1.06,1.06,1.06,1.06,1.06,1.06,1.06,1.06,1.06,1.06,1.06,1.06,1.06,1.06,1.06,1.06,1.06
CL-PFU,v3.0b1,current,World,Lubricants,Total energy supply; Energy industry own use; Pumped storage plants,1.06,1.06,1.06,1.06,1.06,1.06,1.06,1.06,1.06,1.06,1.06,1.06,1.06,1.06,1.06,1.06,1.06,1.06,1.06,1.06,1.06,1.06,1.06,1.06,1.06,1.06
CL-PFU,v3.0b1,current,World,Lubricants,Total energy supply; Energy industry own use; Nuclear industry,1.06,1.06,1.06,1.06,1.06,1.06,1.06,1.06,1.06,1.06,1.06,1.06,1.06,1.06,1.06,1.06,1.06,1.06,1.06,1.06,1.06,1.06,1.06,1.06,1.06,1.06
CL-PFU,v3.0b1,current,World,Lubricants,Total energy supply; Energy industry own use; Charcoal production plants,1.06,1.06,1.06,1.06,1.06,1.06,1.06,1.06,1.06,1.06,1.06,1.06,1.06,1.06,1.06,1.06,1.06,1.06,1.06,1.06,1.06,1.06,1.06,1.06,1.06,1.06
CL-PFU,v3.0b1,current,World,Lubricants,Total energy supply; Energy industry own use; Non-specified (energy),1.06,1.06,1.06,1.06,1.06,1.06,1.06,1.06,1.06,1.06,1.06,1.06,1.06,1.06,1.06,1.06,1.06,1.06,1.06,1.06,1.06,1.06,1.06,1.06,1.06,1.06
CL-PFU,v3.0b1,current,World,Lubricants,Total energy supply; Losses,1.06,1.06,1.06,1.06,1.06,1.06,1.06,1.06,1.06,1.06,1.06,1.06,1.06,1.06,1.06,1.06,1.06,1.06,1.06,1.06,1.06,1.06,1.06,1.06,1.06,1.06
CL-PFU,v3.0b1,current,World,Lubricants,Total energy supply; Total final consumption; Industry; Mining and quarrying,1.06,1.06,1.06,1.06,1.06,1.06,1.06,1.06,1.06,1.06,1.06,1.06,1.06,1.06,1.06,1.06,1.06,1.06,1.06,1.06,1.06,1.06,1.06,1.06,1.06,1.06
CL-PFU,v3.0b1,current,World,Lubricants,Total energy supply; Total final consumption; Industry; Construction,1.06,1.06,1.06,1.06,1.06,1.06,1.06,1.06,1.06,1.06,1.06,1.06,1.06,1.06,1.06,1.06,1.06,1.06,1.06,1.06,1.06,1.06,1.06,1.06,1.06,1.06
CL-PFU,v3.0b1,current,World,Lubricants,Total energy supply; Total final consumption; Industry; Manufacturing; Iron and steel,1.06,1.06,1.06,1.06,1.06,1.06,1.06,1.06,1.06,1.06,1.06,1.06,1.06,1.06,1.06,1.06,1.06,1.06,1.06,1.06,1.06,1.06,1.06,1.06,1.06,1.06
CL-PFU,v3.0b1,current,World,Lubricants,Total energy supply; Total final consumption; Industry; Manufacturing; Chemical and petrochemical,1.06,1.06,1.06,1.06,1.06,1.06,1.06,1.06,1.06,1.06,1.06,1.06,1.06,1.06,1.06,1.06,1.06,1.06,1.06,1.06,1.06,1.06,1.06,1.06,1.06,1.06
CL-PFU,v3.0b1,current,World,Lubricants,Total energy supply; Total final consumption; Industry; Manufacturing; Non-ferrous metals,1.06,1.06,1.06,1.06,1.06,1.06,1.06,1.06,1.06,1.06,1.06,1.06,1.06,1.06,1.06,1.06,1.06,1.06,1.06,1.06,1.06,1.06,1.06,1.06,1.06,1.06
CL-PFU,v3.0b1,current,World,Lubricants,Total energy supply; Total final consumption; Industry; Manufacturing; Non-metallic minerals,1.06,1.06,1.06,1.06,1.06,1.06,1.06,1.06,1.06,1.06,1.06,1.06,1.06,1.06,1.06,1.06,1.06,1.06,1.06,1.06,1.06,1.06,1.06,1.06,1.06,1.06
CL-PFU,v3.0b1,current,World,Lubricants,Total energy supply; Total final consumption; Industry; Manufacturing; Transport equipment,1.06,1.06,1.06,1.06,1.06,1.06,1.06,1.06,1.06,1.06,1.06,1.06,1.06,1.06,1.06,1.06,1.06,1.06,1.06,1.06,1.06,1.06,1.06,1.06,1.06,1.06
CL-PFU,v3.0b1,current,World,Lubricants,Total energy supply; Total final consumption; Industry; Manufacturing; Machinery,1.06,1.06,1.06,1.06,1.06,1.06,1.06,1.06,1.06,1.06,1.06,1.06,1.06,1.06,1.06,1.06,1.06,1.06,1.06,1.06,1.06,1.06,1.06,1.06,1.06,1.06
CL-PFU,v3.0b1,current,World,Lubricants,Total energy supply; Total final consumption; Industry; Manufacturing; Food and tobacco,1.06,1.06,1.06,1.06,1.06,1.06,1.06,1.06,1.06,1.06,1.06,1.06,1.06,1.06,1.06,1.06,1.06,1.06,1.06,1.06,1.06,1.06,1.06,1.06,1.06,1.06
CL-PFU,v3.0b1,current,World,Lubricants,"Total energy supply; Total final consumption; Industry; Manufacturing; Paper, pulp and printing",1.06,1.06,1.06,1.06,1.06,1.06,1.06,1.06,1.06,1.06,1.06,1.06,1.06,1.06,1.06,1.06,1.06,1.06,1.06,1.06,1.06,1.06,1.06,1.06,1.06,1.06
CL-PFU,v3.0b1,current,World,Lubricants,Total energy supply; Total final consumption; Industry; Manufacturing; Wood and wood products,1.06,1.06,1.06,1.06,1.06,1.06,1.06,1.06,1.06,1.06,1.06,1.06,1.06,1.06,1.06,1.06,1.06,1.06,1.06,1.06,1.06,1.06,1.06,1.06,1.06,1.06
CL-PFU,v3.0b1,current,World,Lubricants,Total energy supply; Total final consumption; Industry; Manufacturing; Textile and leather,1.06,1.06,1.06,1.06,1.06,1.06,1.06,1.06,1.06,1.06,1.06,1.06,1.06,1.06,1.06,1.06,1.06,1.06,1.06,1.06,1.06,1.06,1.06,1.06,1.06,1.06
CL-PFU,v3.0b1,current,World,Lubricants,Total energy supply; Total final consumption; Industry; Industry not elsewhere specified,1.06,1.06,1.06,1.06,1.06,1.06,1.06,1.06,1.06,1.06,1.06,1.06,1.06,1.06,1.06,1.06,1.06,1.06,1.06,1.06,1.06,1.06,1.06,1.06,1.06,1.06
CL-PFU,v3.0b1,current,World,Lubricants,Total energy supply; Total final consumption; Transport; World aviation bunkers,1.06,1.06,1.06,1.06,1.06,1.06,1.06,1.06,1.06,1.06,1.06,1.06,1.06,1.06,1.06,1.06,1.06,1.06,1.06,1.06,1.06,1.06,1.06,1.06,1.06,1.06
CL-PFU,v3.0b1,current,World,Lubricants,Total energy supply; Total final consumption; Transport; Domestic aviation,1.06,1.06,1.06,1.06,1.06,1.06,1.06,1.06,1.06,1.06,1.06,1.06,1.06,1.06,1.06,1.06,1.06,1.06,1.06,1.06,1.06,1.06,1.06,1.06,1.06,1.06
CL-PFU,v3.0b1,current,World,Lubricants,Total energy supply; Total final consumption; Transport; Road,1.06,1.06,1.06,1.06,1.06,1.06,1.06,1.06,1.06,1.06,1.06,1.06,1.06,1.06,1.06,1.06,1.06,1.06,1.06,1.06,1.06,1.06,1.06,1.06,1.06,1.06
CL-PFU,v3.0b1,current,World,Lubricants,Total energy supply; Total final consumption; Transport; Rail,1.06,1.06,1.06,1.06,1.06,1.06,1.06,1.06,1.06,1.06,1.06,1.06,1.06,1.06,1.06,1.06,1.06,1.06,1.06,1.06,1.06,1.06,1.06,1.06,1.06,1.06
CL-PFU,v3.0b1,current,World,Lubricants,Total energy supply; Total final consumption; Transport; Pipeline transport,1.06,1.06,1.06,1.06,1.06,1.06,1.06,1.06,1.06,1.06,1.06,1.06,1.06,1.06,1.06,1.06,1.06,1.06,1.06,1.06,1.06,1.06,1.06,1.06,1.06,1.06
CL-PFU,v3.0b1,current,World,Lubricants,Total energy supply; Total final consumption; Transport; World marine bunkers,1.06,1.06,1.06,1.06,1.06,1.06,1.06,1.06,1.06,1.06,1.06,1.06,1.06,1.06,1.06,1.06,1.06,1.06,1.06,1.06,1.06,1.06,1.06,1.06,1.06,1.06
CL-PFU,v3.0b1,current,World,Lubricants,Total energy supply; Total final consumption; Transport; Domestic navigation,1.06,1.06,1.06,1.06,1.06,1.06,1.06,1.06,1.06,1.06,1.06,1.06,1.06,1.06,1.06,1.06,1.06,1.06,1.06,1.06,1.06,1.06,1.06,1.06,1.06,1.06
CL-PFU,v3.0b1,current,World,Lubricants,Total energy supply; Total final consumption; Transport; Transport not elsewhere specified,1.06,1.06,1.06,1.06,1.06,1.06,1.06,1.06,1.06,1.06,1.06,1.06,1.06,1.06,1.06,1.06,1.06,1.06,1.06,1.06,1.06,1.06,1.06,1.06,1.06,1.06
CL-PFU,v3.0b1,current,World,Lubricants,Total energy supply; Total final consumption; Residential,1.06,1.06,1.06,1.06,1.06,1.06,1.06,1.06,1.06,1.06,1.06,1.06,1.06,1.06,1.06,1.06,1.06,1.06,1.06,1.06,1.06,1.06,1.06,1.06,1.06,1.06
CL-PFU,v3.0b1,current,World,Lubricants,Total energy supply; Total final consumption; Commercial and public services,1.06,1.06,1.06,1.06,1.06,1.06,1.06,1.06,1.06,1.06,1.06,1.06,1.06,1.06,1.06,1.06,1.06,1.06,1.06,1.06,1.06,1.06,1.06,1.06,1.06,1.06
CL-PFU,v3.0b1,current,World,Lubricants,Total energy supply; Total final consumption; Agriculture/forestry,1.06,1.06,1.06,1.06,1.06,1.06,1.06,1.06,1.06,1.06,1.06,1.06,1.06,1.06,1.06,1.06,1.06,1.06,1.06,1.06,1.06,1.06,1.06,1.06,1.06,1.06
CL-PFU,v3.0b1,current,World,Lubricants,Total energy supply; Total final consumption; Fishing,1.06,1.06,1.06,1.06,1.06,1.06,1.06,1.06,1.06,1.06,1.06,1.06,1.06,1.06,1.06,1.06,1.06,1.06,1.06,1.06,1.06,1.06,1.06,1.06,1.06,1.06
CL-PFU,v3.0b1,current,World,Lubricants,Total energy supply; Total final consumption; Final consumption not elsewhere specified,1.06,1.06,1.06,1.06,1.06,1.06,1.06,1.06,1.06,1.06,1.06,1.06,1.06,1.06,1.06,1.06,1.06,1.06,1.06,1.06,1.06,1.06,1.06,1.06,1.06,1.06
CL-PFU,v3.0b1,current,World,Lubricants,Total energy supply; Total final consumption; Non-energy use; Non-energy use industry/transformation/energy,1.06,1.06,1.06,1.06,1.06,1.06,1.06,1.06,1.06,1.06,1.06,1.06,1.06,1.06,1.06,1.06,1.06,1.06,1.06,1.06,1.06,1.06,1.06,1.06,1.06,1.06
CL-PFU,v3.0b1,current,World,Lubricants,Total energy supply; Total final consumption; Non-energy use; Non-energy use in transport,1.06,1.06,1.06,1.06,1.06,1.06,1.06,1.06,1.06,1.06,1.06,1.06,1.06,1.06,1.06,1.06,1.06,1.06,1.06,1.06,1.06,1.06,1.06,1.06,1.06,1.06
CL-PFU,v3.0b1,current,World,Lubricants,Total energy supply; Total final consumption; Non-energy use; Non-energy use in other,1.06,1.06,1.06,1.06,1.06,1.06,1.06,1.06,1.06,1.06,1.06,1.06,1.06,1.06,1.06,1.06,1.06,1.06,1.06,1.06,1.06,1.06,1.06,1.06,1.06,1.06
CL-PFU,v3.0b1,current,World,Motor gasoline excl. biofuels,Total energy supply; Energy industry own use; Coal mines,1.06,1.06,1.06,1.06,1.06,1.06,1.06,1.06,1.06,1.06,1.06,1.06,1.06,1.06,1.06,1.06,1.06,1.06,1.06,1.06,1.06,1.06,1.06,1.06,1.06,1.06
CL-PFU,v3.0b1,current,World,Motor gasoline excl. biofuels,Total energy supply; Energy industry own use; Oil and gas extraction,1.06,1.06,1.06,1.06,1.06,1.06,1.06,1.06,1.06,1.06,1.06,1.06,1.06,1.06,1.06,1.06,1.06,1.06,1.06,1.06,1.06,1.06,1.06,1.06,1.06,1.06
CL-PFU,v3.0b1,current,World,Motor gasoline excl. biofuels,Total energy supply; Energy industry own use; Blast furnaces,1.06,1.06,1.06,1.06,1.06,1.06,1.06,1.06,1.06,1.06,1.06,1.06,1.06,1.06,1.06,1.06,1.06,1.06,1.06,1.06,1.06,1.06,1.06,1.06,1.06,1.06
CL-PFU,v3.0b1,current,World,Motor gasoline excl. biofuels,Total energy supply; Energy industry own use; Gas works,1.06,1.06,1.06,1.06,1.06,1.06,1.06,1.06,1.06,1.06,1.06,1.06,1.06,1.06,1.06,1.06,1.06,1.06,1.06,1.06,1.06,1.06,1.06,1.06,1.06,1.06
CL-PFU,v3.0b1,current,World,Motor gasoline excl. biofuels,Total energy supply; Energy industry own use; Gasification plants for biogases,1.06,1.06,1.06,1.06,1.06,1.06,1.06,1.06,1.06,1.06,1.06,1.06,1.06,1.06,1.06,1.06,1.06,1.06,1.06,1.06,1.06,1.06,1.06,1.06,1.06,1.06
CL-PFU,v3.0b1,current,World,Motor gasoline excl. biofuels,Total energy supply; Energy industry own use; Coke ovens,1.06,1.06,1.06,1.06,1.06,1.06,1.06,1.06,1.06,1.06,1.06,1.06,1.06,1.06,1.06,1.06,1.06,1.06,1.06,1.06,1.06,1.06,1.06,1.06,1.06,1.06
CL-PFU,v3.0b1,current,World,Motor gasoline excl. biofuels,Total energy supply; Energy industry own use; Patent fuel plants,1.06,1.06,1.06,1.06,1.06,1.06,1.06,1.06,1.06,1.06,1.06,1.06,1.06,1.06,1.06,1.06,1.06,1.06,1.06,1.06,1.06,1.06,1.06,1.06,1.06,1.06
CL-PFU,v3.0b1,current,World,Motor gasoline excl. biofuels,Total energy supply; Energy industry own use; BKB/peat briquette plants,1.06,1.06,1.06,1.06,1.06,1.06,1.06,1.06,1.06,1.06,1.06,1.06,1.06,1.06,1.06,1.06,1.06,1.06,1.06,1.06,1.06,1.06,1.06,1.06,1.06,1.06
CL-PFU,v3.0b1,current,World,Motor gasoline excl. biofuels,Total energy supply; Energy industry own use; Oil refineries,1.06,1.06,1.06,1.06,1.06,1.06,1.06,1.06,1.06,1.06,1.06,1.06,1.06,1.06,1.06,1.06,1.06,1.06,1.06,1.06,1.06,1.06,1.06,1.06,1.06,1.06
CL-PFU,v3.0b1,current,World,Motor gasoline excl. biofuels,Total energy supply; Energy industry own use; Coal liquefaction plants,1.06,1.06,1.06,1.06,1.06,1.06,1.06,1.06,1.06,1.06,1.06,1.06,1.06,1.06,1.06,1.06,1.06,1.06,1.06,1.06,1.06,1.06,1.06,1.06,1.06,1.06
CL-PFU,v3.0b1,current,World,Motor gasoline excl. biofuels,Total energy supply; Energy industry own use; Liquefaction (LNG) / regasification plants,1.06,1.06,1.06,1.06,1.06,1.06,1.06,1.06,1.06,1.06,1.06,1.06,1.06,1.06,1.06,1.06,1.06,1.06,1.06,1.06,1.06,1.06,1.06,1.06,1.06,1.06
CL-PFU,v3.0b1,current,World,Motor gasoline excl. biofuels,Total energy supply; Energy industry own use; Gas-to-liquids (GTL) plants,1.06,1.06,1.06,1.06,1.06,1.06,1.06,1.06,1.06,1.06,1.06,1.06,1.06,1.06,1.06,1.06,1.06,1.06,1.06,1.06,1.06,1.06,1.06,1.06,1.06,1.06
CL-PFU,v3.0b1,current,World,Motor gasoline excl. biofuels,"Total energy supply; Energy industry own use; Own use in electricity, CHP and heat plants",1.06,1.06,1.06,1.06,1.06,1.06,1.06,1.06,1.06,1.06,1.06,1.06,1.06,1.06,1.06,1.06,1.06,1.06,1.06,1.06,1.06,1.06,1.06,1.06,1.06,1.06
CL-PFU,v3.0b1,current,World,Motor gasoline excl. biofuels,Total energy supply; Energy industry own use; Pumped storage plants,1.06,1.06,1.06,1.06,1.06,1.06,1.06,1.06,1.06,1.06,1.06,1.06,1.06,1.06,1.06,1.06,1.06,1.06,1.06,1.06,1.06,1.06,1.06,1.06,1.06,1.06
CL-PFU,v3.0b1,current,World,Motor gasoline excl. biofuels,Total energy supply; Energy industry own use; Nuclear industry,1.06,1.06,1.06,1.06,1.06,1.06,1.06,1.06,1.06,1.06,1.06,1.06,1.06,1.06,1.06,1.06,1.06,1.06,1.06,1.06,1.06,1.06,1.06,1.06,1.06,1.06
CL-PFU,v3.0b1,current,World,Motor gasoline excl. biofuels,Total energy supply; Energy industry own use; Charcoal production plants,1.06,1.06,1.06,1.06,1.06,1.06,1.06,1.06,1.06,1.06,1.06,1.06,1.06,1.06,1.06,1.06,1.06,1.06,1.06,1.06,1.06,1.06,1.06,1.06,1.06,1.06
CL-PFU,v3.0b1,current,World,Motor gasoline excl. biofuels,Total energy supply; Energy industry own use; Non-specified (energy),1.06,1.06,1.06,1.06,1.06,1.06,1.06,1.06,1.06,1.06,1.06,1.06,1.06,1.06,1.06,1.06,1.06,1.06,1.06,1.06,1.06,1.06,1.06,1.06,1.06,1.06
CL-PFU,v3.0b1,current,World,Motor gasoline excl. biofuels,Total energy supply; Losses,1.06,1.06,1.06,1.06,1.06,1.06,1.06,1.06,1.06,1.06,1.06,1.06,1.06,1.06,1.06,1.06,1.06,1.06,1.06,1.06,1.06,1.06,1.06,1.06,1.06,1.06
CL-PFU,v3.0b1,current,World,Motor gasoline excl. biofuels,Total energy supply; Total final consumption; Industry; Mining and quarrying,1.06,1.06,1.06,1.06,1.06,1.06,1.06,1.06,1.06,1.06,1.06,1.06,1.06,1.06,1.06,1.06,1.06,1.06,1.06,1.06,1.06,1.06,1.06,1.06,1.06,1.06
CL-PFU,v3.0b1,current,World,Motor gasoline excl. biofuels,Total energy supply; Total final consumption; Industry; Construction,1.06,1.06,1.06,1.06,1.06,1.06,1.06,1.06,1.06,1.06,1.06,1.06,1.06,1.06,1.06,1.06,1.06,1.06,1.06,1.06,1.06,1.06,1.06,1.06,1.06,1.06
CL-PFU,v3.0b1,current,World,Motor gasoline excl. biofuels,Total energy supply; Total final consumption; Industry; Manufacturing; Iron and steel,1.06,1.06,1.06,1.06,1.06,1.06,1.06,1.06,1.06,1.06,1.06,1.06,1.06,1.06,1.06,1.06,1.06,1.06,1.06,1.06,1.06,1.06,1.06,1.06,1.06,1.06
CL-PFU,v3.0b1,current,World,Motor gasoline excl. biofuels,Total energy supply; Total final consumption; Industry; Manufacturing; Chemical and petrochemical,1.06,1.06,1.06,1.06,1.06,1.06,1.06,1.06,1.06,1.06,1.06,1.06,1.06,1.06,1.06,1.06,1.06,1.06,1.06,1.06,1.06,1.06,1.06,1.06,1.06,1.06
CL-PFU,v3.0b1,current,World,Motor gasoline excl. biofuels,Total energy supply; Total final consumption; Industry; Manufacturing; Non-ferrous metals,1.06,1.06,1.06,1.06,1.06,1.06,1.06,1.06,1.06,1.06,1.06,1.06,1.06,1.06,1.06,1.06,1.06,1.06,1.06,1.06,1.06,1.06,1.06,1.06,1.06,1.06
CL-PFU,v3.0b1,current,World,Motor gasoline excl. biofuels,Total energy supply; Total final consumption; Industry; Manufacturing; Non-metallic minerals,1.06,1.06,1.06,1.06,1.06,1.06,1.06,1.06,1.06,1.06,1.06,1.06,1.06,1.06,1.06,1.06,1.06,1.06,1.06,1.06,1.06,1.06,1.06,1.06,1.06,1.06
CL-PFU,v3.0b1,current,World,Motor gasoline excl. biofuels,Total energy supply; Total final consumption; Industry; Manufacturing; Transport equipment,1.06,1.06,1.06,1.06,1.06,1.06,1.06,1.06,1.06,1.06,1.06,1.06,1.06,1.06,1.06,1.06,1.06,1.06,1.06,1.06,1.06,1.06,1.06,1.06,1.06,1.06
CL-PFU,v3.0b1,current,World,Motor gasoline excl. biofuels,Total energy supply; Total final consumption; Industry; Manufacturing; Machinery,1.06,1.06,1.06,1.06,1.06,1.06,1.06,1.06,1.06,1.06,1.06,1.06,1.06,1.06,1.06,1.06,1.06,1.06,1.06,1.06,1.06,1.06,1.06,1.06,1.06,1.06
CL-PFU,v3.0b1,current,World,Motor gasoline excl. biofuels,Total energy supply; Total final consumption; Industry; Manufacturing; Food and tobacco,1.06,1.06,1.06,1.06,1.06,1.06,1.06,1.06,1.06,1.06,1.06,1.06,1.06,1.06,1.06,1.06,1.06,1.06,1.06,1.06,1.06,1.06,1.06,1.06,1.06,1.06
CL-PFU,v3.0b1,current,World,Motor gasoline excl. biofuels,"Total energy supply; Total final consumption; Industry; Manufacturing; Paper, pulp and printing",1.06,1.06,1.06,1.06,1.06,1.06,1.06,1.06,1.06,1.06,1.06,1.06,1.06,1.06,1.06,1.06,1.06,1.06,1.06,1.06,1.06,1.06,1.06,1.06,1.06,1.06
CL-PFU,v3.0b1,current,World,Motor gasoline excl. biofuels,Total energy supply; Total final consumption; Industry; Manufacturing; Wood and wood products,1.06,1.06,1.06,1.06,1.06,1.06,1.06,1.06,1.06,1.06,1.06,1.06,1.06,1.06,1.06,1.06,1.06,1.06,1.06,1.06,1.06,1.06,1.06,1.06,1.06,1.06
CL-PFU,v3.0b1,current,World,Motor gasoline excl. biofuels,Total energy supply; Total final consumption; Industry; Manufacturing; Textile and leather,1.06,1.06,1.06,1.06,1.06,1.06,1.06,1.06,1.06,1.06,1.06,1.06,1.06,1.06,1.06,1.06,1.06,1.06,1.06,1.06,1.06,1.06,1.06,1.06,1.06,1.06
CL-PFU,v3.0b1,current,World,Motor gasoline excl. biofuels,Total energy supply; Total final consumption; Industry; Industry not elsewhere specified,1.06,1.06,1.06,1.06,1.06,1.06,1.06,1.06,1.06,1.06,1.06,1.06,1.06,1.06,1.06,1.06,1.06,1.06,1.06,1.06,1.06,1.06,1.06,1.06,1.06,1.06
CL-PFU,v3.0b1,current,World,Motor gasoline excl. biofuels,Total energy supply; Total final consumption; Transport; World aviation bunkers,1.06,1.06,1.06,1.06,1.06,1.06,1.06,1.06,1.06,1.06,1.06,1.06,1.06,1.06,1.06,1.06,1.06,1.06,1.06,1.06,1.06,1.06,1.06,1.06,1.06,1.06
CL-PFU,v3.0b1,current,World,Motor gasoline excl. biofuels,Total energy supply; Total final consumption; Transport; Domestic aviation,1.06,1.06,1.06,1.06,1.06,1.06,1.06,1.06,1.06,1.06,1.06,1.06,1.06,1.06,1.06,1.06,1.06,1.06,1.06,1.06,1.06,1.06,1.06,1.06,1.06,1.06
CL-PFU,v3.0b1,current,World,Motor gasoline excl. biofuels,Total energy supply; Total final consumption; Transport; Road,1.06,1.06,1.06,1.06,1.06,1.06,1.06,1.06,1.06,1.06,1.06,1.06,1.06,1.06,1.06,1.06,1.06,1.06,1.06,1.06,1.06,1.06,1.06,1.06,1.06,1.06
CL-PFU,v3.0b1,current,World,Motor gasoline excl. biofuels,Total energy supply; Total final consumption; Transport; Rail,1.06,1.06,1.06,1.06,1.06,1.06,1.06,1.06,1.06,1.06,1.06,1.06,1.06,1.06,1.06,1.06,1.06,1.06,1.06,1.06,1.06,1.06,1.06,1.06,1.06,1.06
CL-PFU,v3.0b1,current,World,Motor gasoline excl. biofuels,Total energy supply; Total final consumption; Transport; Pipeline transport,1.06,1.06,1.06,1.06,1.06,1.06,1.06,1.06,1.06,1.06,1.06,1.06,1.06,1.06,1.06,1.06,1.06,1.06,1.06,1.06,1.06,1.06,1.06,1.06,1.06,1.06
CL-PFU,v3.0b1,current,World,Motor gasoline excl. biofuels,Total energy supply; Total final consumption; Transport; World marine bunkers,1.06,1.06,1.06,1.06,1.06,1.06,1.06,1.06,1.06,1.06,1.06,1.06,1.06,1.06,1.06,1.06,1.06,1.06,1.06,1.06,1.06,1.06,1.06,1.06,1.06,1.06
CL-PFU,v3.0b1,current,World,Motor gasoline excl. biofuels,Total energy supply; Total final consumption; Transport; Domestic navigation,1.06,1.06,1.06,1.06,1.06,1.06,1.06,1.06,1.06,1.06,1.06,1.06,1.06,1.06,1.06,1.06,1.06,1.06,1.06,1.06,1.06,1.06,1.06,1.06,1.06,1.06
CL-PFU,v3.0b1,current,World,Motor gasoline excl. biofuels,Total energy supply; Total final consumption; Transport; Transport not elsewhere specified,1.06,1.06,1.06,1.06,1.06,1.06,1.06,1.06,1.06,1.06,1.06,1.06,1.06,1.06,1.06,1.06,1.06,1.06,1.06,1.06,1.06,1.06,1.06,1.06,1.06,1.06
CL-PFU,v3.0b1,current,World,Motor gasoline excl. biofuels,Total energy supply; Total final consumption; Residential,1.06,1.06,1.06,1.06,1.06,1.06,1.06,1.06,1.06,1.06,1.06,1.06,1.06,1.06,1.06,1.06,1.06,1.06,1.06,1.06,1.06,1.06,1.06,1.06,1.06,1.06
CL-PFU,v3.0b1,current,World,Motor gasoline excl. biofuels,Total energy supply; Total final consumption; Commercial and public services,1.06,1.06,1.06,1.06,1.06,1.06,1.06,1.06,1.06,1.06,1.06,1.06,1.06,1.06,1.06,1.06,1.06,1.06,1.06,1.06,1.06,1.06,1.06,1.06,1.06,1.06
CL-PFU,v3.0b1,current,World,Motor gasoline excl. biofuels,Total energy supply; Total final consumption; Agriculture/forestry,1.06,1.06,1.06,1.06,1.06,1.06,1.06,1.06,1.06,1.06,1.06,1.06,1.06,1.06,1.06,1.06,1.06,1.06,1.06,1.06,1.06,1.06,1.06,1.06,1.06,1.06
CL-PFU,v3.0b1,current,World,Motor gasoline excl. biofuels,Total energy supply; Total final consumption; Fishing,1.06,1.06,1.06,1.06,1.06,1.06,1.06,1.06,1.06,1.06,1.06,1.06,1.06,1.06,1.06,1.06,1.06,1.06,1.06,1.06,1.06,1.06,1.06,1.06,1.06,1.06
CL-PFU,v3.0b1,current,World,Motor gasoline excl. biofuels,Total energy supply; Total final consumption; Final consumption not elsewhere specified,1.06,1.06,1.06,1.06,1.06,1.06,1.06,1.06,1.06,1.06,1.06,1.06,1.06,1.06,1.06,1.06,1.06,1.06,1.06,1.06,1.06,1.06,1.06,1.06,1.06,1.06
CL-PFU,v3.0b1,current,World,Motor gasoline excl. biofuels,Total energy supply; Total final consumption; Non-energy use; Non-energy use industry/transformation/energy,1.06,1.06,1.06,1.06,1.06,1.06,1.06,1.06,1.06,1.06,1.06,1.06,1.06,1.06,1.06,1.06,1.06,1.06,1.06,1.06,1.06,1.06,1.06,1.06,1.06,1.06
CL-PFU,v3.0b1,current,World,Motor gasoline excl. biofuels,Total energy supply; Total final consumption; Non-energy use; Non-energy use in transport,1.06,1.06,1.06,1.06,1.06,1.06,1.06,1.06,1.06,1.06,1.06,1.06,1.06,1.06,1.06,1.06,1.06,1.06,1.06,1.06,1.06,1.06,1.06,1.06,1.06,1.06
CL-PFU,v3.0b1,current,World,Motor gasoline excl. biofuels,Total energy supply; Total final consumption; Non-energy use; Non-energy use in other,1.06,1.06,1.06,1.06,1.06,1.06,1.06,1.06,1.06,1.06,1.06,1.06,1.06,1.06,1.06,1.06,1.06,1.06,1.06,1.06,1.06,1.06,1.06,1.06,1.06,1.06
CL-PFU,v3.0b1,current,World,Municipal waste (non-renewable),Total energy supply; Energy industry own use; Coal mines,1.11,1.11,1.11,1.11,1.11,1.11,1.11,1.11,1.11,1.11,1.11,1.11,1.11,1.11,1.11,1.11,1.11,1.11,1.11,1.11,1.11,1.11,1.11,1.11,1.11,1.11
CL-PFU,v3.0b1,current,World,Municipal waste (non-renewable),Total energy supply; Energy industry own use; Oil and gas extraction,1.11,1.11,1.11,1.11,1.11,1.11,1.11,1.11,1.11,1.11,1.11,1.11,1.11,1.11,1.11,1.11,1.11,1.11,1.11,1.11,1.11,1.11,1.11,1.11,1.11,1.11
CL-PFU,v3.0b1,current,World,Municipal waste (non-renewable),Total energy supply; Energy industry own use; Blast furnaces,1.11,1.11,1.11,1.11,1.11,1.11,1.11,1.11,1.11,1.11,1.11,1.11,1.11,1.11,1.11,1.11,1.11,1.11,1.11,1.11,1.11,1.11,1.11,1.11,1.11,1.11
CL-PFU,v3.0b1,current,World,Municipal waste (non-renewable),Total energy supply; Energy industry own use; Gas works,1.11,1.11,1.11,1.11,1.11,1.11,1.11,1.11,1.11,1.11,1.11,1.11,1.11,1.11,1.11,1.11,1.11,1.11,1.11,1.11,1.11,1.11,1.11,1.11,1.11,1.11
CL-PFU,v3.0b1,current,World,Municipal waste (non-renewable),Total energy supply; Energy industry own use; Gasification plants for biogases,1.11,1.11,1.11,1.11,1.11,1.11,1.11,1.11,1.11,1.11,1.11,1.11,1.11,1.11,1.11,1.11,1.11,1.11,1.11,1.11,1.11,1.11,1.11,1.11,1.11,1.11
CL-PFU,v3.0b1,current,World,Municipal waste (non-renewable),Total energy supply; Energy industry own use; Coke ovens,1.11,1.11,1.11,1.11,1.11,1.11,1.11,1.11,1.11,1.11,1.11,1.11,1.11,1.11,1.11,1.11,1.11,1.11,1.11,1.11,1.11,1.11,1.11,1.11,1.11,1.11
CL-PFU,v3.0b1,current,World,Municipal waste (non-renewable),Total energy supply; Energy industry own use; Patent fuel plants,1.11,1.11,1.11,1.11,1.11,1.11,1.11,1.11,1.11,1.11,1.11,1.11,1.11,1.11,1.11,1.11,1.11,1.11,1.11,1.11,1.11,1.11,1.11,1.11,1.11,1.11
CL-PFU,v3.0b1,current,World,Municipal waste (non-renewable),Total energy supply; Energy industry own use; BKB/peat briquette plants,1.11,1.11,1.11,1.11,1.11,1.11,1.11,1.11,1.11,1.11,1.11,1.11,1.11,1.11,1.11,1.11,1.11,1.11,1.11,1.11,1.11,1.11,1.11,1.11,1.11,1.11
CL-PFU,v3.0b1,current,World,Municipal waste (non-renewable),Total energy supply; Energy industry own use; Oil refineries,1.11,1.11,1.11,1.11,1.11,1.11,1.11,1.11,1.11,1.11,1.11,1.11,1.11,1.11,1.11,1.11,1.11,1.11,1.11,1.11,1.11,1.11,1.11,1.11,1.11,1.11
CL-PFU,v3.0b1,current,World,Municipal waste (non-renewable),Total energy supply; Energy industry own use; Coal liquefaction plants,1.11,1.11,1.11,1.11,1.11,1.11,1.11,1.11,1.11,1.11,1.11,1.11,1.11,1.11,1.11,1.11,1.11,1.11,1.11,1.11,1.11,1.11,1.11,1.11,1.11,1.11
CL-PFU,v3.0b1,current,World,Municipal waste (non-renewable),Total energy supply; Energy industry own use; Liquefaction (LNG) / regasification plants,1.11,1.11,1.11,1.11,1.11,1.11,1.11,1.11,1.11,1.11,1.11,1.11,1.11,1.11,1.11,1.11,1.11,1.11,1.11,1.11,1.11,1.11,1.11,1.11,1.11,1.11
CL-PFU,v3.0b1,current,World,Municipal waste (non-renewable),Total energy supply; Energy industry own use; Gas-to-liquids (GTL) plants,1.11,1.11,1.11,1.11,1.11,1.11,1.11,1.11,1.11,1.11,1.11,1.11,1.11,1.11,1.11,1.11,1.11,1.11,1.11,1.11,1.11,1.11,1.11,1.11,1.11,1.11
CL-PFU,v3.0b1,current,World,Municipal waste (non-renewable),"Total energy supply; Energy industry own use; Own use in electricity, CHP and heat plants",1.11,1.11,1.11,1.11,1.11,1.11,1.11,1.11,1.11,1.11,1.11,1.11,1.11,1.11,1.11,1.11,1.11,1.11,1.11,1.11,1.11,1.11,1.11,1.11,1.11,1.11
CL-PFU,v3.0b1,current,World,Municipal waste (non-renewable),Total energy supply; Energy industry own use; Pumped storage plants,1.11,1.11,1.11,1.11,1.11,1.11,1.11,1.11,1.11,1.11,1.11,1.11,1.11,1.11,1.11,1.11,1.11,1.11,1.11,1.11,1.11,1.11,1.11,1.11,1.11,1.11
CL-PFU,v3.0b1,current,World,Municipal waste (non-renewable),Total energy supply; Energy industry own use; Nuclear industry,1.11,1.11,1.11,1.11,1.11,1.11,1.11,1.11,1.11,1.11,1.11,1.11,1.11,1.11,1.11,1.11,1.11,1.11,1.11,1.11,1.11,1.11,1.11,1.11,1.11,1.11
CL-PFU,v3.0b1,current,World,Municipal waste (non-renewable),Total energy supply; Energy industry own use; Charcoal production plants,1.11,1.11,1.11,1.11,1.11,1.11,1.11,1.11,1.11,1.11,1.11,1.11,1.11,1.11,1.11,1.11,1.11,1.11,1.11,1.11,1.11,1.11,1.11,1.11,1.11,1.11
CL-PFU,v3.0b1,current,World,Municipal waste (non-renewable),Total energy supply; Energy industry own use; Non-specified (energy),1.11,1.11,1.11,1.11,1.11,1.11,1.11,1.11,1.11,1.11,1.11,1.11,1.11,1.11,1.11,1.11,1.11,1.11,1.11,1.11,1.11,1.11,1.11,1.11,1.11,1.11
CL-PFU,v3.0b1,current,World,Municipal waste (non-renewable),Total energy supply; Losses,1.11,1.11,1.11,1.11,1.11,1.11,1.11,1.11,1.11,1.11,1.11,1.11,1.11,1.11,1.11,1.11,1.11,1.11,1.11,1.11,1.11,1.11,1.11,1.11,1.11,1.11
CL-PFU,v3.0b1,current,World,Municipal waste (non-renewable),Total energy supply; Total final consumption; Industry; Mining and quarrying,1.11,1.11,1.11,1.11,1.11,1.11,1.11,1.11,1.11,1.11,1.11,1.11,1.11,1.11,1.11,1.11,1.11,1.11,1.11,1.11,1.11,1.11,1.11,1.11,1.11,1.11
CL-PFU,v3.0b1,current,World,Municipal waste (non-renewable),Total energy supply; Total final consumption; Industry; Construction,1.11,1.11,1.11,1.11,1.11,1.11,1.11,1.11,1.11,1.11,1.11,1.11,1.11,1.11,1.11,1.11,1.11,1.11,1.11,1.11,1.11,1.11,1.11,1.11,1.11,1.11
CL-PFU,v3.0b1,current,World,Municipal waste (non-renewable),Total energy supply; Total final consumption; Industry; Manufacturing; Iron and steel,1.11,1.11,1.11,1.11,1.11,1.11,1.11,1.11,1.11,1.11,1.11,1.11,1.11,1.11,1.11,1.11,1.11,1.11,1.11,1.11,1.11,1.11,1.11,1.11,1.11,1.11
CL-PFU,v3.0b1,current,World,Municipal waste (non-renewable),Total energy supply; Total final consumption; Industry; Manufacturing; Chemical and petrochemical,1.11,1.11,1.11,1.11,1.11,1.11,1.11,1.11,1.11,1.11,1.11,1.11,1.11,1.11,1.11,1.11,1.11,1.11,1.11,1.11,1.11,1.11,1.11,1.11,1.11,1.11
CL-PFU,v3.0b1,current,World,Municipal waste (non-renewable),Total energy supply; Total final consumption; Industry; Manufacturing; Non-ferrous metals,1.11,1.11,1.11,1.11,1.11,1.11,1.11,1.11,1.11,1.11,1.11,1.11,1.11,1.11,1.11,1.11,1.11,1.11,1.11,1.11,1.11,1.11,1.11,1.11,1.11,1.11
CL-PFU,v3.0b1,current,World,Municipal waste (non-renewable),Total energy supply; Total final consumption; Industry; Manufacturing; Non-metallic minerals,1.11,1.11,1.11,1.11,1.11,1.11,1.11,1.11,1.11,1.11,1.11,1.11,1.11,1.11,1.11,1.11,1.11,1.11,1.11,1.11,1.11,1.11,1.11,1.11,1.11,1.11
CL-PFU,v3.0b1,current,World,Municipal waste (non-renewable),Total energy supply; Total final consumption; Industry; Manufacturing; Transport equipment,1.11,1.11,1.11,1.11,1.11,1.11,1.11,1.11,1.11,1.11,1.11,1.11,1.11,1.11,1.11,1.11,1.11,1.11,1.11,1.11,1.11,1.11,1.11,1.11,1.11,1.11
CL-PFU,v3.0b1,current,World,Municipal waste (non-renewable),Total energy supply; Total final consumption; Industry; Manufacturing; Machinery,1.11,1.11,1.11,1.11,1.11,1.11,1.11,1.11,1.11,1.11,1.11,1.11,1.11,1.11,1.11,1.11,1.11,1.11,1.11,1.11,1.11,1.11,1.11,1.11,1.11,1.11
CL-PFU,v3.0b1,current,World,Municipal waste (non-renewable),Total energy supply; Total final consumption; Industry; Manufacturing; Food and tobacco,1.11,1.11,1.11,1.11,1.11,1.11,1.11,1.11,1.11,1.11,1.11,1.11,1.11,1.11,1.11,1.11,1.11,1.11,1.11,1.11,1.11,1.11,1.11,1.11,1.11,1.11
CL-PFU,v3.0b1,current,World,Municipal waste (non-renewable),"Total energy supply; Total final consumption; Industry; Manufacturing; Paper, pulp and printing",1.11,1.11,1.11,1.11,1.11,1.11,1.11,1.11,1.11,1.11,1.11,1.11,1.11,1.11,1.11,1.11,1.11,1.11,1.11,1.11,1.11,1.11,1.11,1.11,1.11,1.11
CL-PFU,v3.0b1,current,World,Municipal waste (non-renewable),Total energy supply; Total final consumption; Industry; Manufacturing; Wood and wood products,1.11,1.11,1.11,1.11,1.11,1.11,1.11,1.11,1.11,1.11,1.11,1.11,1.11,1.11,1.11,1.11,1.11,1.11,1.11,1.11,1.11,1.11,1.11,1.11,1.11,1.11
CL-PFU,v3.0b1,current,World,Municipal waste (non-renewable),Total energy supply; Total final consumption; Industry; Manufacturing; Textile and leather,1.11,1.11,1.11,1.11,1.11,1.11,1.11,1.11,1.11,1.11,1.11,1.11,1.11,1.11,1.11,1.11,1.11,1.11,1.11,1.11,1.11,1.11,1.11,1.11,1.11,1.11
CL-PFU,v3.0b1,current,World,Municipal waste (non-renewable),Total energy supply; Total final consumption; Industry; Industry not elsewhere specified,1.11,1.11,1.11,1.11,1.11,1.11,1.11,1.11,1.11,1.11,1.11,1.11,1.11,1.11,1.11,1.11,1.11,1.11,1.11,1.11,1.11,1.11,1.11,1.11,1.11,1.11
CL-PFU,v3.0b1,current,World,Municipal waste (non-renewable),Total energy supply; Total final consumption; Transport; World aviation bunkers,1.11,1.11,1.11,1.11,1.11,1.11,1.11,1.11,1.11,1.11,1.11,1.11,1.11,1.11,1.11,1.11,1.11,1.11,1.11,1.11,1.11,1.11,1.11,1.11,1.11,1.11
CL-PFU,v3.0b1,current,World,Municipal waste (non-renewable),Total energy supply; Total final consumption; Transport; Domestic aviation,1.11,1.11,1.11,1.11,1.11,1.11,1.11,1.11,1.11,1.11,1.11,1.11,1.11,1.11,1.11,1.11,1.11,1.11,1.11,1.11,1.11,1.11,1.11,1.11,1.11,1.11
CL-PFU,v3.0b1,current,World,Municipal waste (non-renewable),Total energy supply; Total final consumption; Transport; Road,1.11,1.11,1.11,1.11,1.11,1.11,1.11,1.11,1.11,1.11,1.11,1.11,1.11,1.11,1.11,1.11,1.11,1.11,1.11,1.11,1.11,1.11,1.11,1.11,1.11,1.11
CL-PFU,v3.0b1,current,World,Municipal waste (non-renewable),Total energy supply; Total final consumption; Transport; Rail,1.11,1.11,1.11,1.11,1.11,1.11,1.11,1.11,1.11,1.11,1.11,1.11,1.11,1.11,1.11,1.11,1.11,1.11,1.11,1.11,1.11,1.11,1.11,1.11,1.11,1.11
CL-PFU,v3.0b1,current,World,Municipal waste (non-renewable),Total energy supply; Total final consumption; Transport; Pipeline transport,1.11,1.11,1.11,1.11,1.11,1.11,1.11,1.11,1.11,1.11,1.11,1.11,1.11,1.11,1.11,1.11,1.11,1.11,1.11,1.11,1.11,1.11,1.11,1.11,1.11,1.11
CL-PFU,v3.0b1,current,World,Municipal waste (non-renewable),Total energy supply; Total final consumption; Transport; World marine bunkers,1.11,1.11,1.11,1.11,1.11,1.11,1.11,1.11,1.11,1.11,1.11,1.11,1.11,1.11,1.11,1.11,1.11,1.11,1.11,1.11,1.11,1.11,1.11,1.11,1.11,1.11
CL-PFU,v3.0b1,current,World,Municipal waste (non-renewable),Total energy supply; Total final consumption; Transport; Domestic navigation,1.11,1.11,1.11,1.11,1.11,1.11,1.11,1.11,1.11,1.11,1.11,1.11,1.11,1.11,1.11,1.11,1.11,1.11,1.11,1.11,1.11,1.11,1.11,1.11,1.11,1.11
CL-PFU,v3.0b1,current,World,Municipal waste (non-renewable),Total energy supply; Total final consumption; Transport; Transport not elsewhere specified,1.11,1.11,1.11,1.11,1.11,1.11,1.11,1.11,1.11,1.11,1.11,1.11,1.11,1.11,1.11,1.11,1.11,1.11,1.11,1.11,1.11,1.11,1.11,1.11,1.11,1.11
CL-PFU,v3.0b1,current,World,Municipal waste (non-renewable),Total energy supply; Total final consumption; Residential,1.11,1.11,1.11,1.11,1.11,1.11,1.11,1.11,1.11,1.11,1.11,1.11,1.11,1.11,1.11,1.11,1.11,1.11,1.11,1.11,1.11,1.11,1.11,1.11,1.11,1.11
CL-PFU,v3.0b1,current,World,Municipal waste (non-renewable),Total energy supply; Total final consumption; Commercial and public services,1.11,1.11,1.11,1.11,1.11,1.11,1.11,1.11,1.11,1.11,1.11,1.11,1.11,1.11,1.11,1.11,1.11,1.11,1.11,1.11,1.11,1.11,1.11,1.11,1.11,1.11
CL-PFU,v3.0b1,current,World,Municipal waste (non-renewable),Total energy supply; Total final consumption; Agriculture/forestry,1.11,1.11,1.11,1.11,1.11,1.11,1.11,1.11,1.11,1.11,1.11,1.11,1.11,1.11,1.11,1.11,1.11,1.11,1.11,1.11,1.11,1.11,1.11,1.11,1.11,1.11
CL-PFU,v3.0b1,current,World,Municipal waste (non-renewable),Total energy supply; Total final consumption; Fishing,1.11,1.11,1.11,1.11,1.11,1.11,1.11,1.11,1.11,1.11,1.11,1.11,1.11,1.11,1.11,1.11,1.11,1.11,1.11,1.11,1.11,1.11,1.11,1.11,1.11,1.11
CL-PFU,v3.0b1,current,World,Municipal waste (non-renewable),Total energy supply; Total final consumption; Final consumption not elsewhere specified,1.11,1.11,1.11,1.11,1.11,1.11,1.11,1.11,1.11,1.11,1.11,1.11,1.11,1.11,1.11,1.11,1.11,1.11,1.11,1.11,1.11,1.11,1.11,1.11,1.11,1.11
CL-PFU,v3.0b1,current,World,Municipal waste (non-renewable),Total energy supply; Total final consumption; Non-energy use; Non-energy use industry/transformation/energy,1.11,1.11,1.11,1.11,1.11,1.11,1.11,1.11,1.11,1.11,1.11,1.11,1.11,1.11,1.11,1.11,1.11,1.11,1.11,1.11,1.11,1.11,1.11,1.11,1.11,1.11
CL-PFU,v3.0b1,current,World,Municipal waste (non-renewable),Total energy supply; Total final consumption; Non-energy use; Non-energy use in transport,1.11,1.11,1.11,1.11,1.11,1.11,1.11,1.11,1.11,1.11,1.11,1.11,1.11,1.11,1.11,1.11,1.11,1.11,1.11,1.11,1.11,1.11,1.11,1.11,1.11,1.11
CL-PFU,v3.0b1,current,World,Municipal waste (non-renewable),Total energy supply; Total final consumption; Non-energy use; Non-energy use in other,1.11,1.11,1.11,1.11,1.11,1.11,1.11,1.11,1.11,1.11,1.11,1.11,1.11,1.11,1.11,1.11,1.11,1.11,1.11,1.11,1.11,1.11,1.11,1.11,1.11,1.11
CL-PFU,v3.0b1,current,World,Municipal waste (renewable),Total energy supply; Energy industry own use; Coal mines,1.11,1.11,1.11,1.11,1.11,1.11,1.11,1.11,1.11,1.11,1.11,1.11,1.11,1.11,1.11,1.11,1.11,1.11,1.11,1.11,1.11,1.11,1.11,1.11,1.11,1.11
CL-PFU,v3.0b1,current,World,Municipal waste (renewable),Total energy supply; Energy industry own use; Oil and gas extraction,1.11,1.11,1.11,1.11,1.11,1.11,1.11,1.11,1.11,1.11,1.11,1.11,1.11,1.11,1.11,1.11,1.11,1.11,1.11,1.11,1.11,1.11,1.11,1.11,1.11,1.11
CL-PFU,v3.0b1,current,World,Municipal waste (renewable),Total energy supply; Energy industry own use; Blast furnaces,1.11,1.11,1.11,1.11,1.11,1.11,1.11,1.11,1.11,1.11,1.11,1.11,1.11,1.11,1.11,1.11,1.11,1.11,1.11,1.11,1.11,1.11,1.11,1.11,1.11,1.11
CL-PFU,v3.0b1,current,World,Municipal waste (renewable),Total energy supply; Energy industry own use; Gas works,1.11,1.11,1.11,1.11,1.11,1.11,1.11,1.11,1.11,1.11,1.11,1.11,1.11,1.11,1.11,1.11,1.11,1.11,1.11,1.11,1.11,1.11,1.11,1.11,1.11,1.11
CL-PFU,v3.0b1,current,World,Municipal waste (renewable),Total energy supply; Energy industry own use; Gasification plants for biogases,1.11,1.11,1.11,1.11,1.11,1.11,1.11,1.11,1.11,1.11,1.11,1.11,1.11,1.11,1.11,1.11,1.11,1.11,1.11,1.11,1.11,1.11,1.11,1.11,1.11,1.11
CL-PFU,v3.0b1,current,World,Municipal waste (renewable),Total energy supply; Energy industry own use; Coke ovens,1.11,1.11,1.11,1.11,1.11,1.11,1.11,1.11,1.11,1.11,1.11,1.11,1.11,1.11,1.11,1.11,1.11,1.11,1.11,1.11,1.11,1.11,1.11,1.11,1.11,1.11
CL-PFU,v3.0b1,current,World,Municipal waste (renewable),Total energy supply; Energy industry own use; Patent fuel plants,1.11,1.11,1.11,1.11,1.11,1.11,1.11,1.11,1.11,1.11,1.11,1.11,1.11,1.11,1.11,1.11,1.11,1.11,1.11,1.11,1.11,1.11,1.11,1.11,1.11,1.11
CL-PFU,v3.0b1,current,World,Municipal waste (renewable),Total energy supply; Energy industry own use; BKB/peat briquette plants,1.11,1.11,1.11,1.11,1.11,1.11,1.11,1.11,1.11,1.11,1.11,1.11,1.11,1.11,1.11,1.11,1.11,1.11,1.11,1.11,1.11,1.11,1.11,1.11,1.11,1.11
CL-PFU,v3.0b1,current,World,Municipal waste (renewable),Total energy supply; Energy industry own use; Oil refineries,1.11,1.11,1.11,1.11,1.11,1.11,1.11,1.11,1.11,1.11,1.11,1.11,1.11,1.11,1.11,1.11,1.11,1.11,1.11,1.11,1.11,1.11,1.11,1.11,1.11,1.11
CL-PFU,v3.0b1,current,World,Municipal waste (renewable),Total energy supply; Energy industry own use; Coal liquefaction plants,1.11,1.11,1.11,1.11,1.11,1.11,1.11,1.11,1.11,1.11,1.11,1.11,1.11,1.11,1.11,1.11,1.11,1.11,1.11,1.11,1.11,1.11,1.11,1.11,1.11,1.11
CL-PFU,v3.0b1,current,World,Municipal waste (renewable),Total energy supply; Energy industry own use; Liquefaction (LNG) / regasification plants,1.11,1.11,1.11,1.11,1.11,1.11,1.11,1.11,1.11,1.11,1.11,1.11,1.11,1.11,1.11,1.11,1.11,1.11,1.11,1.11,1.11,1.11,1.11,1.11,1.11,1.11
CL-PFU,v3.0b1,current,World,Municipal waste (renewable),Total energy supply; Energy industry own use; Gas-to-liquids (GTL) plants,1.11,1.11,1.11,1.11,1.11,1.11,1.11,1.11,1.11,1.11,1.11,1.11,1.11,1.11,1.11,1.11,1.11,1.11,1.11,1.11,1.11,1.11,1.11,1.11,1.11,1.11
CL-PFU,v3.0b1,current,World,Municipal waste (renewable),"Total energy supply; Energy industry own use; Own use in electricity, CHP and heat plants",1.11,1.11,1.11,1.11,1.11,1.11,1.11,1.11,1.11,1.11,1.11,1.11,1.11,1.11,1.11,1.11,1.11,1.11,1.11,1.11,1.11,1.11,1.11,1.11,1.11,1.11
CL-PFU,v3.0b1,current,World,Municipal waste (renewable),Total energy supply; Energy industry own use; Pumped storage plants,1.11,1.11,1.11,1.11,1.11,1.11,1.11,1.11,1.11,1.11,1.11,1.11,1.11,1.11,1.11,1.11,1.11,1.11,1.11,1.11,1.11,1.11,1.11,1.11,1.11,1.11
CL-PFU,v3.0b1,current,World,Municipal waste (renewable),Total energy supply; Energy industry own use; Nuclear industry,1.11,1.11,1.11,1.11,1.11,1.11,1.11,1.11,1.11,1.11,1.11,1.11,1.11,1.11,1.11,1.11,1.11,1.11,1.11,1.11,1.11,1.11,1.11,1.11,1.11,1.11
CL-PFU,v3.0b1,current,World,Municipal waste (renewable),Total energy supply; Energy industry own use; Charcoal production plants,1.11,1.11,1.11,1.11,1.11,1.11,1.11,1.11,1.11,1.11,1.11,1.11,1.11,1.11,1.11,1.11,1.11,1.11,1.11,1.11,1.11,1.11,1.11,1.11,1.11,1.11
CL-PFU,v3.0b1,current,World,Municipal waste (renewable),Total energy supply; Energy industry own use; Non-specified (energy),1.11,1.11,1.11,1.11,1.11,1.11,1.11,1.11,1.11,1.11,1.11,1.11,1.11,1.11,1.11,1.11,1.11,1.11,1.11,1.11,1.11,1.11,1.11,1.11,1.11,1.11
CL-PFU,v3.0b1,current,World,Municipal waste (renewable),Total energy supply; Losses,1.11,1.11,1.11,1.11,1.11,1.11,1.11,1.11,1.11,1.11,1.11,1.11,1.11,1.11,1.11,1.11,1.11,1.11,1.11,1.11,1.11,1.11,1.11,1.11,1.11,1.11
CL-PFU,v3.0b1,current,World,Municipal waste (renewable),Total energy supply; Total final consumption; Industry; Mining and quarrying,1.11,1.11,1.11,1.11,1.11,1.11,1.11,1.11,1.11,1.11,1.11,1.11,1.11,1.11,1.11,1.11,1.11,1.11,1.11,1.11,1.11,1.11,1.11,1.11,1.11,1.11
CL-PFU,v3.0b1,current,World,Municipal waste (renewable),Total energy supply; Total final consumption; Industry; Construction,1.11,1.11,1.11,1.11,1.11,1.11,1.11,1.11,1.11,1.11,1.11,1.11,1.11,1.11,1.11,1.11,1.11,1.11,1.11,1.11,1.11,1.11,1.11,1.11,1.11,1.11
CL-PFU,v3.0b1,current,World,Municipal waste (renewable),Total energy supply; Total final consumption; Industry; Manufacturing; Iron and steel,1.11,1.11,1.11,1.11,1.11,1.11,1.11,1.11,1.11,1.11,1.11,1.11,1.11,1.11,1.11,1.11,1.11,1.11,1.11,1.11,1.11,1.11,1.11,1.11,1.11,1.11
CL-PFU,v3.0b1,current,World,Municipal waste (renewable),Total energy supply; Total final consumption; Industry; Manufacturing; Chemical and petrochemical,1.11,1.11,1.11,1.11,1.11,1.11,1.11,1.11,1.11,1.11,1.11,1.11,1.11,1.11,1.11,1.11,1.11,1.11,1.11,1.11,1.11,1.11,1.11,1.11,1.11,1.11
CL-PFU,v3.0b1,current,World,Municipal waste (renewable),Total energy supply; Total final consumption; Industry; Manufacturing; Non-ferrous metals,1.11,1.11,1.11,1.11,1.11,1.11,1.11,1.11,1.11,1.11,1.11,1.11,1.11,1.11,1.11,1.11,1.11,1.11,1.11,1.11,1.11,1.11,1.11,1.11,1.11,1.11
CL-PFU,v3.0b1,current,World,Municipal waste (renewable),Total energy supply; Total final consumption; Industry; Manufacturing; Non-metallic minerals,1.11,1.11,1.11,1.11,1.11,1.11,1.11,1.11,1.11,1.11,1.11,1.11,1.11,1.11,1.11,1.11,1.11,1.11,1.11,1.11,1.11,1.11,1.11,1.11,1.11,1.11
CL-PFU,v3.0b1,current,World,Municipal waste (renewable),Total energy supply; Total final consumption; Industry; Manufacturing; Transport equipment,1.11,1.11,1.11,1.11,1.11,1.11,1.11,1.11,1.11,1.11,1.11,1.11,1.11,1.11,1.11,1.11,1.11,1.11,1.11,1.11,1.11,1.11,1.11,1.11,1.11,1.11
CL-PFU,v3.0b1,current,World,Municipal waste (renewable),Total energy supply; Total final consumption; Industry; Manufacturing; Machinery,1.11,1.11,1.11,1.11,1.11,1.11,1.11,1.11,1.11,1.11,1.11,1.11,1.11,1.11,1.11,1.11,1.11,1.11,1.11,1.11,1.11,1.11,1.11,1.11,1.11,1.11
CL-PFU,v3.0b1,current,World,Municipal waste (renewable),Total energy supply; Total final consumption; Industry; Manufacturing; Food and tobacco,1.11,1.11,1.11,1.11,1.11,1.11,1.11,1.11,1.11,1.11,1.11,1.11,1.11,1.11,1.11,1.11,1.11,1.11,1.11,1.11,1.11,1.11,1.11,1.11,1.11,1.11
CL-PFU,v3.0b1,current,World,Municipal waste (renewable),"Total energy supply; Total final consumption; Industry; Manufacturing; Paper, pulp and printing",1.11,1.11,1.11,1.11,1.11,1.11,1.11,1.11,1.11,1.11,1.11,1.11,1.11,1.11,1.11,1.11,1.11,1.11,1.11,1.11,1.11,1.11,1.11,1.11,1.11,1.11
CL-PFU,v3.0b1,current,World,Municipal waste (renewable),Total energy supply; Total final consumption; Industry; Manufacturing; Wood and wood products,1.11,1.11,1.11,1.11,1.11,1.11,1.11,1.11,1.11,1.11,1.11,1.11,1.11,1.11,1.11,1.11,1.11,1.11,1.11,1.11,1.11,1.11,1.11,1.11,1.11,1.11
CL-PFU,v3.0b1,current,World,Municipal waste (renewable),Total energy supply; Total final consumption; Industry; Manufacturing; Textile and leather,1.11,1.11,1.11,1.11,1.11,1.11,1.11,1.11,1.11,1.11,1.11,1.11,1.11,1.11,1.11,1.11,1.11,1.11,1.11,1.11,1.11,1.11,1.11,1.11,1.11,1.11
CL-PFU,v3.0b1,current,World,Municipal waste (renewable),Total energy supply; Total final consumption; Industry; Industry not elsewhere specified,1.11,1.11,1.11,1.11,1.11,1.11,1.11,1.11,1.11,1.11,1.11,1.11,1.11,1.11,1.11,1.11,1.11,1.11,1.11,1.11,1.11,1.11,1.11,1.11,1.11,1.11
CL-PFU,v3.0b1,current,World,Municipal waste (renewable),Total energy supply; Total final consumption; Transport; World aviation bunkers,1.11,1.11,1.11,1.11,1.11,1.11,1.11,1.11,1.11,1.11,1.11,1.11,1.11,1.11,1.11,1.11,1.11,1.11,1.11,1.11,1.11,1.11,1.11,1.11,1.11,1.11
CL-PFU,v3.0b1,current,World,Municipal waste (renewable),Total energy supply; Total final consumption; Transport; Domestic aviation,1.11,1.11,1.11,1.11,1.11,1.11,1.11,1.11,1.11,1.11,1.11,1.11,1.11,1.11,1.11,1.11,1.11,1.11,1.11,1.11,1.11,1.11,1.11,1.11,1.11,1.11
CL-PFU,v3.0b1,current,World,Municipal waste (renewable),Total energy supply; Total final consumption; Transport; Road,1.11,1.11,1.11,1.11,1.11,1.11,1.11,1.11,1.11,1.11,1.11,1.11,1.11,1.11,1.11,1.11,1.11,1.11,1.11,1.11,1.11,1.11,1.11,1.11,1.11,1.11
CL-PFU,v3.0b1,current,World,Municipal waste (renewable),Total energy supply; Total final consumption; Transport; Rail,1.11,1.11,1.11,1.11,1.11,1.11,1.11,1.11,1.11,1.11,1.11,1.11,1.11,1.11,1.11,1.11,1.11,1.11,1.11,1.11,1.11,1.11,1.11,1.11,1.11,1.11
CL-PFU,v3.0b1,current,World,Municipal waste (renewable),Total energy supply; Total final consumption; Transport; Pipeline transport,1.11,1.11,1.11,1.11,1.11,1.11,1.11,1.11,1.11,1.11,1.11,1.11,1.11,1.11,1.11,1.11,1.11,1.11,1.11,1.11,1.11,1.11,1.11,1.11,1.11,1.11
CL-PFU,v3.0b1,current,World,Municipal waste (renewable),Total energy supply; Total final consumption; Transport; World marine bunkers,1.11,1.11,1.11,1.11,1.11,1.11,1.11,1.11,1.11,1.11,1.11,1.11,1.11,1.11,1.11,1.11,1.11,1.11,1.11,1.11,1.11,1.11,1.11,1.11,1.11,1.11
CL-PFU,v3.0b1,current,World,Municipal waste (renewable),Total energy supply; Total final consumption; Transport; Domestic navigation,1.11,1.11,1.11,1.11,1.11,1.11,1.11,1.11,1.11,1.11,1.11,1.11,1.11,1.11,1.11,1.11,1.11,1.11,1.11,1.11,1.11,1.11,1.11,1.11,1.11,1.11
CL-PFU,v3.0b1,current,World,Municipal waste (renewable),Total energy supply; Total final consumption; Transport; Transport not elsewhere specified,1.11,1.11,1.11,1.11,1.11,1.11,1.11,1.11,1.11,1.11,1.11,1.11,1.11,1.11,1.11,1.11,1.11,1.11,1.11,1.11,1.11,1.11,1.11,1.11,1.11,1.11
CL-PFU,v3.0b1,current,World,Municipal waste (renewable),Total energy supply; Total final consumption; Residential,1.11,1.11,1.11,1.11,1.11,1.11,1.11,1.11,1.11,1.11,1.11,1.11,1.11,1.11,1.11,1.11,1.11,1.11,1.11,1.11,1.11,1.11,1.11,1.11,1.11,1.11
CL-PFU,v3.0b1,current,World,Municipal waste (renewable),Total energy supply; Total final consumption; Commercial and public services,1.11,1.11,1.11,1.11,1.11,1.11,1.11,1.11,1.11,1.11,1.11,1.11,1.11,1.11,1.11,1.11,1.11,1.11,1.11,1.11,1.11,1.11,1.11,1.11,1.11,1.11
CL-PFU,v3.0b1,current,World,Municipal waste (renewable),Total energy supply; Total final consumption; Agriculture/forestry,1.11,1.11,1.11,1.11,1.11,1.11,1.11,1.11,1.11,1.11,1.11,1.11,1.11,1.11,1.11,1.11,1.11,1.11,1.11,1.11,1.11,1.11,1.11,1.11,1.11,1.11
CL-PFU,v3.0b1,current,World,Municipal waste (renewable),Total energy supply; Total final consumption; Fishing,1.11,1.11,1.11,1.11,1.11,1.11,1.11,1.11,1.11,1.11,1.11,1.11,1.11,1.11,1.11,1.11,1.11,1.11,1.11,1.11,1.11,1.11,1.11,1.11,1.11,1.11
CL-PFU,v3.0b1,current,World,Municipal waste (renewable),Total energy supply; Total final consumption; Final consumption not elsewhere specified,1.11,1.11,1.11,1.11,1.11,1.11,1.11,1.11,1.11,1.11,1.11,1.11,1.11,1.11,1.11,1.11,1.11,1.11,1.11,1.11,1.11,1.11,1.11,1.11,1.11,1.11
CL-PFU,v3.0b1,current,World,Municipal waste (renewable),Total energy supply; Total final consumption; Non-energy use; Non-energy use industry/transformation/energy,1.11,1.11,1.11,1.11,1.11,1.11,1.11,1.11,1.11,1.11,1.11,1.11,1.11,1.11,1.11,1.11,1.11,1.11,1.11,1.11,1.11,1.11,1.11,1.11,1.11,1.11
CL-PFU,v3.0b1,current,World,Municipal waste (renewable),Total energy supply; Total final consumption; Non-energy use; Non-energy use in transport,1.11,1.11,1.11,1.11,1.11,1.11,1.11,1.11,1.11,1.11,1.11,1.11,1.11,1.11,1.11,1.11,1.11,1.11,1.11,1.11,1.11,1.11,1.11,1.11,1.11,1.11
CL-PFU,v3.0b1,current,World,Municipal waste (renewable),Total energy supply; Total final consumption; Non-energy use; Non-energy use in other,1.11,1.11,1.11,1.11,1.11,1.11,1.11,1.11,1.11,1.11,1.11,1.11,1.11,1.11,1.11,1.11,1.11,1.11,1.11,1.11,1.11,1.11,1.11,1.11,1.11,1.11
CL-PFU,v3.0b1,current,World,Naphtha,Total energy supply; Energy industry own use; Coal mines,1.06,1.06,1.06,1.06,1.06,1.06,1.06,1.06,1.06,1.06,1.06,1.06,1.06,1.06,1.06,1.06,1.06,1.06,1.06,1.06,1.06,1.06,1.06,1.06,1.06,1.06
CL-PFU,v3.0b1,current,World,Naphtha,Total energy supply; Energy industry own use; Oil and gas extraction,1.06,1.06,1.06,1.06,1.06,1.06,1.06,1.06,1.06,1.06,1.06,1.06,1.06,1.06,1.06,1.06,1.06,1.06,1.06,1.06,1.06,1.06,1.06,1.06,1.06,1.06
CL-PFU,v3.0b1,current,World,Naphtha,Total energy supply; Energy industry own use; Blast furnaces,1.06,1.06,1.06,1.06,1.06,1.06,1.06,1.06,1.06,1.06,1.06,1.06,1.06,1.06,1.06,1.06,1.06,1.06,1.06,1.06,1.06,1.06,1.06,1.06,1.06,1.06
CL-PFU,v3.0b1,current,World,Naphtha,Total energy supply; Energy industry own use; Gas works,1.06,1.06,1.06,1.06,1.06,1.06,1.06,1.06,1.06,1.06,1.06,1.06,1.06,1.06,1.06,1.06,1.06,1.06,1.06,1.06,1.06,1.06,1.06,1.06,1.06,1.06
CL-PFU,v3.0b1,current,World,Naphtha,Total energy supply; Energy industry own use; Gasification plants for biogases,1.06,1.06,1.06,1.06,1.06,1.06,1.06,1.06,1.06,1.06,1.06,1.06,1.06,1.06,1.06,1.06,1.06,1.06,1.06,1.06,1.06,1.06,1.06,1.06,1.06,1.06
CL-PFU,v3.0b1,current,World,Naphtha,Total energy supply; Energy industry own use; Coke ovens,1.06,1.06,1.06,1.06,1.06,1.06,1.06,1.06,1.06,1.06,1.06,1.06,1.06,1.06,1.06,1.06,1.06,1.06,1.06,1.06,1.06,1.06,1.06,1.06,1.06,1.06
CL-PFU,v3.0b1,current,World,Naphtha,Total energy supply; Energy industry own use; Patent fuel plants,1.06,1.06,1.06,1.06,1.06,1.06,1.06,1.06,1.06,1.06,1.06,1.06,1.06,1.06,1.06,1.06,1.06,1.06,1.06,1.06,1.06,1.06,1.06,1.06,1.06,1.06
CL-PFU,v3.0b1,current,World,Naphtha,Total energy supply; Energy industry own use; BKB/peat briquette plants,1.06,1.06,1.06,1.06,1.06,1.06,1.06,1.06,1.06,1.06,1.06,1.06,1.06,1.06,1.06,1.06,1.06,1.06,1.06,1.06,1.06,1.06,1.06,1.06,1.06,1.06
CL-PFU,v3.0b1,current,World,Naphtha,Total energy supply; Energy industry own use; Oil refineries,1.06,1.06,1.06,1.06,1.06,1.06,1.06,1.06,1.06,1.06,1.06,1.06,1.06,1.06,1.06,1.06,1.06,1.06,1.06,1.06,1.06,1.06,1.06,1.06,1.06,1.06
CL-PFU,v3.0b1,current,World,Naphtha,Total energy supply; Energy industry own use; Coal liquefaction plants,1.06,1.06,1.06,1.06,1.06,1.06,1.06,1.06,1.06,1.06,1.06,1.06,1.06,1.06,1.06,1.06,1.06,1.06,1.06,1.06,1.06,1.06,1.06,1.06,1.06,1.06
CL-PFU,v3.0b1,current,World,Naphtha,Total energy supply; Energy industry own use; Liquefaction (LNG) / regasification plants,1.06,1.06,1.06,1.06,1.06,1.06,1.06,1.06,1.06,1.06,1.06,1.06,1.06,1.06,1.06,1.06,1.06,1.06,1.06,1.06,1.06,1.06,1.06,1.06,1.06,1.06
CL-PFU,v3.0b1,current,World,Naphtha,Total energy supply; Energy industry own use; Gas-to-liquids (GTL) plants,1.06,1.06,1.06,1.06,1.06,1.06,1.06,1.06,1.06,1.06,1.06,1.06,1.06,1.06,1.06,1.06,1.06,1.06,1.06,1.06,1.06,1.06,1.06,1.06,1.06,1.06
CL-PFU,v3.0b1,current,World,Naphtha,"Total energy supply; Energy industry own use; Own use in electricity, CHP and heat plants",1.06,1.06,1.06,1.06,1.06,1.06,1.06,1.06,1.06,1.06,1.06,1.06,1.06,1.06,1.06,1.06,1.06,1.06,1.06,1.06,1.06,1.06,1.06,1.06,1.06,1.06
CL-PFU,v3.0b1,current,World,Naphtha,Total energy supply; Energy industry own use; Pumped storage plants,1.06,1.06,1.06,1.06,1.06,1.06,1.06,1.06,1.06,1.06,1.06,1.06,1.06,1.06,1.06,1.06,1.06,1.06,1.06,1.06,1.06,1.06,1.06,1.06,1.06,1.06
CL-PFU,v3.0b1,current,World,Naphtha,Total energy supply; Energy industry own use; Nuclear industry,1.06,1.06,1.06,1.06,1.06,1.06,1.06,1.06,1.06,1.06,1.06,1.06,1.06,1.06,1.06,1.06,1.06,1.06,1.06,1.06,1.06,1.06,1.06,1.06,1.06,1.06
CL-PFU,v3.0b1,current,World,Naphtha,Total energy supply; Energy industry own use; Charcoal production plants,1.06,1.06,1.06,1.06,1.06,1.06,1.06,1.06,1.06,1.06,1.06,1.06,1.06,1.06,1.06,1.06,1.06,1.06,1.06,1.06,1.06,1.06,1.06,1.06,1.06,1.06
CL-PFU,v3.0b1,current,World,Naphtha,Total energy supply; Energy industry own use; Non-specified (energy),1.06,1.06,1.06,1.06,1.06,1.06,1.06,1.06,1.06,1.06,1.06,1.06,1.06,1.06,1.06,1.06,1.06,1.06,1.06,1.06,1.06,1.06,1.06,1.06,1.06,1.06
CL-PFU,v3.0b1,current,World,Naphtha,Total energy supply; Losses,1.06,1.06,1.06,1.06,1.06,1.06,1.06,1.06,1.06,1.06,1.06,1.06,1.06,1.06,1.06,1.06,1.06,1.06,1.06,1.06,1.06,1.06,1.06,1.06,1.06,1.06
CL-PFU,v3.0b1,current,World,Naphtha,Total energy supply; Total final consumption; Industry; Mining and quarrying,1.06,1.06,1.06,1.06,1.06,1.06,1.06,1.06,1.06,1.06,1.06,1.06,1.06,1.06,1.06,1.06,1.06,1.06,1.06,1.06,1.06,1.06,1.06,1.06,1.06,1.06
CL-PFU,v3.0b1,current,World,Naphtha,Total energy supply; Total final consumption; Industry; Construction,1.06,1.06,1.06,1.06,1.06,1.06,1.06,1.06,1.06,1.06,1.06,1.06,1.06,1.06,1.06,1.06,1.06,1.06,1.06,1.06,1.06,1.06,1.06,1.06,1.06,1.06
CL-PFU,v3.0b1,current,World,Naphtha,Total energy supply; Total final consumption; Industry; Manufacturing; Iron and steel,1.06,1.06,1.06,1.06,1.06,1.06,1.06,1.06,1.06,1.06,1.06,1.06,1.06,1.06,1.06,1.06,1.06,1.06,1.06,1.06,1.06,1.06,1.06,1.06,1.06,1.06
CL-PFU,v3.0b1,current,World,Naphtha,Total energy supply; Total final consumption; Industry; Manufacturing; Chemical and petrochemical,1.06,1.06,1.06,1.06,1.06,1.06,1.06,1.06,1.06,1.06,1.06,1.06,1.06,1.06,1.06,1.06,1.06,1.06,1.06,1.06,1.06,1.06,1.06,1.06,1.06,1.06
CL-PFU,v3.0b1,current,World,Naphtha,Total energy supply; Total final consumption; Industry; Manufacturing; Non-ferrous metals,1.06,1.06,1.06,1.06,1.06,1.06,1.06,1.06,1.06,1.06,1.06,1.06,1.06,1.06,1.06,1.06,1.06,1.06,1.06,1.06,1.06,1.06,1.06,1.06,1.06,1.06
CL-PFU,v3.0b1,current,World,Naphtha,Total energy supply; Total final consumption; Industry; Manufacturing; Non-metallic minerals,1.06,1.06,1.06,1.06,1.06,1.06,1.06,1.06,1.06,1.06,1.06,1.06,1.06,1.06,1.06,1.06,1.06,1.06,1.06,1.06,1.06,1.06,1.06,1.06,1.06,1.06
CL-PFU,v3.0b1,current,World,Naphtha,Total energy supply; Total final consumption; Industry; Manufacturing; Transport equipment,1.06,1.06,1.06,1.06,1.06,1.06,1.06,1.06,1.06,1.06,1.06,1.06,1.06,1.06,1.06,1.06,1.06,1.06,1.06,1.06,1.06,1.06,1.06,1.06,1.06,1.06
CL-PFU,v3.0b1,current,World,Naphtha,Total energy supply; Total final consumption; Industry; Manufacturing; Machinery,1.06,1.06,1.06,1.06,1.06,1.06,1.06,1.06,1.06,1.06,1.06,1.06,1.06,1.06,1.06,1.06,1.06,1.06,1.06,1.06,1.06,1.06,1.06,1.06,1.06,1.06
CL-PFU,v3.0b1,current,World,Naphtha,Total energy supply; Total final consumption; Industry; Manufacturing; Food and tobacco,1.06,1.06,1.06,1.06,1.06,1.06,1.06,1.06,1.06,1.06,1.06,1.06,1.06,1.06,1.06,1.06,1.06,1.06,1.06,1.06,1.06,1.06,1.06,1.06,1.06,1.06
CL-PFU,v3.0b1,current,World,Naphtha,"Total energy supply; Total final consumption; Industry; Manufacturing; Paper, pulp and printing",1.06,1.06,1.06,1.06,1.06,1.06,1.06,1.06,1.06,1.06,1.06,1.06,1.06,1.06,1.06,1.06,1.06,1.06,1.06,1.06,1.06,1.06,1.06,1.06,1.06,1.06
CL-PFU,v3.0b1,current,World,Naphtha,Total energy supply; Total final consumption; Industry; Manufacturing; Wood and wood products,1.06,1.06,1.06,1.06,1.06,1.06,1.06,1.06,1.06,1.06,1.06,1.06,1.06,1.06,1.06,1.06,1.06,1.06,1.06,1.06,1.06,1.06,1.06,1.06,1.06,1.06
CL-PFU,v3.0b1,current,World,Naphtha,Total energy supply; Total final consumption; Industry; Manufacturing; Textile and leather,1.06,1.06,1.06,1.06,1.06,1.06,1.06,1.06,1.06,1.06,1.06,1.06,1.06,1.06,1.06,1.06,1.06,1.06,1.06,1.06,1.06,1.06,1.06,1.06,1.06,1.06
CL-PFU,v3.0b1,current,World,Naphtha,Total energy supply; Total final consumption; Industry; Industry not elsewhere specified,1.06,1.06,1.06,1.06,1.06,1.06,1.06,1.06,1.06,1.06,1.06,1.06,1.06,1.06,1.06,1.06,1.06,1.06,1.06,1.06,1.06,1.06,1.06,1.06,1.06,1.06
CL-PFU,v3.0b1,current,World,Naphtha,Total energy supply; Total final consumption; Transport; World aviation bunkers,1.06,1.06,1.06,1.06,1.06,1.06,1.06,1.06,1.06,1.06,1.06,1.06,1.06,1.06,1.06,1.06,1.06,1.06,1.06,1.06,1.06,1.06,1.06,1.06,1.06,1.06
CL-PFU,v3.0b1,current,World,Naphtha,Total energy supply; Total final consumption; Transport; Domestic aviation,1.06,1.06,1.06,1.06,1.06,1.06,1.06,1.06,1.06,1.06,1.06,1.06,1.06,1.06,1.06,1.06,1.06,1.06,1.06,1.06,1.06,1.06,1.06,1.06,1.06,1.06
CL-PFU,v3.0b1,current,World,Naphtha,Total energy supply; Total final consumption; Transport; Road,1.06,1.06,1.06,1.06,1.06,1.06,1.06,1.06,1.06,1.06,1.06,1.06,1.06,1.06,1.06,1.06,1.06,1.06,1.06,1.06,1.06,1.06,1.06,1.06,1.06,1.06
CL-PFU,v3.0b1,current,World,Naphtha,Total energy supply; Total final consumption; Transport; Rail,1.06,1.06,1.06,1.06,1.06,1.06,1.06,1.06,1.06,1.06,1.06,1.06,1.06,1.06,1.06,1.06,1.06,1.06,1.06,1.06,1.06,1.06,1.06,1.06,1.06,1.06
CL-PFU,v3.0b1,current,World,Naphtha,Total energy supply; Total final consumption; Transport; Pipeline transport,1.06,1.06,1.06,1.06,1.06,1.06,1.06,1.06,1.06,1.06,1.06,1.06,1.06,1.06,1.06,1.06,1.06,1.06,1.06,1.06,1.06,1.06,1.06,1.06,1.06,1.06
CL-PFU,v3.0b1,current,World,Naphtha,Total energy supply; Total final consumption; Transport; World marine bunkers,1.06,1.06,1.06,1.06,1.06,1.06,1.06,1.06,1.06,1.06,1.06,1.06,1.06,1.06,1.06,1.06,1.06,1.06,1.06,1.06,1.06,1.06,1.06,1.06,1.06,1.06
CL-PFU,v3.0b1,current,World,Naphtha,Total energy supply; Total final consumption; Transport; Domestic navigation,1.06,1.06,1.06,1.06,1.06,1.06,1.06,1.06,1.06,1.06,1.06,1.06,1.06,1.06,1.06,1.06,1.06,1.06,1.06,1.06,1.06,1.06,1.06,1.06,1.06,1.06
CL-PFU,v3.0b1,current,World,Naphtha,Total energy supply; Total final consumption; Transport; Transport not elsewhere specified,1.06,1.06,1.06,1.06,1.06,1.06,1.06,1.06,1.06,1.06,1.06,1.06,1.06,1.06,1.06,1.06,1.06,1.06,1.06,1.06,1.06,1.06,1.06,1.06,1.06,1.06
CL-PFU,v3.0b1,current,World,Naphtha,Total energy supply; Total final consumption; Residential,1.06,1.06,1.06,1.06,1.06,1.06,1.06,1.06,1.06,1.06,1.06,1.06,1.06,1.06,1.06,1.06,1.06,1.06,1.06,1.06,1.06,1.06,1.06,1.06,1.06,1.06
CL-PFU,v3.0b1,current,World,Naphtha,Total energy supply; Total final consumption; Commercial and public services,1.06,1.06,1.06,1.06,1.06,1.06,1.06,1.06,1.06,1.06,1.06,1.06,1.06,1.06,1.06,1.06,1.06,1.06,1.06,1.06,1.06,1.06,1.06,1.06,1.06,1.06
CL-PFU,v3.0b1,current,World,Naphtha,Total energy supply; Total final consumption; Agriculture/forestry,1.06,1.06,1.06,1.06,1.06,1.06,1.06,1.06,1.06,1.06,1.06,1.06,1.06,1.06,1.06,1.06,1.06,1.06,1.06,1.06,1.06,1.06,1.06,1.06,1.06,1.06
CL-PFU,v3.0b1,current,World,Naphtha,Total energy supply; Total final consumption; Fishing,1.06,1.06,1.06,1.06,1.06,1.06,1.06,1.06,1.06,1.06,1.06,1.06,1.06,1.06,1.06,1.06,1.06,1.06,1.06,1.06,1.06,1.06,1.06,1.06,1.06,1.06
CL-PFU,v3.0b1,current,World,Naphtha,Total energy supply; Total final consumption; Final consumption not elsewhere specified,1.06,1.06,1.06,1.06,1.06,1.06,1.06,1.06,1.06,1.06,1.06,1.06,1.06,1.06,1.06,1.06,1.06,1.06,1.06,1.06,1.06,1.06,1.06,1.06,1.06,1.06
CL-PFU,v3.0b1,current,World,Naphtha,Total energy supply; Total final consumption; Non-energy use; Non-energy use industry/transformation/energy,1.06,1.06,1.06,1.06,1.06,1.06,1.06,1.06,1.06,1.06,1.06,1.06,1.06,1.06,1.06,1.06,1.06,1.06,1.06,1.06,1.06,1.06,1.06,1.06,1.06,1.06
CL-PFU,v3.0b1,current,World,Naphtha,Total energy supply; Total final consumption; Non-energy use; Non-energy use in transport,1.06,1.06,1.06,1.06,1.06,1.06,1.06,1.06,1.06,1.06,1.06,1.06,1.06,1.06,1.06,1.06,1.06,1.06,1.06,1.06,1.06,1.06,1.06,1.06,1.06,1.06
CL-PFU,v3.0b1,current,World,Naphtha,Total energy supply; Total final consumption; Non-energy use; Non-energy use in other,1.06,1.06,1.06,1.06,1.06,1.06,1.06,1.06,1.06,1.06,1.06,1.06,1.06,1.06,1.06,1.06,1.06,1.06,1.06,1.06,1.06,1.06,1.06,1.06,1.06,1.06
CL-PFU,v3.0b1,current,World,Natural gas,Total energy supply; Energy industry own use; Coal mines,1.04,1.04,1.04,1.04,1.04,1.04,1.04,1.04,1.04,1.04,1.04,1.04,1.04,1.04,1.04,1.04,1.04,1.04,1.04,1.04,1.04,1.04,1.04,1.04,1.04,1.04
CL-PFU,v3.0b1,current,World,Natural gas,Total energy supply; Energy industry own use; Oil and gas extraction,1.04,1.04,1.04,1.04,1.04,1.04,1.04,1.04,1.04,1.04,1.04,1.04,1.04,1.04,1.04,1.04,1.04,1.04,1.04,1.04,1.04,1.04,1.04,1.04,1.04,1.04
CL-PFU,v3.0b1,current,World,Natural gas,Total energy supply; Energy industry own use; Blast furnaces,1.04,1.04,1.04,1.04,1.04,1.04,1.04,1.04,1.04,1.04,1.04,1.04,1.04,1.04,1.04,1.04,1.04,1.04,1.04,1.04,1.04,1.04,1.04,1.04,1.04,1.04
CL-PFU,v3.0b1,current,World,Natural gas,Total energy supply; Energy industry own use; Gas works,1.04,1.04,1.04,1.04,1.04,1.04,1.04,1.04,1.04,1.04,1.04,1.04,1.04,1.04,1.04,1.04,1.04,1.04,1.04,1.04,1.04,1.04,1.04,1.04,1.04,1.04
CL-PFU,v3.0b1,current,World,Natural gas,Total energy supply; Energy industry own use; Gasification plants for biogases,1.04,1.04,1.04,1.04,1.04,1.04,1.04,1.04,1.04,1.04,1.04,1.04,1.04,1.04,1.04,1.04,1.04,1.04,1.04,1.04,1.04,1.04,1.04,1.04,1.04,1.04
CL-PFU,v3.0b1,current,World,Natural gas,Total energy supply; Energy industry own use; Coke ovens,1.04,1.04,1.04,1.04,1.04,1.04,1.04,1.04,1.04,1.04,1.04,1.04,1.04,1.04,1.04,1.04,1.04,1.04,1.04,1.04,1.04,1.04,1.04,1.04,1.04,1.04
CL-PFU,v3.0b1,current,World,Natural gas,Total energy supply; Energy industry own use; Patent fuel plants,1.04,1.04,1.04,1.04,1.04,1.04,1.04,1.04,1.04,1.04,1.04,1.04,1.04,1.04,1.04,1.04,1.04,1.04,1.04,1.04,1.04,1.04,1.04,1.04,1.04,1.04
CL-PFU,v3.0b1,current,World,Natural gas,Total energy supply; Energy industry own use; BKB/peat briquette plants,1.04,1.04,1.04,1.04,1.04,1.04,1.04,1.04,1.04,1.04,1.04,1.04,1.04,1.04,1.04,1.04,1.04,1.04,1.04,1.04,1.04,1.04,1.04,1.04,1.04,1.04
CL-PFU,v3.0b1,current,World,Natural gas,Total energy supply; Energy industry own use; Oil refineries,1.04,1.04,1.04,1.04,1.04,1.04,1.04,1.04,1.04,1.04,1.04,1.04,1.04,1.04,1.04,1.04,1.04,1.04,1.04,1.04,1.04,1.04,1.04,1.04,1.04,1.04
CL-PFU,v3.0b1,current,World,Natural gas,Total energy supply; Energy industry own use; Coal liquefaction plants,1.04,1.04,1.04,1.04,1.04,1.04,1.04,1.04,1.04,1.04,1.04,1.04,1.04,1.04,1.04,1.04,1.04,1.04,1.04,1.04,1.04,1.04,1.04,1.04,1.04,1.04
CL-PFU,v3.0b1,current,World,Natural gas,Total energy supply; Energy industry own use; Liquefaction (LNG) / regasification plants,1.04,1.04,1.04,1.04,1.04,1.04,1.04,1.04,1.04,1.04,1.04,1.04,1.04,1.04,1.04,1.04,1.04,1.04,1.04,1.04,1.04,1.04,1.04,1.04,1.04,1.04
CL-PFU,v3.0b1,current,World,Natural gas,Total energy supply; Energy industry own use; Gas-to-liquids (GTL) plants,1.04,1.04,1.04,1.04,1.04,1.04,1.04,1.04,1.04,1.04,1.04,1.04,1.04,1.04,1.04,1.04,1.04,1.04,1.04,1.04,1.04,1.04,1.04,1.04,1.04,1.04
CL-PFU,v3.0b1,current,World,Natural gas,"Total energy supply; Energy industry own use; Own use in electricity, CHP and heat plants",1.04,1.04,1.04,1.04,1.04,1.04,1.04,1.04,1.04,1.04,1.04,1.04,1.04,1.04,1.04,1.04,1.04,1.04,1.04,1.04,1.04,1.04,1.04,1.04,1.04,1.04
CL-PFU,v3.0b1,current,World,Natural gas,Total energy supply; Energy industry own use; Pumped storage plants,1.04,1.04,1.04,1.04,1.04,1.04,1.04,1.04,1.04,1.04,1.04,1.04,1.04,1.04,1.04,1.04,1.04,1.04,1.04,1.04,1.04,1.04,1.04,1.04,1.04,1.04
CL-PFU,v3.0b1,current,World,Natural gas,Total energy supply; Energy industry own use; Nuclear industry,1.04,1.04,1.04,1.04,1.04,1.04,1.04,1.04,1.04,1.04,1.04,1.04,1.04,1.04,1.04,1.04,1.04,1.04,1.04,1.04,1.04,1.04,1.04,1.04,1.04,1.04
CL-PFU,v3.0b1,current,World,Natural gas,Total energy supply; Energy industry own use; Charcoal production plants,1.04,1.04,1.04,1.04,1.04,1.04,1.04,1.04,1.04,1.04,1.04,1.04,1.04,1.04,1.04,1.04,1.04,1.04,1.04,1.04,1.04,1.04,1.04,1.04,1.04,1.04
CL-PFU,v3.0b1,current,World,Natural gas,Total energy supply; Energy industry own use; Non-specified (energy),1.04,1.04,1.04,1.04,1.04,1.04,1.04,1.04,1.04,1.04,1.04,1.04,1.04,1.04,1.04,1.04,1.04,1.04,1.04,1.04,1.04,1.04,1.04,1.04,1.04,1.04
CL-PFU,v3.0b1,current,World,Natural gas,Total energy supply; Losses,1.04,1.04,1.04,1.04,1.04,1.04,1.04,1.04,1.04,1.04,1.04,1.04,1.04,1.04,1.04,1.04,1.04,1.04,1.04,1.04,1.04,1.04,1.04,1.04,1.04,1.04
CL-PFU,v3.0b1,current,World,Natural gas,Total energy supply; Total final consumption; Industry; Mining and quarrying,1.04,1.04,1.04,1.04,1.04,1.04,1.04,1.04,1.04,1.04,1.04,1.04,1.04,1.04,1.04,1.04,1.04,1.04,1.04,1.04,1.04,1.04,1.04,1.04,1.04,1.04
CL-PFU,v3.0b1,current,World,Natural gas,Total energy supply; Total final consumption; Industry; Construction,1.04,1.04,1.04,1.04,1.04,1.04,1.04,1.04,1.04,1.04,1.04,1.04,1.04,1.04,1.04,1.04,1.04,1.04,1.04,1.04,1.04,1.04,1.04,1.04,1.04,1.04
CL-PFU,v3.0b1,current,World,Natural gas,Total energy supply; Total final consumption; Industry; Manufacturing; Iron and steel,1.04,1.04,1.04,1.04,1.04,1.04,1.04,1.04,1.04,1.04,1.04,1.04,1.04,1.04,1.04,1.04,1.04,1.04,1.04,1.04,1.04,1.04,1.04,1.04,1.04,1.04
CL-PFU,v3.0b1,current,World,Natural gas,Total energy supply; Total final consumption; Industry; Manufacturing; Chemical and petrochemical,1.04,1.04,1.04,1.04,1.04,1.04,1.04,1.04,1.04,1.04,1.04,1.04,1.04,1.04,1.04,1.04,1.04,1.04,1.04,1.04,1.04,1.04,1.04,1.04,1.04,1.04
CL-PFU,v3.0b1,current,World,Natural gas,Total energy supply; Total final consumption; Industry; Manufacturing; Non-ferrous metals,1.04,1.04,1.04,1.04,1.04,1.04,1.04,1.04,1.04,1.04,1.04,1.04,1.04,1.04,1.04,1.04,1.04,1.04,1.04,1.04,1.04,1.04,1.04,1.04,1.04,1.04
CL-PFU,v3.0b1,current,World,Natural gas,Total energy supply; Total final consumption; Industry; Manufacturing; Non-metallic minerals,1.04,1.04,1.04,1.04,1.04,1.04,1.04,1.04,1.04,1.04,1.04,1.04,1.04,1.04,1.04,1.04,1.04,1.04,1.04,1.04,1.04,1.04,1.04,1.04,1.04,1.04
CL-PFU,v3.0b1,current,World,Natural gas,Total energy supply; Total final consumption; Industry; Manufacturing; Transport equipment,1.04,1.04,1.04,1.04,1.04,1.04,1.04,1.04,1.04,1.04,1.04,1.04,1.04,1.04,1.04,1.04,1.04,1.04,1.04,1.04,1.04,1.04,1.04,1.04,1.04,1.04
CL-PFU,v3.0b1,current,World,Natural gas,Total energy supply; Total final consumption; Industry; Manufacturing; Machinery,1.04,1.04,1.04,1.04,1.04,1.04,1.04,1.04,1.04,1.04,1.04,1.04,1.04,1.04,1.04,1.04,1.04,1.04,1.04,1.04,1.04,1.04,1.04,1.04,1.04,1.04
CL-PFU,v3.0b1,current,World,Natural gas,Total energy supply; Total final consumption; Industry; Manufacturing; Food and tobacco,1.04,1.04,1.04,1.04,1.04,1.04,1.04,1.04,1.04,1.04,1.04,1.04,1.04,1.04,1.04,1.04,1.04,1.04,1.04,1.04,1.04,1.04,1.04,1.04,1.04,1.04
CL-PFU,v3.0b1,current,World,Natural gas,"Total energy supply; Total final consumption; Industry; Manufacturing; Paper, pulp and printing",1.04,1.04,1.04,1.04,1.04,1.04,1.04,1.04,1.04,1.04,1.04,1.04,1.04,1.04,1.04,1.04,1.04,1.04,1.04,1.04,1.04,1.04,1.04,1.04,1.04,1.04
CL-PFU,v3.0b1,current,World,Natural gas,Total energy supply; Total final consumption; Industry; Manufacturing; Wood and wood products,1.04,1.04,1.04,1.04,1.04,1.04,1.04,1.04,1.04,1.04,1.04,1.04,1.04,1.04,1.04,1.04,1.04,1.04,1.04,1.04,1.04,1.04,1.04,1.04,1.04,1.04
CL-PFU,v3.0b1,current,World,Natural gas,Total energy supply; Total final consumption; Industry; Manufacturing; Textile and leather,1.04,1.04,1.04,1.04,1.04,1.04,1.04,1.04,1.04,1.04,1.04,1.04,1.04,1.04,1.04,1.04,1.04,1.04,1.04,1.04,1.04,1.04,1.04,1.04,1.04,1.04
CL-PFU,v3.0b1,current,World,Natural gas,Total energy supply; Total final consumption; Industry; Industry not elsewhere specified,1.04,1.04,1.04,1.04,1.04,1.04,1.04,1.04,1.04,1.04,1.04,1.04,1.04,1.04,1.04,1.04,1.04,1.04,1.04,1.04,1.04,1.04,1.04,1.04,1.04,1.04
CL-PFU,v3.0b1,current,World,Natural gas,Total energy supply; Total final consumption; Transport; World aviation bunkers,1.04,1.04,1.04,1.04,1.04,1.04,1.04,1.04,1.04,1.04,1.04,1.04,1.04,1.04,1.04,1.04,1.04,1.04,1.04,1.04,1.04,1.04,1.04,1.04,1.04,1.04
CL-PFU,v3.0b1,current,World,Natural gas,Total energy supply; Total final consumption; Transport; Domestic aviation,1.04,1.04,1.04,1.04,1.04,1.04,1.04,1.04,1.04,1.04,1.04,1.04,1.04,1.04,1.04,1.04,1.04,1.04,1.04,1.04,1.04,1.04,1.04,1.04,1.04,1.04
CL-PFU,v3.0b1,current,World,Natural gas,Total energy supply; Total final consumption; Transport; Road,1.04,1.04,1.04,1.04,1.04,1.04,1.04,1.04,1.04,1.04,1.04,1.04,1.04,1.04,1.04,1.04,1.04,1.04,1.04,1.04,1.04,1.04,1.04,1.04,1.04,1.04
CL-PFU,v3.0b1,current,World,Natural gas,Total energy supply; Total final consumption; Transport; Rail,1.04,1.04,1.04,1.04,1.04,1.04,1.04,1.04,1.04,1.04,1.04,1.04,1.04,1.04,1.04,1.04,1.04,1.04,1.04,1.04,1.04,1.04,1.04,1.04,1.04,1.04
CL-PFU,v3.0b1,current,World,Natural gas,Total energy supply; Total final consumption; Transport; Pipeline transport,1.04,1.04,1.04,1.04,1.04,1.04,1.04,1.04,1.04,1.04,1.04,1.04,1.04,1.04,1.04,1.04,1.04,1.04,1.04,1.04,1.04,1.04,1.04,1.04,1.04,1.04
CL-PFU,v3.0b1,current,World,Natural gas,Total energy supply; Total final consumption; Transport; World marine bunkers,1.04,1.04,1.04,1.04,1.04,1.04,1.04,1.04,1.04,1.04,1.04,1.04,1.04,1.04,1.04,1.04,1.04,1.04,1.04,1.04,1.04,1.04,1.04,1.04,1.04,1.04
CL-PFU,v3.0b1,current,World,Natural gas,Total energy supply; Total final consumption; Transport; Domestic navigation,1.04,1.04,1.04,1.04,1.04,1.04,1.04,1.04,1.04,1.04,1.04,1.04,1.04,1.04,1.04,1.04,1.04,1.04,1.04,1.04,1.04,1.04,1.04,1.04,1.04,1.04
CL-PFU,v3.0b1,current,World,Natural gas,Total energy supply; Total final consumption; Transport; Transport not elsewhere specified,1.04,1.04,1.04,1.04,1.04,1.04,1.04,1.04,1.04,1.04,1.04,1.04,1.04,1.04,1.04,1.04,1.04,1.04,1.04,1.04,1.04,1.04,1.04,1.04,1.04,1.04
CL-PFU,v3.0b1,current,World,Natural gas,Total energy supply; Total final consumption; Residential,1.04,1.04,1.04,1.04,1.04,1.04,1.04,1.04,1.04,1.04,1.04,1.04,1.04,1.04,1.04,1.04,1.04,1.04,1.04,1.04,1.04,1.04,1.04,1.04,1.04,1.04
CL-PFU,v3.0b1,current,World,Natural gas,Total energy supply; Total final consumption; Commercial and public services,1.04,1.04,1.04,1.04,1.04,1.04,1.04,1.04,1.04,1.04,1.04,1.04,1.04,1.04,1.04,1.04,1.04,1.04,1.04,1.04,1.04,1.04,1.04,1.04,1.04,1.04
CL-PFU,v3.0b1,current,World,Natural gas,Total energy supply; Total final consumption; Agriculture/forestry,1.04,1.04,1.04,1.04,1.04,1.04,1.04,1.04,1.04,1.04,1.04,1.04,1.04,1.04,1.04,1.04,1.04,1.04,1.04,1.04,1.04,1.04,1.04,1.04,1.04,1.04
CL-PFU,v3.0b1,current,World,Natural gas,Total energy supply; Total final consumption; Fishing,1.04,1.04,1.04,1.04,1.04,1.04,1.04,1.04,1.04,1.04,1.04,1.04,1.04,1.04,1.04,1.04,1.04,1.04,1.04,1.04,1.04,1.04,1.04,1.04,1.04,1.04
CL-PFU,v3.0b1,current,World,Natural gas,Total energy supply; Total final consumption; Final consumption not elsewhere specified,1.04,1.04,1.04,1.04,1.04,1.04,1.04,1.04,1.04,1.04,1.04,1.04,1.04,1.04,1.04,1.04,1.04,1.04,1.04,1.04,1.04,1.04,1.04,1.04,1.04,1.04
CL-PFU,v3.0b1,current,World,Natural gas,Total energy supply; Total final consumption; Non-energy use; Non-energy use industry/transformation/energy,1.04,1.04,1.04,1.04,1.04,1.04,1.04,1.04,1.04,1.04,1.04,1.04,1.04,1.04,1.04,1.04,1.04,1.04,1.04,1.04,1.04,1.04,1.04,1.04,1.04,1.04
CL-PFU,v3.0b1,current,World,Natural gas,Total energy supply; Total final consumption; Non-energy use; Non-energy use in transport,1.04,1.04,1.04,1.04,1.04,1.04,1.04,1.04,1.04,1.04,1.04,1.04,1.04,1.04,1.04,1.04,1.04,1.04,1.04,1.04,1.04,1.04,1.04,1.04,1.04,1.04
CL-PFU,v3.0b1,current,World,Natural gas,Total energy supply; Total final consumption; Non-energy use; Non-energy use in other,1.04,1.04,1.04,1.04,1.04,1.04,1.04,1.04,1.04,1.04,1.04,1.04,1.04,1.04,1.04,1.04,1.04,1.04,1.04,1.04,1.04,1.04,1.04,1.04,1.04,1.04
CL-PFU,v3.0b1,current,World,Natural gas liquids,Total energy supply; Energy industry own use; Coal mines,1.04,1.04,1.04,1.04,1.04,1.04,1.04,1.04,1.04,1.04,1.04,1.04,1.04,1.04,1.04,1.04,1.04,1.04,1.04,1.04,1.04,1.04,1.04,1.04,1.04,1.04
CL-PFU,v3.0b1,current,World,Natural gas liquids,Total energy supply; Energy industry own use; Oil and gas extraction,1.04,1.04,1.04,1.04,1.04,1.04,1.04,1.04,1.04,1.04,1.04,1.04,1.04,1.04,1.04,1.04,1.04,1.04,1.04,1.04,1.04,1.04,1.04,1.04,1.04,1.04
CL-PFU,v3.0b1,current,World,Natural gas liquids,Total energy supply; Energy industry own use; Blast furnaces,1.04,1.04,1.04,1.04,1.04,1.04,1.04,1.04,1.04,1.04,1.04,1.04,1.04,1.04,1.04,1.04,1.04,1.04,1.04,1.04,1.04,1.04,1.04,1.04,1.04,1.04
CL-PFU,v3.0b1,current,World,Natural gas liquids,Total energy supply; Energy industry own use; Gas works,1.04,1.04,1.04,1.04,1.04,1.04,1.04,1.04,1.04,1.04,1.04,1.04,1.04,1.04,1.04,1.04,1.04,1.04,1.04,1.04,1.04,1.04,1.04,1.04,1.04,1.04
CL-PFU,v3.0b1,current,World,Natural gas liquids,Total energy supply; Energy industry own use; Gasification plants for biogases,1.04,1.04,1.04,1.04,1.04,1.04,1.04,1.04,1.04,1.04,1.04,1.04,1.04,1.04,1.04,1.04,1.04,1.04,1.04,1.04,1.04,1.04,1.04,1.04,1.04,1.04
CL-PFU,v3.0b1,current,World,Natural gas liquids,Total energy supply; Energy industry own use; Coke ovens,1.04,1.04,1.04,1.04,1.04,1.04,1.04,1.04,1.04,1.04,1.04,1.04,1.04,1.04,1.04,1.04,1.04,1.04,1.04,1.04,1.04,1.04,1.04,1.04,1.04,1.04
CL-PFU,v3.0b1,current,World,Natural gas liquids,Total energy supply; Energy industry own use; Patent fuel plants,1.04,1.04,1.04,1.04,1.04,1.04,1.04,1.04,1.04,1.04,1.04,1.04,1.04,1.04,1.04,1.04,1.04,1.04,1.04,1.04,1.04,1.04,1.04,1.04,1.04,1.04
CL-PFU,v3.0b1,current,World,Natural gas liquids,Total energy supply; Energy industry own use; BKB/peat briquette plants,1.04,1.04,1.04,1.04,1.04,1.04,1.04,1.04,1.04,1.04,1.04,1.04,1.04,1.04,1.04,1.04,1.04,1.04,1.04,1.04,1.04,1.04,1.04,1.04,1.04,1.04
CL-PFU,v3.0b1,current,World,Natural gas liquids,Total energy supply; Energy industry own use; Oil refineries,1.04,1.04,1.04,1.04,1.04,1.04,1.04,1.04,1.04,1.04,1.04,1.04,1.04,1.04,1.04,1.04,1.04,1.04,1.04,1.04,1.04,1.04,1.04,1.04,1.04,1.04
CL-PFU,v3.0b1,current,World,Natural gas liquids,Total energy supply; Energy industry own use; Coal liquefaction plants,1.04,1.04,1.04,1.04,1.04,1.04,1.04,1.04,1.04,1.04,1.04,1.04,1.04,1.04,1.04,1.04,1.04,1.04,1.04,1.04,1.04,1.04,1.04,1.04,1.04,1.04
CL-PFU,v3.0b1,current,World,Natural gas liquids,Total energy supply; Energy industry own use; Liquefaction (LNG) / regasification plants,1.04,1.04,1.04,1.04,1.04,1.04,1.04,1.04,1.04,1.04,1.04,1.04,1.04,1.04,1.04,1.04,1.04,1.04,1.04,1.04,1.04,1.04,1.04,1.04,1.04,1.04
CL-PFU,v3.0b1,current,World,Natural gas liquids,Total energy supply; Energy industry own use; Gas-to-liquids (GTL) plants,1.04,1.04,1.04,1.04,1.04,1.04,1.04,1.04,1.04,1.04,1.04,1.04,1.04,1.04,1.04,1.04,1.04,1.04,1.04,1.04,1.04,1.04,1.04,1.04,1.04,1.04
CL-PFU,v3.0b1,current,World,Natural gas liquids,"Total energy supply; Energy industry own use; Own use in electricity, CHP and heat plants",1.04,1.04,1.04,1.04,1.04,1.04,1.04,1.04,1.04,1.04,1.04,1.04,1.04,1.04,1.04,1.04,1.04,1.04,1.04,1.04,1.04,1.04,1.04,1.04,1.04,1.04
CL-PFU,v3.0b1,current,World,Natural gas liquids,Total energy supply; Energy industry own use; Pumped storage plants,1.04,1.04,1.04,1.04,1.04,1.04,1.04,1.04,1.04,1.04,1.04,1.04,1.04,1.04,1.04,1.04,1.04,1.04,1.04,1.04,1.04,1.04,1.04,1.04,1.04,1.04
CL-PFU,v3.0b1,current,World,Natural gas liquids,Total energy supply; Energy industry own use; Nuclear industry,1.04,1.04,1.04,1.04,1.04,1.04,1.04,1.04,1.04,1.04,1.04,1.04,1.04,1.04,1.04,1.04,1.04,1.04,1.04,1.04,1.04,1.04,1.04,1.04,1.04,1.04
CL-PFU,v3.0b1,current,World,Natural gas liquids,Total energy supply; Energy industry own use; Charcoal production plants,1.04,1.04,1.04,1.04,1.04,1.04,1.04,1.04,1.04,1.04,1.04,1.04,1.04,1.04,1.04,1.04,1.04,1.04,1.04,1.04,1.04,1.04,1.04,1.04,1.04,1.04
CL-PFU,v3.0b1,current,World,Natural gas liquids,Total energy supply; Energy industry own use; Non-specified (energy),1.04,1.04,1.04,1.04,1.04,1.04,1.04,1.04,1.04,1.04,1.04,1.04,1.04,1.04,1.04,1.04,1.04,1.04,1.04,1.04,1.04,1.04,1.04,1.04,1.04,1.04
CL-PFU,v3.0b1,current,World,Natural gas liquids,Total energy supply; Losses,1.04,1.04,1.04,1.04,1.04,1.04,1.04,1.04,1.04,1.04,1.04,1.04,1.04,1.04,1.04,1.04,1.04,1.04,1.04,1.04,1.04,1.04,1.04,1.04,1.04,1.04
CL-PFU,v3.0b1,current,World,Natural gas liquids,Total energy supply; Total final consumption; Industry; Mining and quarrying,1.04,1.04,1.04,1.04,1.04,1.04,1.04,1.04,1.04,1.04,1.04,1.04,1.04,1.04,1.04,1.04,1.04,1.04,1.04,1.04,1.04,1.04,1.04,1.04,1.04,1.04
CL-PFU,v3.0b1,current,World,Natural gas liquids,Total energy supply; Total final consumption; Industry; Construction,1.04,1.04,1.04,1.04,1.04,1.04,1.04,1.04,1.04,1.04,1.04,1.04,1.04,1.04,1.04,1.04,1.04,1.04,1.04,1.04,1.04,1.04,1.04,1.04,1.04,1.04
CL-PFU,v3.0b1,current,World,Natural gas liquids,Total energy supply; Total final consumption; Industry; Manufacturing; Iron and steel,1.04,1.04,1.04,1.04,1.04,1.04,1.04,1.04,1.04,1.04,1.04,1.04,1.04,1.04,1.04,1.04,1.04,1.04,1.04,1.04,1.04,1.04,1.04,1.04,1.04,1.04
CL-PFU,v3.0b1,current,World,Natural gas liquids,Total energy supply; Total final consumption; Industry; Manufacturing; Chemical and petrochemical,1.04,1.04,1.04,1.04,1.04,1.04,1.04,1.04,1.04,1.04,1.04,1.04,1.04,1.04,1.04,1.04,1.04,1.04,1.04,1.04,1.04,1.04,1.04,1.04,1.04,1.04
CL-PFU,v3.0b1,current,World,Natural gas liquids,Total energy supply; Total final consumption; Industry; Manufacturing; Non-ferrous metals,1.04,1.04,1.04,1.04,1.04,1.04,1.04,1.04,1.04,1.04,1.04,1.04,1.04,1.04,1.04,1.04,1.04,1.04,1.04,1.04,1.04,1.04,1.04,1.04,1.04,1.04
CL-PFU,v3.0b1,current,World,Natural gas liquids,Total energy supply; Total final consumption; Industry; Manufacturing; Non-metallic minerals,1.04,1.04,1.04,1.04,1.04,1.04,1.04,1.04,1.04,1.04,1.04,1.04,1.04,1.04,1.04,1.04,1.04,1.04,1.04,1.04,1.04,1.04,1.04,1.04,1.04,1.04
CL-PFU,v3.0b1,current,World,Natural gas liquids,Total energy supply; Total final consumption; Industry; Manufacturing; Transport equipment,1.04,1.04,1.04,1.04,1.04,1.04,1.04,1.04,1.04,1.04,1.04,1.04,1.04,1.04,1.04,1.04,1.04,1.04,1.04,1.04,1.04,1.04,1.04,1.04,1.04,1.04
CL-PFU,v3.0b1,current,World,Natural gas liquids,Total energy supply; Total final consumption; Industry; Manufacturing; Machinery,1.04,1.04,1.04,1.04,1.04,1.04,1.04,1.04,1.04,1.04,1.04,1.04,1.04,1.04,1.04,1.04,1.04,1.04,1.04,1.04,1.04,1.04,1.04,1.04,1.04,1.04
CL-PFU,v3.0b1,current,World,Natural gas liquids,Total energy supply; Total final consumption; Industry; Manufacturing; Food and tobacco,1.04,1.04,1.04,1.04,1.04,1.04,1.04,1.04,1.04,1.04,1.04,1.04,1.04,1.04,1.04,1.04,1.04,1.04,1.04,1.04,1.04,1.04,1.04,1.04,1.04,1.04
CL-PFU,v3.0b1,current,World,Natural gas liquids,"Total energy supply; Total final consumption; Industry; Manufacturing; Paper, pulp and printing",1.04,1.04,1.04,1.04,1.04,1.04,1.04,1.04,1.04,1.04,1.04,1.04,1.04,1.04,1.04,1.04,1.04,1.04,1.04,1.04,1.04,1.04,1.04,1.04,1.04,1.04
CL-PFU,v3.0b1,current,World,Natural gas liquids,Total energy supply; Total final consumption; Industry; Manufacturing; Wood and wood products,1.04,1.04,1.04,1.04,1.04,1.04,1.04,1.04,1.04,1.04,1.04,1.04,1.04,1.04,1.04,1.04,1.04,1.04,1.04,1.04,1.04,1.04,1.04,1.04,1.04,1.04
CL-PFU,v3.0b1,current,World,Natural gas liquids,Total energy supply; Total final consumption; Industry; Manufacturing; Textile and leather,1.04,1.04,1.04,1.04,1.04,1.04,1.04,1.04,1.04,1.04,1.04,1.04,1.04,1.04,1.04,1.04,1.04,1.04,1.04,1.04,1.04,1.04,1.04,1.04,1.04,1.04
CL-PFU,v3.0b1,current,World,Natural gas liquids,Total energy supply; Total final consumption; Industry; Industry not elsewhere specified,1.04,1.04,1.04,1.04,1.04,1.04,1.04,1.04,1.04,1.04,1.04,1.04,1.04,1.04,1.04,1.04,1.04,1.04,1.04,1.04,1.04,1.04,1.04,1.04,1.04,1.04
CL-PFU,v3.0b1,current,World,Natural gas liquids,Total energy supply; Total final consumption; Transport; World aviation bunkers,1.04,1.04,1.04,1.04,1.04,1.04,1.04,1.04,1.04,1.04,1.04,1.04,1.04,1.04,1.04,1.04,1.04,1.04,1.04,1.04,1.04,1.04,1.04,1.04,1.04,1.04
CL-PFU,v3.0b1,current,World,Natural gas liquids,Total energy supply; Total final consumption; Transport; Domestic aviation,1.04,1.04,1.04,1.04,1.04,1.04,1.04,1.04,1.04,1.04,1.04,1.04,1.04,1.04,1.04,1.04,1.04,1.04,1.04,1.04,1.04,1.04,1.04,1.04,1.04,1.04
CL-PFU,v3.0b1,current,World,Natural gas liquids,Total energy supply; Total final consumption; Transport; Road,1.04,1.04,1.04,1.04,1.04,1.04,1.04,1.04,1.04,1.04,1.04,1.04,1.04,1.04,1.04,1.04,1.04,1.04,1.04,1.04,1.04,1.04,1.04,1.04,1.04,1.04
CL-PFU,v3.0b1,current,World,Natural gas liquids,Total energy supply; Total final consumption; Transport; Rail,1.04,1.04,1.04,1.04,1.04,1.04,1.04,1.04,1.04,1.04,1.04,1.04,1.04,1.04,1.04,1.04,1.04,1.04,1.04,1.04,1.04,1.04,1.04,1.04,1.04,1.04
CL-PFU,v3.0b1,current,World,Natural gas liquids,Total energy supply; Total final consumption; Transport; Pipeline transport,1.04,1.04,1.04,1.04,1.04,1.04,1.04,1.04,1.04,1.04,1.04,1.04,1.04,1.04,1.04,1.04,1.04,1.04,1.04,1.04,1.04,1.04,1.04,1.04,1.04,1.04
CL-PFU,v3.0b1,current,World,Natural gas liquids,Total energy supply; Total final consumption; Transport; World marine bunkers,1.04,1.04,1.04,1.04,1.04,1.04,1.04,1.04,1.04,1.04,1.04,1.04,1.04,1.04,1.04,1.04,1.04,1.04,1.04,1.04,1.04,1.04,1.04,1.04,1.04,1.04
CL-PFU,v3.0b1,current,World,Natural gas liquids,Total energy supply; Total final consumption; Transport; Domestic navigation,1.04,1.04,1.04,1.04,1.04,1.04,1.04,1.04,1.04,1.04,1.04,1.04,1.04,1.04,1.04,1.04,1.04,1.04,1.04,1.04,1.04,1.04,1.04,1.04,1.04,1.04
CL-PFU,v3.0b1,current,World,Natural gas liquids,Total energy supply; Total final consumption; Transport; Transport not elsewhere specified,1.04,1.04,1.04,1.04,1.04,1.04,1.04,1.04,1.04,1.04,1.04,1.04,1.04,1.04,1.04,1.04,1.04,1.04,1.04,1.04,1.04,1.04,1.04,1.04,1.04,1.04
CL-PFU,v3.0b1,current,World,Natural gas liquids,Total energy supply; Total final consumption; Residential,1.04,1.04,1.04,1.04,1.04,1.04,1.04,1.04,1.04,1.04,1.04,1.04,1.04,1.04,1.04,1.04,1.04,1.04,1.04,1.04,1.04,1.04,1.04,1.04,1.04,1.04
CL-PFU,v3.0b1,current,World,Natural gas liquids,Total energy supply; Total final consumption; Commercial and public services,1.04,1.04,1.04,1.04,1.04,1.04,1.04,1.04,1.04,1.04,1.04,1.04,1.04,1.04,1.04,1.04,1.04,1.04,1.04,1.04,1.04,1.04,1.04,1.04,1.04,1.04
CL-PFU,v3.0b1,current,World,Natural gas liquids,Total energy supply; Total final consumption; Agriculture/forestry,1.04,1.04,1.04,1.04,1.04,1.04,1.04,1.04,1.04,1.04,1.04,1.04,1.04,1.04,1.04,1.04,1.04,1.04,1.04,1.04,1.04,1.04,1.04,1.04,1.04,1.04
CL-PFU,v3.0b1,current,World,Natural gas liquids,Total energy supply; Total final consumption; Fishing,1.04,1.04,1.04,1.04,1.04,1.04,1.04,1.04,1.04,1.04,1.04,1.04,1.04,1.04,1.04,1.04,1.04,1.04,1.04,1.04,1.04,1.04,1.04,1.04,1.04,1.04
CL-PFU,v3.0b1,current,World,Natural gas liquids,Total energy supply; Total final consumption; Final consumption not elsewhere specified,1.04,1.04,1.04,1.04,1.04,1.04,1.04,1.04,1.04,1.04,1.04,1.04,1.04,1.04,1.04,1.04,1.04,1.04,1.04,1.04,1.04,1.04,1.04,1.04,1.04,1.04
CL-PFU,v3.0b1,current,World,Natural gas liquids,Total energy supply; Total final consumption; Non-energy use; Non-energy use industry/transformation/energy,1.04,1.04,1.04,1.04,1.04,1.04,1.04,1.04,1.04,1.04,1.04,1.04,1.04,1.04,1.04,1.04,1.04,1.04,1.04,1.04,1.04,1.04,1.04,1.04,1.04,1.04
CL-PFU,v3.0b1,current,World,Natural gas liquids,Total energy supply; Total final consumption; Non-energy use; Non-energy use in transport,1.04,1.04,1.04,1.04,1.04,1.04,1.04,1.04,1.04,1.04,1.04,1.04,1.04,1.04,1.04,1.04,1.04,1.04,1.04,1.04,1.04,1.04,1.04,1.04,1.04,1.04
CL-PFU,v3.0b1,current,World,Natural gas liquids,Total energy supply; Total final consumption; Non-energy use; Non-energy use in other,1.04,1.04,1.04,1.04,1.04,1.04,1.04,1.04,1.04,1.04,1.04,1.04,1.04,1.04,1.04,1.04,1.04,1.04,1.04,1.04,1.04,1.04,1.04,1.04,1.04,1.04
CL-PFU,v3.0b1,current,World,Non-specified primary biofuels and waste,Total energy supply; Energy industry own use; Coal mines,1.11,1.11,1.11,1.11,1.11,1.11,1.11,1.11,1.11,1.11,1.11,1.11,1.11,1.11,1.11,1.11,1.11,1.11,1.11,1.11,1.11,1.11,1.11,1.11,1.11,1.11
CL-PFU,v3.0b1,current,World,Non-specified primary biofuels and waste,Total energy supply; Energy industry own use; Oil and gas extraction,1.11,1.11,1.11,1.11,1.11,1.11,1.11,1.11,1.11,1.11,1.11,1.11,1.11,1.11,1.11,1.11,1.11,1.11,1.11,1.11,1.11,1.11,1.11,1.11,1.11,1.11
CL-PFU,v3.0b1,current,World,Non-specified primary biofuels and waste,Total energy supply; Energy industry own use; Blast furnaces,1.11,1.11,1.11,1.11,1.11,1.11,1.11,1.11,1.11,1.11,1.11,1.11,1.11,1.11,1.11,1.11,1.11,1.11,1.11,1.11,1.11,1.11,1.11,1.11,1.11,1.11
CL-PFU,v3.0b1,current,World,Non-specified primary biofuels and waste,Total energy supply; Energy industry own use; Gas works,1.11,1.11,1.11,1.11,1.11,1.11,1.11,1.11,1.11,1.11,1.11,1.11,1.11,1.11,1.11,1.11,1.11,1.11,1.11,1.11,1.11,1.11,1.11,1.11,1.11,1.11
CL-PFU,v3.0b1,current,World,Non-specified primary biofuels and waste,Total energy supply; Energy industry own use; Gasification plants for biogases,1.11,1.11,1.11,1.11,1.11,1.11,1.11,1.11,1.11,1.11,1.11,1.11,1.11,1.11,1.11,1.11,1.11,1.11,1.11,1.11,1.11,1.11,1.11,1.11,1.11,1.11
CL-PFU,v3.0b1,current,World,Non-specified primary biofuels and waste,Total energy supply; Energy industry own use; Coke ovens,1.11,1.11,1.11,1.11,1.11,1.11,1.11,1.11,1.11,1.11,1.11,1.11,1.11,1.11,1.11,1.11,1.11,1.11,1.11,1.11,1.11,1.11,1.11,1.11,1.11,1.11
CL-PFU,v3.0b1,current,World,Non-specified primary biofuels and waste,Total energy supply; Energy industry own use; Patent fuel plants,1.11,1.11,1.11,1.11,1.11,1.11,1.11,1.11,1.11,1.11,1.11,1.11,1.11,1.11,1.11,1.11,1.11,1.11,1.11,1.11,1.11,1.11,1.11,1.11,1.11,1.11
CL-PFU,v3.0b1,current,World,Non-specified primary biofuels and waste,Total energy supply; Energy industry own use; BKB/peat briquette plants,1.11,1.11,1.11,1.11,1.11,1.11,1.11,1.11,1.11,1.11,1.11,1.11,1.11,1.11,1.11,1.11,1.11,1.11,1.11,1.11,1.11,1.11,1.11,1.11,1.11,1.11
CL-PFU,v3.0b1,current,World,Non-specified primary biofuels and waste,Total energy supply; Energy industry own use; Oil refineries,1.11,1.11,1.11,1.11,1.11,1.11,1.11,1.11,1.11,1.11,1.11,1.11,1.11,1.11,1.11,1.11,1.11,1.11,1.11,1.11,1.11,1.11,1.11,1.11,1.11,1.11
CL-PFU,v3.0b1,current,World,Non-specified primary biofuels and waste,Total energy supply; Energy industry own use; Coal liquefaction plants,1.11,1.11,1.11,1.11,1.11,1.11,1.11,1.11,1.11,1.11,1.11,1.11,1.11,1.11,1.11,1.11,1.11,1.11,1.11,1.11,1.11,1.11,1.11,1.11,1.11,1.11
CL-PFU,v3.0b1,current,World,Non-specified primary biofuels and waste,Total energy supply; Energy industry own use; Liquefaction (LNG) / regasification plants,1.11,1.11,1.11,1.11,1.11,1.11,1.11,1.11,1.11,1.11,1.11,1.11,1.11,1.11,1.11,1.11,1.11,1.11,1.11,1.11,1.11,1.11,1.11,1.11,1.11,1.11
CL-PFU,v3.0b1,current,World,Non-specified primary biofuels and waste,Total energy supply; Energy industry own use; Gas-to-liquids (GTL) plants,1.11,1.11,1.11,1.11,1.11,1.11,1.11,1.11,1.11,1.11,1.11,1.11,1.11,1.11,1.11,1.11,1.11,1.11,1.11,1.11,1.11,1.11,1.11,1.11,1.11,1.11
CL-PFU,v3.0b1,current,World,Non-specified primary biofuels and waste,"Total energy supply; Energy industry own use; Own use in electricity, CHP and heat plants",1.11,1.11,1.11,1.11,1.11,1.11,1.11,1.11,1.11,1.11,1.11,1.11,1.11,1.11,1.11,1.11,1.11,1.11,1.11,1.11,1.11,1.11,1.11,1.11,1.11,1.11
CL-PFU,v3.0b1,current,World,Non-specified primary biofuels and waste,Total energy supply; Energy industry own use; Pumped storage plants,1.11,1.11,1.11,1.11,1.11,1.11,1.11,1.11,1.11,1.11,1.11,1.11,1.11,1.11,1.11,1.11,1.11,1.11,1.11,1.11,1.11,1.11,1.11,1.11,1.11,1.11
CL-PFU,v3.0b1,current,World,Non-specified primary biofuels and waste,Total energy supply; Energy industry own use; Nuclear industry,1.11,1.11,1.11,1.11,1.11,1.11,1.11,1.11,1.11,1.11,1.11,1.11,1.11,1.11,1.11,1.11,1.11,1.11,1.11,1.11,1.11,1.11,1.11,1.11,1.11,1.11
CL-PFU,v3.0b1,current,World,Non-specified primary biofuels and waste,Total energy supply; Energy industry own use; Charcoal production plants,1.11,1.11,1.11,1.11,1.11,1.11,1.11,1.11,1.11,1.11,1.11,1.11,1.11,1.11,1.11,1.11,1.11,1.11,1.11,1.11,1.11,1.11,1.11,1.11,1.11,1.11
CL-PFU,v3.0b1,current,World,Non-specified primary biofuels and waste,Total energy supply; Energy industry own use; Non-specified (energy),1.11,1.11,1.11,1.11,1.11,1.11,1.11,1.11,1.11,1.11,1.11,1.11,1.11,1.11,1.11,1.11,1.11,1.11,1.11,1.11,1.11,1.11,1.11,1.11,1.11,1.11
CL-PFU,v3.0b1,current,World,Non-specified primary biofuels and waste,Total energy supply; Losses,1.11,1.11,1.11,1.11,1.11,1.11,1.11,1.11,1.11,1.11,1.11,1.11,1.11,1.11,1.11,1.11,1.11,1.11,1.11,1.11,1.11,1.11,1.11,1.11,1.11,1.11
CL-PFU,v3.0b1,current,World,Non-specified primary biofuels and waste,Total energy supply; Total final consumption; Industry; Mining and quarrying,1.11,1.11,1.11,1.11,1.11,1.11,1.11,1.11,1.11,1.11,1.11,1.11,1.11,1.11,1.11,1.11,1.11,1.11,1.11,1.11,1.11,1.11,1.11,1.11,1.11,1.11
CL-PFU,v3.0b1,current,World,Non-specified primary biofuels and waste,Total energy supply; Total final consumption; Industry; Construction,1.11,1.11,1.11,1.11,1.11,1.11,1.11,1.11,1.11,1.11,1.11,1.11,1.11,1.11,1.11,1.11,1.11,1.11,1.11,1.11,1.11,1.11,1.11,1.11,1.11,1.11
CL-PFU,v3.0b1,current,World,Non-specified primary biofuels and waste,Total energy supply; Total final consumption; Industry; Manufacturing; Iron and steel,1.11,1.11,1.11,1.11,1.11,1.11,1.11,1.11,1.11,1.11,1.11,1.11,1.11,1.11,1.11,1.11,1.11,1.11,1.11,1.11,1.11,1.11,1.11,1.11,1.11,1.11
CL-PFU,v3.0b1,current,World,Non-specified primary biofuels and waste,Total energy supply; Total final consumption; Industry; Manufacturing; Chemical and petrochemical,1.11,1.11,1.11,1.11,1.11,1.11,1.11,1.11,1.11,1.11,1.11,1.11,1.11,1.11,1.11,1.11,1.11,1.11,1.11,1.11,1.11,1.11,1.11,1.11,1.11,1.11
CL-PFU,v3.0b1,current,World,Non-specified primary biofuels and waste,Total energy supply; Total final consumption; Industry; Manufacturing; Non-ferrous metals,1.11,1.11,1.11,1.11,1.11,1.11,1.11,1.11,1.11,1.11,1.11,1.11,1.11,1.11,1.11,1.11,1.11,1.11,1.11,1.11,1.11,1.11,1.11,1.11,1.11,1.11
CL-PFU,v3.0b1,current,World,Non-specified primary biofuels and waste,Total energy supply; Total final consumption; Industry; Manufacturing; Non-metallic minerals,1.11,1.11,1.11,1.11,1.11,1.11,1.11,1.11,1.11,1.11,1.11,1.11,1.11,1.11,1.11,1.11,1.11,1.11,1.11,1.11,1.11,1.11,1.11,1.11,1.11,1.11
CL-PFU,v3.0b1,current,World,Non-specified primary biofuels and waste,Total energy supply; Total final consumption; Industry; Manufacturing; Transport equipment,1.11,1.11,1.11,1.11,1.11,1.11,1.11,1.11,1.11,1.11,1.11,1.11,1.11,1.11,1.11,1.11,1.11,1.11,1.11,1.11,1.11,1.11,1.11,1.11,1.11,1.11
CL-PFU,v3.0b1,current,World,Non-specified primary biofuels and waste,Total energy supply; Total final consumption; Industry; Manufacturing; Machinery,1.11,1.11,1.11,1.11,1.11,1.11,1.11,1.11,1.11,1.11,1.11,1.11,1.11,1.11,1.11,1.11,1.11,1.11,1.11,1.11,1.11,1.11,1.11,1.11,1.11,1.11
CL-PFU,v3.0b1,current,World,Non-specified primary biofuels and waste,Total energy supply; Total final consumption; Industry; Manufacturing; Food and tobacco,1.11,1.11,1.11,1.11,1.11,1.11,1.11,1.11,1.11,1.11,1.11,1.11,1.11,1.11,1.11,1.11,1.11,1.11,1.11,1.11,1.11,1.11,1.11,1.11,1.11,1.11
CL-PFU,v3.0b1,current,World,Non-specified primary biofuels and waste,"Total energy supply; Total final consumption; Industry; Manufacturing; Paper, pulp and printing",1.11,1.11,1.11,1.11,1.11,1.11,1.11,1.11,1.11,1.11,1.11,1.11,1.11,1.11,1.11,1.11,1.11,1.11,1.11,1.11,1.11,1.11,1.11,1.11,1.11,1.11
CL-PFU,v3.0b1,current,World,Non-specified primary biofuels and waste,Total energy supply; Total final consumption; Industry; Manufacturing; Wood and wood products,1.11,1.11,1.11,1.11,1.11,1.11,1.11,1.11,1.11,1.11,1.11,1.11,1.11,1.11,1.11,1.11,1.11,1.11,1.11,1.11,1.11,1.11,1.11,1.11,1.11,1.11
CL-PFU,v3.0b1,current,World,Non-specified primary biofuels and waste,Total energy supply; Total final consumption; Industry; Manufacturing; Textile and leather,1.11,1.11,1.11,1.11,1.11,1.11,1.11,1.11,1.11,1.11,1.11,1.11,1.11,1.11,1.11,1.11,1.11,1.11,1.11,1.11,1.11,1.11,1.11,1.11,1.11,1.11
CL-PFU,v3.0b1,current,World,Non-specified primary biofuels and waste,Total energy supply; Total final consumption; Industry; Industry not elsewhere specified,1.11,1.11,1.11,1.11,1.11,1.11,1.11,1.11,1.11,1.11,1.11,1.11,1.11,1.11,1.11,1.11,1.11,1.11,1.11,1.11,1.11,1.11,1.11,1.11,1.11,1.11
CL-PFU,v3.0b1,current,World,Non-specified primary biofuels and waste,Total energy supply; Total final consumption; Transport; World aviation bunkers,1.11,1.11,1.11,1.11,1.11,1.11,1.11,1.11,1.11,1.11,1.11,1.11,1.11,1.11,1.11,1.11,1.11,1.11,1.11,1.11,1.11,1.11,1.11,1.11,1.11,1.11
CL-PFU,v3.0b1,current,World,Non-specified primary biofuels and waste,Total energy supply; Total final consumption; Transport; Domestic aviation,1.11,1.11,1.11,1.11,1.11,1.11,1.11,1.11,1.11,1.11,1.11,1.11,1.11,1.11,1.11,1.11,1.11,1.11,1.11,1.11,1.11,1.11,1.11,1.11,1.11,1.11
CL-PFU,v3.0b1,current,World,Non-specified primary biofuels and waste,Total energy supply; Total final consumption; Transport; Road,1.11,1.11,1.11,1.11,1.11,1.11,1.11,1.11,1.11,1.11,1.11,1.11,1.11,1.11,1.11,1.11,1.11,1.11,1.11,1.11,1.11,1.11,1.11,1.11,1.11,1.11
CL-PFU,v3.0b1,current,World,Non-specified primary biofuels and waste,Total energy supply; Total final consumption; Transport; Rail,1.11,1.11,1.11,1.11,1.11,1.11,1.11,1.11,1.11,1.11,1.11,1.11,1.11,1.11,1.11,1.11,1.11,1.11,1.11,1.11,1.11,1.11,1.11,1.11,1.11,1.11
CL-PFU,v3.0b1,current,World,Non-specified primary biofuels and waste,Total energy supply; Total final consumption; Transport; Pipeline transport,1.11,1.11,1.11,1.11,1.11,1.11,1.11,1.11,1.11,1.11,1.11,1.11,1.11,1.11,1.11,1.11,1.11,1.11,1.11,1.11,1.11,1.11,1.11,1.11,1.11,1.11
CL-PFU,v3.0b1,current,World,Non-specified primary biofuels and waste,Total energy supply; Total final consumption; Transport; World marine bunkers,1.11,1.11,1.11,1.11,1.11,1.11,1.11,1.11,1.11,1.11,1.11,1.11,1.11,1.11,1.11,1.11,1.11,1.11,1.11,1.11,1.11,1.11,1.11,1.11,1.11,1.11
CL-PFU,v3.0b1,current,World,Non-specified primary biofuels and waste,Total energy supply; Total final consumption; Transport; Domestic navigation,1.11,1.11,1.11,1.11,1.11,1.11,1.11,1.11,1.11,1.11,1.11,1.11,1.11,1.11,1.11,1.11,1.11,1.11,1.11,1.11,1.11,1.11,1.11,1.11,1.11,1.11
CL-PFU,v3.0b1,current,World,Non-specified primary biofuels and waste,Total energy supply; Total final consumption; Transport; Transport not elsewhere specified,1.11,1.11,1.11,1.11,1.11,1.11,1.11,1.11,1.11,1.11,1.11,1.11,1.11,1.11,1.11,1.11,1.11,1.11,1.11,1.11,1.11,1.11,1.11,1.11,1.11,1.11
CL-PFU,v3.0b1,current,World,Non-specified primary biofuels and waste,Total energy supply; Total final consumption; Residential,1.11,1.11,1.11,1.11,1.11,1.11,1.11,1.11,1.11,1.11,1.11,1.11,1.11,1.11,1.11,1.11,1.11,1.11,1.11,1.11,1.11,1.11,1.11,1.11,1.11,1.11
CL-PFU,v3.0b1,current,World,Non-specified primary biofuels and waste,Total energy supply; Total final consumption; Commercial and public services,1.11,1.11,1.11,1.11,1.11,1.11,1.11,1.11,1.11,1.11,1.11,1.11,1.11,1.11,1.11,1.11,1.11,1.11,1.11,1.11,1.11,1.11,1.11,1.11,1.11,1.11
CL-PFU,v3.0b1,current,World,Non-specified primary biofuels and waste,Total energy supply; Total final consumption; Agriculture/forestry,1.11,1.11,1.11,1.11,1.11,1.11,1.11,1.11,1.11,1.11,1.11,1.11,1.11,1.11,1.11,1.11,1.11,1.11,1.11,1.11,1.11,1.11,1.11,1.11,1.11,1.11
CL-PFU,v3.0b1,current,World,Non-specified primary biofuels and waste,Total energy supply; Total final consumption; Fishing,1.11,1.11,1.11,1.11,1.11,1.11,1.11,1.11,1.11,1.11,1.11,1.11,1.11,1.11,1.11,1.11,1.11,1.11,1.11,1.11,1.11,1.11,1.11,1.11,1.11,1.11
CL-PFU,v3.0b1,current,World,Non-specified primary biofuels and waste,Total energy supply; Total final consumption; Final consumption not elsewhere specified,1.11,1.11,1.11,1.11,1.11,1.11,1.11,1.11,1.11,1.11,1.11,1.11,1.11,1.11,1.11,1.11,1.11,1.11,1.11,1.11,1.11,1.11,1.11,1.11,1.11,1.11
CL-PFU,v3.0b1,current,World,Non-specified primary biofuels and waste,Total energy supply; Total final consumption; Non-energy use; Non-energy use industry/transformation/energy,1.11,1.11,1.11,1.11,1.11,1.11,1.11,1.11,1.11,1.11,1.11,1.11,1.11,1.11,1.11,1.11,1.11,1.11,1.11,1.11,1.11,1.11,1.11,1.11,1.11,1.11
CL-PFU,v3.0b1,current,World,Non-specified primary biofuels and waste,Total energy supply; Total final consumption; Non-energy use; Non-energy use in transport,1.11,1.11,1.11,1.11,1.11,1.11,1.11,1.11,1.11,1.11,1.11,1.11,1.11,1.11,1.11,1.11,1.11,1.11,1.11,1.11,1.11,1.11,1.11,1.11,1.11,1.11
CL-PFU,v3.0b1,current,World,Non-specified primary biofuels and waste,Total energy supply; Total final consumption; Non-energy use; Non-energy use in other,1.11,1.11,1.11,1.11,1.11,1.11,1.11,1.11,1.11,1.11,1.11,1.11,1.11,1.11,1.11,1.11,1.11,1.11,1.11,1.11,1.11,1.11,1.11,1.11,1.11,1.11
CL-PFU,v3.0b1,current,World,Nuclear,Total energy supply; Energy industry own use; Coal mines,1,1,1,1,1,1,1,1,1,1,1,1,1,1,1,1,1,1,1,1,1,1,1,1,1,1
CL-PFU,v3.0b1,current,World,Nuclear,Total energy supply; Energy industry own use; Oil and gas extraction,1,1,1,1,1,1,1,1,1,1,1,1,1,1,1,1,1,1,1,1,1,1,1,1,1,1
CL-PFU,v3.0b1,current,World,Nuclear,Total energy supply; Energy industry own use; Blast furnaces,1,1,1,1,1,1,1,1,1,1,1,1,1,1,1,1,1,1,1,1,1,1,1,1,1,1
CL-PFU,v3.0b1,current,World,Nuclear,Total energy supply; Energy industry own use; Gas works,1,1,1,1,1,1,1,1,1,1,1,1,1,1,1,1,1,1,1,1,1,1,1,1,1,1
CL-PFU,v3.0b1,current,World,Nuclear,Total energy supply; Energy industry own use; Gasification plants for biogases,1,1,1,1,1,1,1,1,1,1,1,1,1,1,1,1,1,1,1,1,1,1,1,1,1,1
CL-PFU,v3.0b1,current,World,Nuclear,Total energy supply; Energy industry own use; Coke ovens,1,1,1,1,1,1,1,1,1,1,1,1,1,1,1,1,1,1,1,1,1,1,1,1,1,1
CL-PFU,v3.0b1,current,World,Nuclear,Total energy supply; Energy industry own use; Patent fuel plants,1,1,1,1,1,1,1,1,1,1,1,1,1,1,1,1,1,1,1,1,1,1,1,1,1,1
CL-PFU,v3.0b1,current,World,Nuclear,Total energy supply; Energy industry own use; BKB/peat briquette plants,1,1,1,1,1,1,1,1,1,1,1,1,1,1,1,1,1,1,1,1,1,1,1,1,1,1
CL-PFU,v3.0b1,current,World,Nuclear,Total energy supply; Energy industry own use; Oil refineries,1,1,1,1,1,1,1,1,1,1,1,1,1,1,1,1,1,1,1,1,1,1,1,1,1,1
CL-PFU,v3.0b1,current,World,Nuclear,Total energy supply; Energy industry own use; Coal liquefaction plants,1,1,1,1,1,1,1,1,1,1,1,1,1,1,1,1,1,1,1,1,1,1,1,1,1,1
CL-PFU,v3.0b1,current,World,Nuclear,Total energy supply; Energy industry own use; Liquefaction (LNG) / regasification plants,1,1,1,1,1,1,1,1,1,1,1,1,1,1,1,1,1,1,1,1,1,1,1,1,1,1
CL-PFU,v3.0b1,current,World,Nuclear,Total energy supply; Energy industry own use; Gas-to-liquids (GTL) plants,1,1,1,1,1,1,1,1,1,1,1,1,1,1,1,1,1,1,1,1,1,1,1,1,1,1
CL-PFU,v3.0b1,current,World,Nuclear,"Total energy supply; Energy industry own use; Own use in electricity, CHP and heat plants",1,1,1,1,1,1,1,1,1,1,1,1,1,1,1,1,1,1,1,1,1,1,1,1,1,1
CL-PFU,v3.0b1,current,World,Nuclear,Total energy supply; Energy industry own use; Pumped storage plants,1,1,1,1,1,1,1,1,1,1,1,1,1,1,1,1,1,1,1,1,1,1,1,1,1,1
CL-PFU,v3.0b1,current,World,Nuclear,Total energy supply; Energy industry own use; Nuclear industry,1,1,1,1,1,1,1,1,1,1,1,1,1,1,1,1,1,1,1,1,1,1,1,1,1,1
CL-PFU,v3.0b1,current,World,Nuclear,Total energy supply; Energy industry own use; Charcoal production plants,1,1,1,1,1,1,1,1,1,1,1,1,1,1,1,1,1,1,1,1,1,1,1,1,1,1
CL-PFU,v3.0b1,current,World,Nuclear,Total energy supply; Energy industry own use; Non-specified (energy),1,1,1,1,1,1,1,1,1,1,1,1,1,1,1,1,1,1,1,1,1,1,1,1,1,1
CL-PFU,v3.0b1,current,World,Nuclear,Total energy supply; Losses,1,1,1,1,1,1,1,1,1,1,1,1,1,1,1,1,1,1,1,1,1,1,1,1,1,1
CL-PFU,v3.0b1,current,World,Nuclear,Total energy supply; Total final consumption; Industry; Mining and quarrying,1,1,1,1,1,1,1,1,1,1,1,1,1,1,1,1,1,1,1,1,1,1,1,1,1,1
CL-PFU,v3.0b1,current,World,Nuclear,Total energy supply; Total final consumption; Industry; Construction,1,1,1,1,1,1,1,1,1,1,1,1,1,1,1,1,1,1,1,1,1,1,1,1,1,1
CL-PFU,v3.0b1,current,World,Nuclear,Total energy supply; Total final consumption; Industry; Manufacturing; Iron and steel,1,1,1,1,1,1,1,1,1,1,1,1,1,1,1,1,1,1,1,1,1,1,1,1,1,1
CL-PFU,v3.0b1,current,World,Nuclear,Total energy supply; Total final consumption; Industry; Manufacturing; Chemical and petrochemical,1,1,1,1,1,1,1,1,1,1,1,1,1,1,1,1,1,1,1,1,1,1,1,1,1,1
CL-PFU,v3.0b1,current,World,Nuclear,Total energy supply; Total final consumption; Industry; Manufacturing; Non-ferrous metals,1,1,1,1,1,1,1,1,1,1,1,1,1,1,1,1,1,1,1,1,1,1,1,1,1,1
CL-PFU,v3.0b1,current,World,Nuclear,Total energy supply; Total final consumption; Industry; Manufacturing; Non-metallic minerals,1,1,1,1,1,1,1,1,1,1,1,1,1,1,1,1,1,1,1,1,1,1,1,1,1,1
CL-PFU,v3.0b1,current,World,Nuclear,Total energy supply; Total final consumption; Industry; Manufacturing; Transport equipment,1,1,1,1,1,1,1,1,1,1,1,1,1,1,1,1,1,1,1,1,1,1,1,1,1,1
CL-PFU,v3.0b1,current,World,Nuclear,Total energy supply; Total final consumption; Industry; Manufacturing; Machinery,1,1,1,1,1,1,1,1,1,1,1,1,1,1,1,1,1,1,1,1,1,1,1,1,1,1
CL-PFU,v3.0b1,current,World,Nuclear,Total energy supply; Total final consumption; Industry; Manufacturing; Food and tobacco,1,1,1,1,1,1,1,1,1,1,1,1,1,1,1,1,1,1,1,1,1,1,1,1,1,1
CL-PFU,v3.0b1,current,World,Nuclear,"Total energy supply; Total final consumption; Industry; Manufacturing; Paper, pulp and printing",1,1,1,1,1,1,1,1,1,1,1,1,1,1,1,1,1,1,1,1,1,1,1,1,1,1
CL-PFU,v3.0b1,current,World,Nuclear,Total energy supply; Total final consumption; Industry; Manufacturing; Wood and wood products,1,1,1,1,1,1,1,1,1,1,1,1,1,1,1,1,1,1,1,1,1,1,1,1,1,1
CL-PFU,v3.0b1,current,World,Nuclear,Total energy supply; Total final consumption; Industry; Manufacturing; Textile and leather,1,1,1,1,1,1,1,1,1,1,1,1,1,1,1,1,1,1,1,1,1,1,1,1,1,1
CL-PFU,v3.0b1,current,World,Nuclear,Total energy supply; Total final consumption; Industry; Industry not elsewhere specified,1,1,1,1,1,1,1,1,1,1,1,1,1,1,1,1,1,1,1,1,1,1,1,1,1,1
CL-PFU,v3.0b1,current,World,Nuclear,Total energy supply; Total final consumption; Transport; World aviation bunkers,1,1,1,1,1,1,1,1,1,1,1,1,1,1,1,1,1,1,1,1,1,1,1,1,1,1
CL-PFU,v3.0b1,current,World,Nuclear,Total energy supply; Total final consumption; Transport; Domestic aviation,1,1,1,1,1,1,1,1,1,1,1,1,1,1,1,1,1,1,1,1,1,1,1,1,1,1
CL-PFU,v3.0b1,current,World,Nuclear,Total energy supply; Total final consumption; Transport; Road,1,1,1,1,1,1,1,1,1,1,1,1,1,1,1,1,1,1,1,1,1,1,1,1,1,1
CL-PFU,v3.0b1,current,World,Nuclear,Total energy supply; Total final consumption; Transport; Rail,1,1,1,1,1,1,1,1,1,1,1,1,1,1,1,1,1,1,1,1,1,1,1,1,1,1
CL-PFU,v3.0b1,current,World,Nuclear,Total energy supply; Total final consumption; Transport; Pipeline transport,1,1,1,1,1,1,1,1,1,1,1,1,1,1,1,1,1,1,1,1,1,1,1,1,1,1
CL-PFU,v3.0b1,current,World,Nuclear,Total energy supply; Total final consumption; Transport; World marine bunkers,1,1,1,1,1,1,1,1,1,1,1,1,1,1,1,1,1,1,1,1,1,1,1,1,1,1
CL-PFU,v3.0b1,current,World,Nuclear,Total energy supply; Total final consumption; Transport; Domestic navigation,1,1,1,1,1,1,1,1,1,1,1,1,1,1,1,1,1,1,1,1,1,1,1,1,1,1
CL-PFU,v3.0b1,current,World,Nuclear,Total energy supply; Total final consumption; Transport; Transport not elsewhere specified,1,1,1,1,1,1,1,1,1,1,1,1,1,1,1,1,1,1,1,1,1,1,1,1,1,1
CL-PFU,v3.0b1,current,World,Nuclear,Total energy supply; Total final consumption; Residential,1,1,1,1,1,1,1,1,1,1,1,1,1,1,1,1,1,1,1,1,1,1,1,1,1,1
CL-PFU,v3.0b1,current,World,Nuclear,Total energy supply; Total final consumption; Commercial and public services,1,1,1,1,1,1,1,1,1,1,1,1,1,1,1,1,1,1,1,1,1,1,1,1,1,1
CL-PFU,v3.0b1,current,World,Nuclear,Total energy supply; Total final consumption; Agriculture/forestry,1,1,1,1,1,1,1,1,1,1,1,1,1,1,1,1,1,1,1,1,1,1,1,1,1,1
CL-PFU,v3.0b1,current,World,Nuclear,Total energy supply; Total final consumption; Fishing,1,1,1,1,1,1,1,1,1,1,1,1,1,1,1,1,1,1,1,1,1,1,1,1,1,1
CL-PFU,v3.0b1,current,World,Nuclear,Total energy supply; Total final consumption; Final consumption not elsewhere specified,1,1,1,1,1,1,1,1,1,1,1,1,1,1,1,1,1,1,1,1,1,1,1,1,1,1
CL-PFU,v3.0b1,current,World,Nuclear,Total energy supply; Total final consumption; Non-energy use; Non-energy use industry/transformation/energy,1,1,1,1,1,1,1,1,1,1,1,1,1,1,1,1,1,1,1,1,1,1,1,1,1,1
CL-PFU,v3.0b1,current,World,Nuclear,Total energy supply; Total final consumption; Non-energy use; Non-energy use in transport,1,1,1,1,1,1,1,1,1,1,1,1,1,1,1,1,1,1,1,1,1,1,1,1,1,1
CL-PFU,v3.0b1,current,World,Nuclear,Total energy supply; Total final consumption; Non-energy use; Non-energy use in other,1,1,1,1,1,1,1,1,1,1,1,1,1,1,1,1,1,1,1,1,1,1,1,1,1,1
CL-PFU,v3.0b1,current,World,Oil shale and oil sands,Total energy supply; Energy industry own use; Coal mines,1.06,1.06,1.06,1.06,1.06,1.06,1.06,1.06,1.06,1.06,1.06,1.06,1.06,1.06,1.06,1.06,1.06,1.06,1.06,1.06,1.06,1.06,1.06,1.06,1.06,1.06
CL-PFU,v3.0b1,current,World,Oil shale and oil sands,Total energy supply; Energy industry own use; Oil and gas extraction,1.06,1.06,1.06,1.06,1.06,1.06,1.06,1.06,1.06,1.06,1.06,1.06,1.06,1.06,1.06,1.06,1.06,1.06,1.06,1.06,1.06,1.06,1.06,1.06,1.06,1.06
CL-PFU,v3.0b1,current,World,Oil shale and oil sands,Total energy supply; Energy industry own use; Blast furnaces,1.06,1.06,1.06,1.06,1.06,1.06,1.06,1.06,1.06,1.06,1.06,1.06,1.06,1.06,1.06,1.06,1.06,1.06,1.06,1.06,1.06,1.06,1.06,1.06,1.06,1.06
CL-PFU,v3.0b1,current,World,Oil shale and oil sands,Total energy supply; Energy industry own use; Gas works,1.06,1.06,1.06,1.06,1.06,1.06,1.06,1.06,1.06,1.06,1.06,1.06,1.06,1.06,1.06,1.06,1.06,1.06,1.06,1.06,1.06,1.06,1.06,1.06,1.06,1.06
CL-PFU,v3.0b1,current,World,Oil shale and oil sands,Total energy supply; Energy industry own use; Gasification plants for biogases,1.06,1.06,1.06,1.06,1.06,1.06,1.06,1.06,1.06,1.06,1.06,1.06,1.06,1.06,1.06,1.06,1.06,1.06,1.06,1.06,1.06,1.06,1.06,1.06,1.06,1.06
CL-PFU,v3.0b1,current,World,Oil shale and oil sands,Total energy supply; Energy industry own use; Coke ovens,1.06,1.06,1.06,1.06,1.06,1.06,1.06,1.06,1.06,1.06,1.06,1.06,1.06,1.06,1.06,1.06,1.06,1.06,1.06,1.06,1.06,1.06,1.06,1.06,1.06,1.06
CL-PFU,v3.0b1,current,World,Oil shale and oil sands,Total energy supply; Energy industry own use; Patent fuel plants,1.06,1.06,1.06,1.06,1.06,1.06,1.06,1.06,1.06,1.06,1.06,1.06,1.06,1.06,1.06,1.06,1.06,1.06,1.06,1.06,1.06,1.06,1.06,1.06,1.06,1.06
CL-PFU,v3.0b1,current,World,Oil shale and oil sands,Total energy supply; Energy industry own use; BKB/peat briquette plants,1.06,1.06,1.06,1.06,1.06,1.06,1.06,1.06,1.06,1.06,1.06,1.06,1.06,1.06,1.06,1.06,1.06,1.06,1.06,1.06,1.06,1.06,1.06,1.06,1.06,1.06
CL-PFU,v3.0b1,current,World,Oil shale and oil sands,Total energy supply; Energy industry own use; Oil refineries,1.06,1.06,1.06,1.06,1.06,1.06,1.06,1.06,1.06,1.06,1.06,1.06,1.06,1.06,1.06,1.06,1.06,1.06,1.06,1.06,1.06,1.06,1.06,1.06,1.06,1.06
CL-PFU,v3.0b1,current,World,Oil shale and oil sands,Total energy supply; Energy industry own use; Coal liquefaction plants,1.06,1.06,1.06,1.06,1.06,1.06,1.06,1.06,1.06,1.06,1.06,1.06,1.06,1.06,1.06,1.06,1.06,1.06,1.06,1.06,1.06,1.06,1.06,1.06,1.06,1.06
CL-PFU,v3.0b1,current,World,Oil shale and oil sands,Total energy supply; Energy industry own use; Liquefaction (LNG) / regasification plants,1.06,1.06,1.06,1.06,1.06,1.06,1.06,1.06,1.06,1.06,1.06,1.06,1.06,1.06,1.06,1.06,1.06,1.06,1.06,1.06,1.06,1.06,1.06,1.06,1.06,1.06
CL-PFU,v3.0b1,current,World,Oil shale and oil sands,Total energy supply; Energy industry own use; Gas-to-liquids (GTL) plants,1.06,1.06,1.06,1.06,1.06,1.06,1.06,1.06,1.06,1.06,1.06,1.06,1.06,1.06,1.06,1.06,1.06,1.06,1.06,1.06,1.06,1.06,1.06,1.06,1.06,1.06
CL-PFU,v3.0b1,current,World,Oil shale and oil sands,"Total energy supply; Energy industry own use; Own use in electricity, CHP and heat plants",1.06,1.06,1.06,1.06,1.06,1.06,1.06,1.06,1.06,1.06,1.06,1.06,1.06,1.06,1.06,1.06,1.06,1.06,1.06,1.06,1.06,1.06,1.06,1.06,1.06,1.06
CL-PFU,v3.0b1,current,World,Oil shale and oil sands,Total energy supply; Energy industry own use; Pumped storage plants,1.06,1.06,1.06,1.06,1.06,1.06,1.06,1.06,1.06,1.06,1.06,1.06,1.06,1.06,1.06,1.06,1.06,1.06,1.06,1.06,1.06,1.06,1.06,1.06,1.06,1.06
CL-PFU,v3.0b1,current,World,Oil shale and oil sands,Total energy supply; Energy industry own use; Nuclear industry,1.06,1.06,1.06,1.06,1.06,1.06,1.06,1.06,1.06,1.06,1.06,1.06,1.06,1.06,1.06,1.06,1.06,1.06,1.06,1.06,1.06,1.06,1.06,1.06,1.06,1.06
CL-PFU,v3.0b1,current,World,Oil shale and oil sands,Total energy supply; Energy industry own use; Charcoal production plants,1.06,1.06,1.06,1.06,1.06,1.06,1.06,1.06,1.06,1.06,1.06,1.06,1.06,1.06,1.06,1.06,1.06,1.06,1.06,1.06,1.06,1.06,1.06,1.06,1.06,1.06
CL-PFU,v3.0b1,current,World,Oil shale and oil sands,Total energy supply; Energy industry own use; Non-specified (energy),1.06,1.06,1.06,1.06,1.06,1.06,1.06,1.06,1.06,1.06,1.06,1.06,1.06,1.06,1.06,1.06,1.06,1.06,1.06,1.06,1.06,1.06,1.06,1.06,1.06,1.06
CL-PFU,v3.0b1,current,World,Oil shale and oil sands,Total energy supply; Losses,1.06,1.06,1.06,1.06,1.06,1.06,1.06,1.06,1.06,1.06,1.06,1.06,1.06,1.06,1.06,1.06,1.06,1.06,1.06,1.06,1.06,1.06,1.06,1.06,1.06,1.06
CL-PFU,v3.0b1,current,World,Oil shale and oil sands,Total energy supply; Total final consumption; Industry; Mining and quarrying,1.06,1.06,1.06,1.06,1.06,1.06,1.06,1.06,1.06,1.06,1.06,1.06,1.06,1.06,1.06,1.06,1.06,1.06,1.06,1.06,1.06,1.06,1.06,1.06,1.06,1.06
CL-PFU,v3.0b1,current,World,Oil shale and oil sands,Total energy supply; Total final consumption; Industry; Construction,1.06,1.06,1.06,1.06,1.06,1.06,1.06,1.06,1.06,1.06,1.06,1.06,1.06,1.06,1.06,1.06,1.06,1.06,1.06,1.06,1.06,1.06,1.06,1.06,1.06,1.06
CL-PFU,v3.0b1,current,World,Oil shale and oil sands,Total energy supply; Total final consumption; Industry; Manufacturing; Iron and steel,1.06,1.06,1.06,1.06,1.06,1.06,1.06,1.06,1.06,1.06,1.06,1.06,1.06,1.06,1.06,1.06,1.06,1.06,1.06,1.06,1.06,1.06,1.06,1.06,1.06,1.06
CL-PFU,v3.0b1,current,World,Oil shale and oil sands,Total energy supply; Total final consumption; Industry; Manufacturing; Chemical and petrochemical,1.06,1.06,1.06,1.06,1.06,1.06,1.06,1.06,1.06,1.06,1.06,1.06,1.06,1.06,1.06,1.06,1.06,1.06,1.06,1.06,1.06,1.06,1.06,1.06,1.06,1.06
CL-PFU,v3.0b1,current,World,Oil shale and oil sands,Total energy supply; Total final consumption; Industry; Manufacturing; Non-ferrous metals,1.06,1.06,1.06,1.06,1.06,1.06,1.06,1.06,1.06,1.06,1.06,1.06,1.06,1.06,1.06,1.06,1.06,1.06,1.06,1.06,1.06,1.06,1.06,1.06,1.06,1.06
CL-PFU,v3.0b1,current,World,Oil shale and oil sands,Total energy supply; Total final consumption; Industry; Manufacturing; Non-metallic minerals,1.06,1.06,1.06,1.06,1.06,1.06,1.06,1.06,1.06,1.06,1.06,1.06,1.06,1.06,1.06,1.06,1.06,1.06,1.06,1.06,1.06,1.06,1.06,1.06,1.06,1.06
CL-PFU,v3.0b1,current,World,Oil shale and oil sands,Total energy supply; Total final consumption; Industry; Manufacturing; Transport equipment,1.06,1.06,1.06,1.06,1.06,1.06,1.06,1.06,1.06,1.06,1.06,1.06,1.06,1.06,1.06,1.06,1.06,1.06,1.06,1.06,1.06,1.06,1.06,1.06,1.06,1.06
CL-PFU,v3.0b1,current,World,Oil shale and oil sands,Total energy supply; Total final consumption; Industry; Manufacturing; Machinery,1.06,1.06,1.06,1.06,1.06,1.06,1.06,1.06,1.06,1.06,1.06,1.06,1.06,1.06,1.06,1.06,1.06,1.06,1.06,1.06,1.06,1.06,1.06,1.06,1.06,1.06
CL-PFU,v3.0b1,current,World,Oil shale and oil sands,Total energy supply; Total final consumption; Industry; Manufacturing; Food and tobacco,1.06,1.06,1.06,1.06,1.06,1.06,1.06,1.06,1.06,1.06,1.06,1.06,1.06,1.06,1.06,1.06,1.06,1.06,1.06,1.06,1.06,1.06,1.06,1.06,1.06,1.06
CL-PFU,v3.0b1,current,World,Oil shale and oil sands,"Total energy supply; Total final consumption; Industry; Manufacturing; Paper, pulp and printing",1.06,1.06,1.06,1.06,1.06,1.06,1.06,1.06,1.06,1.06,1.06,1.06,1.06,1.06,1.06,1.06,1.06,1.06,1.06,1.06,1.06,1.06,1.06,1.06,1.06,1.06
CL-PFU,v3.0b1,current,World,Oil shale and oil sands,Total energy supply; Total final consumption; Industry; Manufacturing; Wood and wood products,1.06,1.06,1.06,1.06,1.06,1.06,1.06,1.06,1.06,1.06,1.06,1.06,1.06,1.06,1.06,1.06,1.06,1.06,1.06,1.06,1.06,1.06,1.06,1.06,1.06,1.06
CL-PFU,v3.0b1,current,World,Oil shale and oil sands,Total energy supply; Total final consumption; Industry; Manufacturing; Textile and leather,1.06,1.06,1.06,1.06,1.06,1.06,1.06,1.06,1.06,1.06,1.06,1.06,1.06,1.06,1.06,1.06,1.06,1.06,1.06,1.06,1.06,1.06,1.06,1.06,1.06,1.06
CL-PFU,v3.0b1,current,World,Oil shale and oil sands,Total energy supply; Total final consumption; Industry; Industry not elsewhere specified,1.06,1.06,1.06,1.06,1.06,1.06,1.06,1.06,1.06,1.06,1.06,1.06,1.06,1.06,1.06,1.06,1.06,1.06,1.06,1.06,1.06,1.06,1.06,1.06,1.06,1.06
CL-PFU,v3.0b1,current,World,Oil shale and oil sands,Total energy supply; Total final consumption; Transport; World aviation bunkers,1.06,1.06,1.06,1.06,1.06,1.06,1.06,1.06,1.06,1.06,1.06,1.06,1.06,1.06,1.06,1.06,1.06,1.06,1.06,1.06,1.06,1.06,1.06,1.06,1.06,1.06
CL-PFU,v3.0b1,current,World,Oil shale and oil sands,Total energy supply; Total final consumption; Transport; Domestic aviation,1.06,1.06,1.06,1.06,1.06,1.06,1.06,1.06,1.06,1.06,1.06,1.06,1.06,1.06,1.06,1.06,1.06,1.06,1.06,1.06,1.06,1.06,1.06,1.06,1.06,1.06
CL-PFU,v3.0b1,current,World,Oil shale and oil sands,Total energy supply; Total final consumption; Transport; Road,1.06,1.06,1.06,1.06,1.06,1.06,1.06,1.06,1.06,1.06,1.06,1.06,1.06,1.06,1.06,1.06,1.06,1.06,1.06,1.06,1.06,1.06,1.06,1.06,1.06,1.06
CL-PFU,v3.0b1,current,World,Oil shale and oil sands,Total energy supply; Total final consumption; Transport; Rail,1.06,1.06,1.06,1.06,1.06,1.06,1.06,1.06,1.06,1.06,1.06,1.06,1.06,1.06,1.06,1.06,1.06,1.06,1.06,1.06,1.06,1.06,1.06,1.06,1.06,1.06
CL-PFU,v3.0b1,current,World,Oil shale and oil sands,Total energy supply; Total final consumption; Transport; Pipeline transport,1.06,1.06,1.06,1.06,1.06,1.06,1.06,1.06,1.06,1.06,1.06,1.06,1.06,1.06,1.06,1.06,1.06,1.06,1.06,1.06,1.06,1.06,1.06,1.06,1.06,1.06
CL-PFU,v3.0b1,current,World,Oil shale and oil sands,Total energy supply; Total final consumption; Transport; World marine bunkers,1.06,1.06,1.06,1.06,1.06,1.06,1.06,1.06,1.06,1.06,1.06,1.06,1.06,1.06,1.06,1.06,1.06,1.06,1.06,1.06,1.06,1.06,1.06,1.06,1.06,1.06
CL-PFU,v3.0b1,current,World,Oil shale and oil sands,Total energy supply; Total final consumption; Transport; Domestic navigation,1.06,1.06,1.06,1.06,1.06,1.06,1.06,1.06,1.06,1.06,1.06,1.06,1.06,1.06,1.06,1.06,1.06,1.06,1.06,1.06,1.06,1.06,1.06,1.06,1.06,1.06
CL-PFU,v3.0b1,current,World,Oil shale and oil sands,Total energy supply; Total final consumption; Transport; Transport not elsewhere specified,1.06,1.06,1.06,1.06,1.06,1.06,1.06,1.06,1.06,1.06,1.06,1.06,1.06,1.06,1.06,1.06,1.06,1.06,1.06,1.06,1.06,1.06,1.06,1.06,1.06,1.06
CL-PFU,v3.0b1,current,World,Oil shale and oil sands,Total energy supply; Total final consumption; Residential,1.06,1.06,1.06,1.06,1.06,1.06,1.06,1.06,1.06,1.06,1.06,1.06,1.06,1.06,1.06,1.06,1.06,1.06,1.06,1.06,1.06,1.06,1.06,1.06,1.06,1.06
CL-PFU,v3.0b1,current,World,Oil shale and oil sands,Total energy supply; Total final consumption; Commercial and public services,1.06,1.06,1.06,1.06,1.06,1.06,1.06,1.06,1.06,1.06,1.06,1.06,1.06,1.06,1.06,1.06,1.06,1.06,1.06,1.06,1.06,1.06,1.06,1.06,1.06,1.06
CL-PFU,v3.0b1,current,World,Oil shale and oil sands,Total energy supply; Total final consumption; Agriculture/forestry,1.06,1.06,1.06,1.06,1.06,1.06,1.06,1.06,1.06,1.06,1.06,1.06,1.06,1.06,1.06,1.06,1.06,1.06,1.06,1.06,1.06,1.06,1.06,1.06,1.06,1.06
CL-PFU,v3.0b1,current,World,Oil shale and oil sands,Total energy supply; Total final consumption; Fishing,1.06,1.06,1.06,1.06,1.06,1.06,1.06,1.06,1.06,1.06,1.06,1.06,1.06,1.06,1.06,1.06,1.06,1.06,1.06,1.06,1.06,1.06,1.06,1.06,1.06,1.06
CL-PFU,v3.0b1,current,World,Oil shale and oil sands,Total energy supply; Total final consumption; Final consumption not elsewhere specified,1.06,1.06,1.06,1.06,1.06,1.06,1.06,1.06,1.06,1.06,1.06,1.06,1.06,1.06,1.06,1.06,1.06,1.06,1.06,1.06,1.06,1.06,1.06,1.06,1.06,1.06
CL-PFU,v3.0b1,current,World,Oil shale and oil sands,Total energy supply; Total final consumption; Non-energy use; Non-energy use industry/transformation/energy,1.06,1.06,1.06,1.06,1.06,1.06,1.06,1.06,1.06,1.06,1.06,1.06,1.06,1.06,1.06,1.06,1.06,1.06,1.06,1.06,1.06,1.06,1.06,1.06,1.06,1.06
CL-PFU,v3.0b1,current,World,Oil shale and oil sands,Total energy supply; Total final consumption; Non-energy use; Non-energy use in transport,1.06,1.06,1.06,1.06,1.06,1.06,1.06,1.06,1.06,1.06,1.06,1.06,1.06,1.06,1.06,1.06,1.06,1.06,1.06,1.06,1.06,1.06,1.06,1.06,1.06,1.06
CL-PFU,v3.0b1,current,World,Oil shale and oil sands,Total energy supply; Total final consumption; Non-energy use; Non-energy use in other,1.06,1.06,1.06,1.06,1.06,1.06,1.06,1.06,1.06,1.06,1.06,1.06,1.06,1.06,1.06,1.06,1.06,1.06,1.06,1.06,1.06,1.06,1.06,1.06,1.06,1.06
CL-PFU,v3.0b1,current,World,Other bituminous coal,Total energy supply; Energy industry own use; Coal mines,1.06,1.06,1.06,1.06,1.06,1.06,1.06,1.06,1.06,1.06,1.06,1.06,1.06,1.06,1.06,1.06,1.06,1.06,1.06,1.06,1.06,1.06,1.06,1.06,1.06,1.06
CL-PFU,v3.0b1,current,World,Other bituminous coal,Total energy supply; Energy industry own use; Oil and gas extraction,1.06,1.06,1.06,1.06,1.06,1.06,1.06,1.06,1.06,1.06,1.06,1.06,1.06,1.06,1.06,1.06,1.06,1.06,1.06,1.06,1.06,1.06,1.06,1.06,1.06,1.06
CL-PFU,v3.0b1,current,World,Other bituminous coal,Total energy supply; Energy industry own use; Blast furnaces,1.06,1.06,1.06,1.06,1.06,1.06,1.06,1.06,1.06,1.06,1.06,1.06,1.06,1.06,1.06,1.06,1.06,1.06,1.06,1.06,1.06,1.06,1.06,1.06,1.06,1.06
CL-PFU,v3.0b1,current,World,Other bituminous coal,Total energy supply; Energy industry own use; Gas works,1.06,1.06,1.06,1.06,1.06,1.06,1.06,1.06,1.06,1.06,1.06,1.06,1.06,1.06,1.06,1.06,1.06,1.06,1.06,1.06,1.06,1.06,1.06,1.06,1.06,1.06
CL-PFU,v3.0b1,current,World,Other bituminous coal,Total energy supply; Energy industry own use; Gasification plants for biogases,1.06,1.06,1.06,1.06,1.06,1.06,1.06,1.06,1.06,1.06,1.06,1.06,1.06,1.06,1.06,1.06,1.06,1.06,1.06,1.06,1.06,1.06,1.06,1.06,1.06,1.06
CL-PFU,v3.0b1,current,World,Other bituminous coal,Total energy supply; Energy industry own use; Coke ovens,1.06,1.06,1.06,1.06,1.06,1.06,1.06,1.06,1.06,1.06,1.06,1.06,1.06,1.06,1.06,1.06,1.06,1.06,1.06,1.06,1.06,1.06,1.06,1.06,1.06,1.06
CL-PFU,v3.0b1,current,World,Other bituminous coal,Total energy supply; Energy industry own use; Patent fuel plants,1.06,1.06,1.06,1.06,1.06,1.06,1.06,1.06,1.06,1.06,1.06,1.06,1.06,1.06,1.06,1.06,1.06,1.06,1.06,1.06,1.06,1.06,1.06,1.06,1.06,1.06
CL-PFU,v3.0b1,current,World,Other bituminous coal,Total energy supply; Energy industry own use; BKB/peat briquette plants,1.06,1.06,1.06,1.06,1.06,1.06,1.06,1.06,1.06,1.06,1.06,1.06,1.06,1.06,1.06,1.06,1.06,1.06,1.06,1.06,1.06,1.06,1.06,1.06,1.06,1.06
CL-PFU,v3.0b1,current,World,Other bituminous coal,Total energy supply; Energy industry own use; Oil refineries,1.06,1.06,1.06,1.06,1.06,1.06,1.06,1.06,1.06,1.06,1.06,1.06,1.06,1.06,1.06,1.06,1.06,1.06,1.06,1.06,1.06,1.06,1.06,1.06,1.06,1.06
CL-PFU,v3.0b1,current,World,Other bituminous coal,Total energy supply; Energy industry own use; Coal liquefaction plants,1.06,1.06,1.06,1.06,1.06,1.06,1.06,1.06,1.06,1.06,1.06,1.06,1.06,1.06,1.06,1.06,1.06,1.06,1.06,1.06,1.06,1.06,1.06,1.06,1.06,1.06
CL-PFU,v3.0b1,current,World,Other bituminous coal,Total energy supply; Energy industry own use; Liquefaction (LNG) / regasification plants,1.06,1.06,1.06,1.06,1.06,1.06,1.06,1.06,1.06,1.06,1.06,1.06,1.06,1.06,1.06,1.06,1.06,1.06,1.06,1.06,1.06,1.06,1.06,1.06,1.06,1.06
CL-PFU,v3.0b1,current,World,Other bituminous coal,Total energy supply; Energy industry own use; Gas-to-liquids (GTL) plants,1.06,1.06,1.06,1.06,1.06,1.06,1.06,1.06,1.06,1.06,1.06,1.06,1.06,1.06,1.06,1.06,1.06,1.06,1.06,1.06,1.06,1.06,1.06,1.06,1.06,1.06
CL-PFU,v3.0b1,current,World,Other bituminous coal,"Total energy supply; Energy industry own use; Own use in electricity, CHP and heat plants",1.06,1.06,1.06,1.06,1.06,1.06,1.06,1.06,1.06,1.06,1.06,1.06,1.06,1.06,1.06,1.06,1.06,1.06,1.06,1.06,1.06,1.06,1.06,1.06,1.06,1.06
CL-PFU,v3.0b1,current,World,Other bituminous coal,Total energy supply; Energy industry own use; Pumped storage plants,1.06,1.06,1.06,1.06,1.06,1.06,1.06,1.06,1.06,1.06,1.06,1.06,1.06,1.06,1.06,1.06,1.06,1.06,1.06,1.06,1.06,1.06,1.06,1.06,1.06,1.06
CL-PFU,v3.0b1,current,World,Other bituminous coal,Total energy supply; Energy industry own use; Nuclear industry,1.06,1.06,1.06,1.06,1.06,1.06,1.06,1.06,1.06,1.06,1.06,1.06,1.06,1.06,1.06,1.06,1.06,1.06,1.06,1.06,1.06,1.06,1.06,1.06,1.06,1.06
CL-PFU,v3.0b1,current,World,Other bituminous coal,Total energy supply; Energy industry own use; Charcoal production plants,1.06,1.06,1.06,1.06,1.06,1.06,1.06,1.06,1.06,1.06,1.06,1.06,1.06,1.06,1.06,1.06,1.06,1.06,1.06,1.06,1.06,1.06,1.06,1.06,1.06,1.06
CL-PFU,v3.0b1,current,World,Other bituminous coal,Total energy supply; Energy industry own use; Non-specified (energy),1.06,1.06,1.06,1.06,1.06,1.06,1.06,1.06,1.06,1.06,1.06,1.06,1.06,1.06,1.06,1.06,1.06,1.06,1.06,1.06,1.06,1.06,1.06,1.06,1.06,1.06
CL-PFU,v3.0b1,current,World,Other bituminous coal,Total energy supply; Losses,1.06,1.06,1.06,1.06,1.06,1.06,1.06,1.06,1.06,1.06,1.06,1.06,1.06,1.06,1.06,1.06,1.06,1.06,1.06,1.06,1.06,1.06,1.06,1.06,1.06,1.06
CL-PFU,v3.0b1,current,World,Other bituminous coal,Total energy supply; Total final consumption; Industry; Mining and quarrying,1.06,1.06,1.06,1.06,1.06,1.06,1.06,1.06,1.06,1.06,1.06,1.06,1.06,1.06,1.06,1.06,1.06,1.06,1.06,1.06,1.06,1.06,1.06,1.06,1.06,1.06
CL-PFU,v3.0b1,current,World,Other bituminous coal,Total energy supply; Total final consumption; Industry; Construction,1.06,1.06,1.06,1.06,1.06,1.06,1.06,1.06,1.06,1.06,1.06,1.06,1.06,1.06,1.06,1.06,1.06,1.06,1.06,1.06,1.06,1.06,1.06,1.06,1.06,1.06
CL-PFU,v3.0b1,current,World,Other bituminous coal,Total energy supply; Total final consumption; Industry; Manufacturing; Iron and steel,1.06,1.06,1.06,1.06,1.06,1.06,1.06,1.06,1.06,1.06,1.06,1.06,1.06,1.06,1.06,1.06,1.06,1.06,1.06,1.06,1.06,1.06,1.06,1.06,1.06,1.06
CL-PFU,v3.0b1,current,World,Other bituminous coal,Total energy supply; Total final consumption; Industry; Manufacturing; Chemical and petrochemical,1.06,1.06,1.06,1.06,1.06,1.06,1.06,1.06,1.06,1.06,1.06,1.06,1.06,1.06,1.06,1.06,1.06,1.06,1.06,1.06,1.06,1.06,1.06,1.06,1.06,1.06
CL-PFU,v3.0b1,current,World,Other bituminous coal,Total energy supply; Total final consumption; Industry; Manufacturing; Non-ferrous metals,1.06,1.06,1.06,1.06,1.06,1.06,1.06,1.06,1.06,1.06,1.06,1.06,1.06,1.06,1.06,1.06,1.06,1.06,1.06,1.06,1.06,1.06,1.06,1.06,1.06,1.06
CL-PFU,v3.0b1,current,World,Other bituminous coal,Total energy supply; Total final consumption; Industry; Manufacturing; Non-metallic minerals,1.06,1.06,1.06,1.06,1.06,1.06,1.06,1.06,1.06,1.06,1.06,1.06,1.06,1.06,1.06,1.06,1.06,1.06,1.06,1.06,1.06,1.06,1.06,1.06,1.06,1.06
CL-PFU,v3.0b1,current,World,Other bituminous coal,Total energy supply; Total final consumption; Industry; Manufacturing; Transport equipment,1.06,1.06,1.06,1.06,1.06,1.06,1.06,1.06,1.06,1.06,1.06,1.06,1.06,1.06,1.06,1.06,1.06,1.06,1.06,1.06,1.06,1.06,1.06,1.06,1.06,1.06
CL-PFU,v3.0b1,current,World,Other bituminous coal,Total energy supply; Total final consumption; Industry; Manufacturing; Machinery,1.06,1.06,1.06,1.06,1.06,1.06,1.06,1.06,1.06,1.06,1.06,1.06,1.06,1.06,1.06,1.06,1.06,1.06,1.06,1.06,1.06,1.06,1.06,1.06,1.06,1.06
CL-PFU,v3.0b1,current,World,Other bituminous coal,Total energy supply; Total final consumption; Industry; Manufacturing; Food and tobacco,1.06,1.06,1.06,1.06,1.06,1.06,1.06,1.06,1.06,1.06,1.06,1.06,1.06,1.06,1.06,1.06,1.06,1.06,1.06,1.06,1.06,1.06,1.06,1.06,1.06,1.06
CL-PFU,v3.0b1,current,World,Other bituminous coal,"Total energy supply; Total final consumption; Industry; Manufacturing; Paper, pulp and printing",1.06,1.06,1.06,1.06,1.06,1.06,1.06,1.06,1.06,1.06,1.06,1.06,1.06,1.06,1.06,1.06,1.06,1.06,1.06,1.06,1.06,1.06,1.06,1.06,1.06,1.06
CL-PFU,v3.0b1,current,World,Other bituminous coal,Total energy supply; Total final consumption; Industry; Manufacturing; Wood and wood products,1.06,1.06,1.06,1.06,1.06,1.06,1.06,1.06,1.06,1.06,1.06,1.06,1.06,1.06,1.06,1.06,1.06,1.06,1.06,1.06,1.06,1.06,1.06,1.06,1.06,1.06
CL-PFU,v3.0b1,current,World,Other bituminous coal,Total energy supply; Total final consumption; Industry; Manufacturing; Textile and leather,1.06,1.06,1.06,1.06,1.06,1.06,1.06,1.06,1.06,1.06,1.06,1.06,1.06,1.06,1.06,1.06,1.06,1.06,1.06,1.06,1.06,1.06,1.06,1.06,1.06,1.06
CL-PFU,v3.0b1,current,World,Other bituminous coal,Total energy supply; Total final consumption; Industry; Industry not elsewhere specified,1.06,1.06,1.06,1.06,1.06,1.06,1.06,1.06,1.06,1.06,1.06,1.06,1.06,1.06,1.06,1.06,1.06,1.06,1.06,1.06,1.06,1.06,1.06,1.06,1.06,1.06
CL-PFU,v3.0b1,current,World,Other bituminous coal,Total energy supply; Total final consumption; Transport; World aviation bunkers,1.06,1.06,1.06,1.06,1.06,1.06,1.06,1.06,1.06,1.06,1.06,1.06,1.06,1.06,1.06,1.06,1.06,1.06,1.06,1.06,1.06,1.06,1.06,1.06,1.06,1.06
CL-PFU,v3.0b1,current,World,Other bituminous coal,Total energy supply; Total final consumption; Transport; Domestic aviation,1.06,1.06,1.06,1.06,1.06,1.06,1.06,1.06,1.06,1.06,1.06,1.06,1.06,1.06,1.06,1.06,1.06,1.06,1.06,1.06,1.06,1.06,1.06,1.06,1.06,1.06
CL-PFU,v3.0b1,current,World,Other bituminous coal,Total energy supply; Total final consumption; Transport; Road,1.06,1.06,1.06,1.06,1.06,1.06,1.06,1.06,1.06,1.06,1.06,1.06,1.06,1.06,1.06,1.06,1.06,1.06,1.06,1.06,1.06,1.06,1.06,1.06,1.06,1.06
CL-PFU,v3.0b1,current,World,Other bituminous coal,Total energy supply; Total final consumption; Transport; Rail,1.06,1.06,1.06,1.06,1.06,1.06,1.06,1.06,1.06,1.06,1.06,1.06,1.06,1.06,1.06,1.06,1.06,1.06,1.06,1.06,1.06,1.06,1.06,1.06,1.06,1.06
CL-PFU,v3.0b1,current,World,Other bituminous coal,Total energy supply; Total final consumption; Transport; Pipeline transport,1.06,1.06,1.06,1.06,1.06,1.06,1.06,1.06,1.06,1.06,1.06,1.06,1.06,1.06,1.06,1.06,1.06,1.06,1.06,1.06,1.06,1.06,1.06,1.06,1.06,1.06
CL-PFU,v3.0b1,current,World,Other bituminous coal,Total energy supply; Total final consumption; Transport; World marine bunkers,1.06,1.06,1.06,1.06,1.06,1.06,1.06,1.06,1.06,1.06,1.06,1.06,1.06,1.06,1.06,1.06,1.06,1.06,1.06,1.06,1.06,1.06,1.06,1.06,1.06,1.06
CL-PFU,v3.0b1,current,World,Other bituminous coal,Total energy supply; Total final consumption; Transport; Domestic navigation,1.06,1.06,1.06,1.06,1.06,1.06,1.06,1.06,1.06,1.06,1.06,1.06,1.06,1.06,1.06,1.06,1.06,1.06,1.06,1.06,1.06,1.06,1.06,1.06,1.06,1.06
CL-PFU,v3.0b1,current,World,Other bituminous coal,Total energy supply; Total final consumption; Transport; Transport not elsewhere specified,1.06,1.06,1.06,1.06,1.06,1.06,1.06,1.06,1.06,1.06,1.06,1.06,1.06,1.06,1.06,1.06,1.06,1.06,1.06,1.06,1.06,1.06,1.06,1.06,1.06,1.06
CL-PFU,v3.0b1,current,World,Other bituminous coal,Total energy supply; Total final consumption; Residential,1.06,1.06,1.06,1.06,1.06,1.06,1.06,1.06,1.06,1.06,1.06,1.06,1.06,1.06,1.06,1.06,1.06,1.06,1.06,1.06,1.06,1.06,1.06,1.06,1.06,1.06
CL-PFU,v3.0b1,current,World,Other bituminous coal,Total energy supply; Total final consumption; Commercial and public services,1.06,1.06,1.06,1.06,1.06,1.06,1.06,1.06,1.06,1.06,1.06,1.06,1.06,1.06,1.06,1.06,1.06,1.06,1.06,1.06,1.06,1.06,1.06,1.06,1.06,1.06
CL-PFU,v3.0b1,current,World,Other bituminous coal,Total energy supply; Total final consumption; Agriculture/forestry,1.06,1.06,1.06,1.06,1.06,1.06,1.06,1.06,1.06,1.06,1.06,1.06,1.06,1.06,1.06,1.06,1.06,1.06,1.06,1.06,1.06,1.06,1.06,1.06,1.06,1.06
CL-PFU,v3.0b1,current,World,Other bituminous coal,Total energy supply; Total final consumption; Fishing,1.06,1.06,1.06,1.06,1.06,1.06,1.06,1.06,1.06,1.06,1.06,1.06,1.06,1.06,1.06,1.06,1.06,1.06,1.06,1.06,1.06,1.06,1.06,1.06,1.06,1.06
CL-PFU,v3.0b1,current,World,Other bituminous coal,Total energy supply; Total final consumption; Final consumption not elsewhere specified,1.06,1.06,1.06,1.06,1.06,1.06,1.06,1.06,1.06,1.06,1.06,1.06,1.06,1.06,1.06,1.06,1.06,1.06,1.06,1.06,1.06,1.06,1.06,1.06,1.06,1.06
CL-PFU,v3.0b1,current,World,Other bituminous coal,Total energy supply; Total final consumption; Non-energy use; Non-energy use industry/transformation/energy,1.06,1.06,1.06,1.06,1.06,1.06,1.06,1.06,1.06,1.06,1.06,1.06,1.06,1.06,1.06,1.06,1.06,1.06,1.06,1.06,1.06,1.06,1.06,1.06,1.06,1.06
CL-PFU,v3.0b1,current,World,Other bituminous coal,Total energy supply; Total final consumption; Non-energy use; Non-energy use in transport,1.06,1.06,1.06,1.06,1.06,1.06,1.06,1.06,1.06,1.06,1.06,1.06,1.06,1.06,1.06,1.06,1.06,1.06,1.06,1.06,1.06,1.06,1.06,1.06,1.06,1.06
CL-PFU,v3.0b1,current,World,Other bituminous coal,Total energy supply; Total final consumption; Non-energy use; Non-energy use in other,1.06,1.06,1.06,1.06,1.06,1.06,1.06,1.06,1.06,1.06,1.06,1.06,1.06,1.06,1.06,1.06,1.06,1.06,1.06,1.06,1.06,1.06,1.06,1.06,1.06,1.06
CL-PFU,v3.0b1,current,World,Other hydrocarbons,Total energy supply; Energy industry own use; Coal mines,1.06,1.06,1.06,1.06,1.06,1.06,1.06,1.06,1.06,1.06,1.06,1.06,1.06,1.06,1.06,1.06,1.06,1.06,1.06,1.06,1.06,1.06,1.06,1.06,1.06,1.06
CL-PFU,v3.0b1,current,World,Other hydrocarbons,Total energy supply; Energy industry own use; Oil and gas extraction,1.06,1.06,1.06,1.06,1.06,1.06,1.06,1.06,1.06,1.06,1.06,1.06,1.06,1.06,1.06,1.06,1.06,1.06,1.06,1.06,1.06,1.06,1.06,1.06,1.06,1.06
CL-PFU,v3.0b1,current,World,Other hydrocarbons,Total energy supply; Energy industry own use; Blast furnaces,1.06,1.06,1.06,1.06,1.06,1.06,1.06,1.06,1.06,1.06,1.06,1.06,1.06,1.06,1.06,1.06,1.06,1.06,1.06,1.06,1.06,1.06,1.06,1.06,1.06,1.06
CL-PFU,v3.0b1,current,World,Other hydrocarbons,Total energy supply; Energy industry own use; Gas works,1.06,1.06,1.06,1.06,1.06,1.06,1.06,1.06,1.06,1.06,1.06,1.06,1.06,1.06,1.06,1.06,1.06,1.06,1.06,1.06,1.06,1.06,1.06,1.06,1.06,1.06
CL-PFU,v3.0b1,current,World,Other hydrocarbons,Total energy supply; Energy industry own use; Gasification plants for biogases,1.06,1.06,1.06,1.06,1.06,1.06,1.06,1.06,1.06,1.06,1.06,1.06,1.06,1.06,1.06,1.06,1.06,1.06,1.06,1.06,1.06,1.06,1.06,1.06,1.06,1.06
CL-PFU,v3.0b1,current,World,Other hydrocarbons,Total energy supply; Energy industry own use; Coke ovens,1.06,1.06,1.06,1.06,1.06,1.06,1.06,1.06,1.06,1.06,1.06,1.06,1.06,1.06,1.06,1.06,1.06,1.06,1.06,1.06,1.06,1.06,1.06,1.06,1.06,1.06
CL-PFU,v3.0b1,current,World,Other hydrocarbons,Total energy supply; Energy industry own use; Patent fuel plants,1.06,1.06,1.06,1.06,1.06,1.06,1.06,1.06,1.06,1.06,1.06,1.06,1.06,1.06,1.06,1.06,1.06,1.06,1.06,1.06,1.06,1.06,1.06,1.06,1.06,1.06
CL-PFU,v3.0b1,current,World,Other hydrocarbons,Total energy supply; Energy industry own use; BKB/peat briquette plants,1.06,1.06,1.06,1.06,1.06,1.06,1.06,1.06,1.06,1.06,1.06,1.06,1.06,1.06,1.06,1.06,1.06,1.06,1.06,1.06,1.06,1.06,1.06,1.06,1.06,1.06
CL-PFU,v3.0b1,current,World,Other hydrocarbons,Total energy supply; Energy industry own use; Oil refineries,1.06,1.06,1.06,1.06,1.06,1.06,1.06,1.06,1.06,1.06,1.06,1.06,1.06,1.06,1.06,1.06,1.06,1.06,1.06,1.06,1.06,1.06,1.06,1.06,1.06,1.06
CL-PFU,v3.0b1,current,World,Other hydrocarbons,Total energy supply; Energy industry own use; Coal liquefaction plants,1.06,1.06,1.06,1.06,1.06,1.06,1.06,1.06,1.06,1.06,1.06,1.06,1.06,1.06,1.06,1.06,1.06,1.06,1.06,1.06,1.06,1.06,1.06,1.06,1.06,1.06
CL-PFU,v3.0b1,current,World,Other hydrocarbons,Total energy supply; Energy industry own use; Liquefaction (LNG) / regasification plants,1.06,1.06,1.06,1.06,1.06,1.06,1.06,1.06,1.06,1.06,1.06,1.06,1.06,1.06,1.06,1.06,1.06,1.06,1.06,1.06,1.06,1.06,1.06,1.06,1.06,1.06
CL-PFU,v3.0b1,current,World,Other hydrocarbons,Total energy supply; Energy industry own use; Gas-to-liquids (GTL) plants,1.06,1.06,1.06,1.06,1.06,1.06,1.06,1.06,1.06,1.06,1.06,1.06,1.06,1.06,1.06,1.06,1.06,1.06,1.06,1.06,1.06,1.06,1.06,1.06,1.06,1.06
CL-PFU,v3.0b1,current,World,Other hydrocarbons,"Total energy supply; Energy industry own use; Own use in electricity, CHP and heat plants",1.06,1.06,1.06,1.06,1.06,1.06,1.06,1.06,1.06,1.06,1.06,1.06,1.06,1.06,1.06,1.06,1.06,1.06,1.06,1.06,1.06,1.06,1.06,1.06,1.06,1.06
CL-PFU,v3.0b1,current,World,Other hydrocarbons,Total energy supply; Energy industry own use; Pumped storage plants,1.06,1.06,1.06,1.06,1.06,1.06,1.06,1.06,1.06,1.06,1.06,1.06,1.06,1.06,1.06,1.06,1.06,1.06,1.06,1.06,1.06,1.06,1.06,1.06,1.06,1.06
CL-PFU,v3.0b1,current,World,Other hydrocarbons,Total energy supply; Energy industry own use; Nuclear industry,1.06,1.06,1.06,1.06,1.06,1.06,1.06,1.06,1.06,1.06,1.06,1.06,1.06,1.06,1.06,1.06,1.06,1.06,1.06,1.06,1.06,1.06,1.06,1.06,1.06,1.06
CL-PFU,v3.0b1,current,World,Other hydrocarbons,Total energy supply; Energy industry own use; Charcoal production plants,1.06,1.06,1.06,1.06,1.06,1.06,1.06,1.06,1.06,1.06,1.06,1.06,1.06,1.06,1.06,1.06,1.06,1.06,1.06,1.06,1.06,1.06,1.06,1.06,1.06,1.06
CL-PFU,v3.0b1,current,World,Other hydrocarbons,Total energy supply; Energy industry own use; Non-specified (energy),1.06,1.06,1.06,1.06,1.06,1.06,1.06,1.06,1.06,1.06,1.06,1.06,1.06,1.06,1.06,1.06,1.06,1.06,1.06,1.06,1.06,1.06,1.06,1.06,1.06,1.06
CL-PFU,v3.0b1,current,World,Other hydrocarbons,Total energy supply; Losses,1.06,1.06,1.06,1.06,1.06,1.06,1.06,1.06,1.06,1.06,1.06,1.06,1.06,1.06,1.06,1.06,1.06,1.06,1.06,1.06,1.06,1.06,1.06,1.06,1.06,1.06
CL-PFU,v3.0b1,current,World,Other hydrocarbons,Total energy supply; Total final consumption; Industry; Mining and quarrying,1.06,1.06,1.06,1.06,1.06,1.06,1.06,1.06,1.06,1.06,1.06,1.06,1.06,1.06,1.06,1.06,1.06,1.06,1.06,1.06,1.06,1.06,1.06,1.06,1.06,1.06
CL-PFU,v3.0b1,current,World,Other hydrocarbons,Total energy supply; Total final consumption; Industry; Construction,1.06,1.06,1.06,1.06,1.06,1.06,1.06,1.06,1.06,1.06,1.06,1.06,1.06,1.06,1.06,1.06,1.06,1.06,1.06,1.06,1.06,1.06,1.06,1.06,1.06,1.06
CL-PFU,v3.0b1,current,World,Other hydrocarbons,Total energy supply; Total final consumption; Industry; Manufacturing; Iron and steel,1.06,1.06,1.06,1.06,1.06,1.06,1.06,1.06,1.06,1.06,1.06,1.06,1.06,1.06,1.06,1.06,1.06,1.06,1.06,1.06,1.06,1.06,1.06,1.06,1.06,1.06
CL-PFU,v3.0b1,current,World,Other hydrocarbons,Total energy supply; Total final consumption; Industry; Manufacturing; Chemical and petrochemical,1.06,1.06,1.06,1.06,1.06,1.06,1.06,1.06,1.06,1.06,1.06,1.06,1.06,1.06,1.06,1.06,1.06,1.06,1.06,1.06,1.06,1.06,1.06,1.06,1.06,1.06
CL-PFU,v3.0b1,current,World,Other hydrocarbons,Total energy supply; Total final consumption; Industry; Manufacturing; Non-ferrous metals,1.06,1.06,1.06,1.06,1.06,1.06,1.06,1.06,1.06,1.06,1.06,1.06,1.06,1.06,1.06,1.06,1.06,1.06,1.06,1.06,1.06,1.06,1.06,1.06,1.06,1.06
CL-PFU,v3.0b1,current,World,Other hydrocarbons,Total energy supply; Total final consumption; Industry; Manufacturing; Non-metallic minerals,1.06,1.06,1.06,1.06,1.06,1.06,1.06,1.06,1.06,1.06,1.06,1.06,1.06,1.06,1.06,1.06,1.06,1.06,1.06,1.06,1.06,1.06,1.06,1.06,1.06,1.06
CL-PFU,v3.0b1,current,World,Other hydrocarbons,Total energy supply; Total final consumption; Industry; Manufacturing; Transport equipment,1.06,1.06,1.06,1.06,1.06,1.06,1.06,1.06,1.06,1.06,1.06,1.06,1.06,1.06,1.06,1.06,1.06,1.06,1.06,1.06,1.06,1.06,1.06,1.06,1.06,1.06
CL-PFU,v3.0b1,current,World,Other hydrocarbons,Total energy supply; Total final consumption; Industry; Manufacturing; Machinery,1.06,1.06,1.06,1.06,1.06,1.06,1.06,1.06,1.06,1.06,1.06,1.06,1.06,1.06,1.06,1.06,1.06,1.06,1.06,1.06,1.06,1.06,1.06,1.06,1.06,1.06
CL-PFU,v3.0b1,current,World,Other hydrocarbons,Total energy supply; Total final consumption; Industry; Manufacturing; Food and tobacco,1.06,1.06,1.06,1.06,1.06,1.06,1.06,1.06,1.06,1.06,1.06,1.06,1.06,1.06,1.06,1.06,1.06,1.06,1.06,1.06,1.06,1.06,1.06,1.06,1.06,1.06
CL-PFU,v3.0b1,current,World,Other hydrocarbons,"Total energy supply; Total final consumption; Industry; Manufacturing; Paper, pulp and printing",1.06,1.06,1.06,1.06,1.06,1.06,1.06,1.06,1.06,1.06,1.06,1.06,1.06,1.06,1.06,1.06,1.06,1.06,1.06,1.06,1.06,1.06,1.06,1.06,1.06,1.06
CL-PFU,v3.0b1,current,World,Other hydrocarbons,Total energy supply; Total final consumption; Industry; Manufacturing; Wood and wood products,1.06,1.06,1.06,1.06,1.06,1.06,1.06,1.06,1.06,1.06,1.06,1.06,1.06,1.06,1.06,1.06,1.06,1.06,1.06,1.06,1.06,1.06,1.06,1.06,1.06,1.06
CL-PFU,v3.0b1,current,World,Other hydrocarbons,Total energy supply; Total final consumption; Industry; Manufacturing; Textile and leather,1.06,1.06,1.06,1.06,1.06,1.06,1.06,1.06,1.06,1.06,1.06,1.06,1.06,1.06,1.06,1.06,1.06,1.06,1.06,1.06,1.06,1.06,1.06,1.06,1.06,1.06
CL-PFU,v3.0b1,current,World,Other hydrocarbons,Total energy supply; Total final consumption; Industry; Industry not elsewhere specified,1.06,1.06,1.06,1.06,1.06,1.06,1.06,1.06,1.06,1.06,1.06,1.06,1.06,1.06,1.06,1.06,1.06,1.06,1.06,1.06,1.06,1.06,1.06,1.06,1.06,1.06
CL-PFU,v3.0b1,current,World,Other hydrocarbons,Total energy supply; Total final consumption; Transport; World aviation bunkers,1.06,1.06,1.06,1.06,1.06,1.06,1.06,1.06,1.06,1.06,1.06,1.06,1.06,1.06,1.06,1.06,1.06,1.06,1.06,1.06,1.06,1.06,1.06,1.06,1.06,1.06
CL-PFU,v3.0b1,current,World,Other hydrocarbons,Total energy supply; Total final consumption; Transport; Domestic aviation,1.06,1.06,1.06,1.06,1.06,1.06,1.06,1.06,1.06,1.06,1.06,1.06,1.06,1.06,1.06,1.06,1.06,1.06,1.06,1.06,1.06,1.06,1.06,1.06,1.06,1.06
CL-PFU,v3.0b1,current,World,Other hydrocarbons,Total energy supply; Total final consumption; Transport; Road,1.06,1.06,1.06,1.06,1.06,1.06,1.06,1.06,1.06,1.06,1.06,1.06,1.06,1.06,1.06,1.06,1.06,1.06,1.06,1.06,1.06,1.06,1.06,1.06,1.06,1.06
CL-PFU,v3.0b1,current,World,Other hydrocarbons,Total energy supply; Total final consumption; Transport; Rail,1.06,1.06,1.06,1.06,1.06,1.06,1.06,1.06,1.06,1.06,1.06,1.06,1.06,1.06,1.06,1.06,1.06,1.06,1.06,1.06,1.06,1.06,1.06,1.06,1.06,1.06
CL-PFU,v3.0b1,current,World,Other hydrocarbons,Total energy supply; Total final consumption; Transport; Pipeline transport,1.06,1.06,1.06,1.06,1.06,1.06,1.06,1.06,1.06,1.06,1.06,1.06,1.06,1.06,1.06,1.06,1.06,1.06,1.06,1.06,1.06,1.06,1.06,1.06,1.06,1.06
CL-PFU,v3.0b1,current,World,Other hydrocarbons,Total energy supply; Total final consumption; Transport; World marine bunkers,1.06,1.06,1.06,1.06,1.06,1.06,1.06,1.06,1.06,1.06,1.06,1.06,1.06,1.06,1.06,1.06,1.06,1.06,1.06,1.06,1.06,1.06,1.06,1.06,1.06,1.06
CL-PFU,v3.0b1,current,World,Other hydrocarbons,Total energy supply; Total final consumption; Transport; Domestic navigation,1.06,1.06,1.06,1.06,1.06,1.06,1.06,1.06,1.06,1.06,1.06,1.06,1.06,1.06,1.06,1.06,1.06,1.06,1.06,1.06,1.06,1.06,1.06,1.06,1.06,1.06
CL-PFU,v3.0b1,current,World,Other hydrocarbons,Total energy supply; Total final consumption; Transport; Transport not elsewhere specified,1.06,1.06,1.06,1.06,1.06,1.06,1.06,1.06,1.06,1.06,1.06,1.06,1.06,1.06,1.06,1.06,1.06,1.06,1.06,1.06,1.06,1.06,1.06,1.06,1.06,1.06
CL-PFU,v3.0b1,current,World,Other hydrocarbons,Total energy supply; Total final consumption; Residential,1.06,1.06,1.06,1.06,1.06,1.06,1.06,1.06,1.06,1.06,1.06,1.06,1.06,1.06,1.06,1.06,1.06,1.06,1.06,1.06,1.06,1.06,1.06,1.06,1.06,1.06
CL-PFU,v3.0b1,current,World,Other hydrocarbons,Total energy supply; Total final consumption; Commercial and public services,1.06,1.06,1.06,1.06,1.06,1.06,1.06,1.06,1.06,1.06,1.06,1.06,1.06,1.06,1.06,1.06,1.06,1.06,1.06,1.06,1.06,1.06,1.06,1.06,1.06,1.06
CL-PFU,v3.0b1,current,World,Other hydrocarbons,Total energy supply; Total final consumption; Agriculture/forestry,1.06,1.06,1.06,1.06,1.06,1.06,1.06,1.06,1.06,1.06,1.06,1.06,1.06,1.06,1.06,1.06,1.06,1.06,1.06,1.06,1.06,1.06,1.06,1.06,1.06,1.06
CL-PFU,v3.0b1,current,World,Other hydrocarbons,Total energy supply; Total final consumption; Fishing,1.06,1.06,1.06,1.06,1.06,1.06,1.06,1.06,1.06,1.06,1.06,1.06,1.06,1.06,1.06,1.06,1.06,1.06,1.06,1.06,1.06,1.06,1.06,1.06,1.06,1.06
CL-PFU,v3.0b1,current,World,Other hydrocarbons,Total energy supply; Total final consumption; Final consumption not elsewhere specified,1.06,1.06,1.06,1.06,1.06,1.06,1.06,1.06,1.06,1.06,1.06,1.06,1.06,1.06,1.06,1.06,1.06,1.06,1.06,1.06,1.06,1.06,1.06,1.06,1.06,1.06
CL-PFU,v3.0b1,current,World,Other hydrocarbons,Total energy supply; Total final consumption; Non-energy use; Non-energy use industry/transformation/energy,1.06,1.06,1.06,1.06,1.06,1.06,1.06,1.06,1.06,1.06,1.06,1.06,1.06,1.06,1.06,1.06,1.06,1.06,1.06,1.06,1.06,1.06,1.06,1.06,1.06,1.06
CL-PFU,v3.0b1,current,World,Other hydrocarbons,Total energy supply; Total final consumption; Non-energy use; Non-energy use in transport,1.06,1.06,1.06,1.06,1.06,1.06,1.06,1.06,1.06,1.06,1.06,1.06,1.06,1.06,1.06,1.06,1.06,1.06,1.06,1.06,1.06,1.06,1.06,1.06,1.06,1.06
CL-PFU,v3.0b1,current,World,Other hydrocarbons,Total energy supply; Total final consumption; Non-energy use; Non-energy use in other,1.06,1.06,1.06,1.06,1.06,1.06,1.06,1.06,1.06,1.06,1.06,1.06,1.06,1.06,1.06,1.06,1.06,1.06,1.06,1.06,1.06,1.06,1.06,1.06,1.06,1.06
CL-PFU,v3.0b1,current,World,Other kerosene,Total energy supply; Energy industry own use; Coal mines,1.06,1.06,1.06,1.06,1.06,1.06,1.06,1.06,1.06,1.06,1.06,1.06,1.06,1.06,1.06,1.06,1.06,1.06,1.06,1.06,1.06,1.06,1.06,1.06,1.06,1.06
CL-PFU,v3.0b1,current,World,Other kerosene,Total energy supply; Energy industry own use; Oil and gas extraction,1.06,1.06,1.06,1.06,1.06,1.06,1.06,1.06,1.06,1.06,1.06,1.06,1.06,1.06,1.06,1.06,1.06,1.06,1.06,1.06,1.06,1.06,1.06,1.06,1.06,1.06
CL-PFU,v3.0b1,current,World,Other kerosene,Total energy supply; Energy industry own use; Blast furnaces,1.06,1.06,1.06,1.06,1.06,1.06,1.06,1.06,1.06,1.06,1.06,1.06,1.06,1.06,1.06,1.06,1.06,1.06,1.06,1.06,1.06,1.06,1.06,1.06,1.06,1.06
CL-PFU,v3.0b1,current,World,Other kerosene,Total energy supply; Energy industry own use; Gas works,1.06,1.06,1.06,1.06,1.06,1.06,1.06,1.06,1.06,1.06,1.06,1.06,1.06,1.06,1.06,1.06,1.06,1.06,1.06,1.06,1.06,1.06,1.06,1.06,1.06,1.06
CL-PFU,v3.0b1,current,World,Other kerosene,Total energy supply; Energy industry own use; Gasification plants for biogases,1.06,1.06,1.06,1.06,1.06,1.06,1.06,1.06,1.06,1.06,1.06,1.06,1.06,1.06,1.06,1.06,1.06,1.06,1.06,1.06,1.06,1.06,1.06,1.06,1.06,1.06
CL-PFU,v3.0b1,current,World,Other kerosene,Total energy supply; Energy industry own use; Coke ovens,1.06,1.06,1.06,1.06,1.06,1.06,1.06,1.06,1.06,1.06,1.06,1.06,1.06,1.06,1.06,1.06,1.06,1.06,1.06,1.06,1.06,1.06,1.06,1.06,1.06,1.06
CL-PFU,v3.0b1,current,World,Other kerosene,Total energy supply; Energy industry own use; Patent fuel plants,1.06,1.06,1.06,1.06,1.06,1.06,1.06,1.06,1.06,1.06,1.06,1.06,1.06,1.06,1.06,1.06,1.06,1.06,1.06,1.06,1.06,1.06,1.06,1.06,1.06,1.06
CL-PFU,v3.0b1,current,World,Other kerosene,Total energy supply; Energy industry own use; BKB/peat briquette plants,1.06,1.06,1.06,1.06,1.06,1.06,1.06,1.06,1.06,1.06,1.06,1.06,1.06,1.06,1.06,1.06,1.06,1.06,1.06,1.06,1.06,1.06,1.06,1.06,1.06,1.06
CL-PFU,v3.0b1,current,World,Other kerosene,Total energy supply; Energy industry own use; Oil refineries,1.06,1.06,1.06,1.06,1.06,1.06,1.06,1.06,1.06,1.06,1.06,1.06,1.06,1.06,1.06,1.06,1.06,1.06,1.06,1.06,1.06,1.06,1.06,1.06,1.06,1.06
CL-PFU,v3.0b1,current,World,Other kerosene,Total energy supply; Energy industry own use; Coal liquefaction plants,1.06,1.06,1.06,1.06,1.06,1.06,1.06,1.06,1.06,1.06,1.06,1.06,1.06,1.06,1.06,1.06,1.06,1.06,1.06,1.06,1.06,1.06,1.06,1.06,1.06,1.06
CL-PFU,v3.0b1,current,World,Other kerosene,Total energy supply; Energy industry own use; Liquefaction (LNG) / regasification plants,1.06,1.06,1.06,1.06,1.06,1.06,1.06,1.06,1.06,1.06,1.06,1.06,1.06,1.06,1.06,1.06,1.06,1.06,1.06,1.06,1.06,1.06,1.06,1.06,1.06,1.06
CL-PFU,v3.0b1,current,World,Other kerosene,Total energy supply; Energy industry own use; Gas-to-liquids (GTL) plants,1.06,1.06,1.06,1.06,1.06,1.06,1.06,1.06,1.06,1.06,1.06,1.06,1.06,1.06,1.06,1.06,1.06,1.06,1.06,1.06,1.06,1.06,1.06,1.06,1.06,1.06
CL-PFU,v3.0b1,current,World,Other kerosene,"Total energy supply; Energy industry own use; Own use in electricity, CHP and heat plants",1.06,1.06,1.06,1.06,1.06,1.06,1.06,1.06,1.06,1.06,1.06,1.06,1.06,1.06,1.06,1.06,1.06,1.06,1.06,1.06,1.06,1.06,1.06,1.06,1.06,1.06
CL-PFU,v3.0b1,current,World,Other kerosene,Total energy supply; Energy industry own use; Pumped storage plants,1.06,1.06,1.06,1.06,1.06,1.06,1.06,1.06,1.06,1.06,1.06,1.06,1.06,1.06,1.06,1.06,1.06,1.06,1.06,1.06,1.06,1.06,1.06,1.06,1.06,1.06
CL-PFU,v3.0b1,current,World,Other kerosene,Total energy supply; Energy industry own use; Nuclear industry,1.06,1.06,1.06,1.06,1.06,1.06,1.06,1.06,1.06,1.06,1.06,1.06,1.06,1.06,1.06,1.06,1.06,1.06,1.06,1.06,1.06,1.06,1.06,1.06,1.06,1.06
CL-PFU,v3.0b1,current,World,Other kerosene,Total energy supply; Energy industry own use; Charcoal production plants,1.06,1.06,1.06,1.06,1.06,1.06,1.06,1.06,1.06,1.06,1.06,1.06,1.06,1.06,1.06,1.06,1.06,1.06,1.06,1.06,1.06,1.06,1.06,1.06,1.06,1.06
CL-PFU,v3.0b1,current,World,Other kerosene,Total energy supply; Energy industry own use; Non-specified (energy),1.06,1.06,1.06,1.06,1.06,1.06,1.06,1.06,1.06,1.06,1.06,1.06,1.06,1.06,1.06,1.06,1.06,1.06,1.06,1.06,1.06,1.06,1.06,1.06,1.06,1.06
CL-PFU,v3.0b1,current,World,Other kerosene,Total energy supply; Losses,1.06,1.06,1.06,1.06,1.06,1.06,1.06,1.06,1.06,1.06,1.06,1.06,1.06,1.06,1.06,1.06,1.06,1.06,1.06,1.06,1.06,1.06,1.06,1.06,1.06,1.06
CL-PFU,v3.0b1,current,World,Other kerosene,Total energy supply; Total final consumption; Industry; Mining and quarrying,1.06,1.06,1.06,1.06,1.06,1.06,1.06,1.06,1.06,1.06,1.06,1.06,1.06,1.06,1.06,1.06,1.06,1.06,1.06,1.06,1.06,1.06,1.06,1.06,1.06,1.06
CL-PFU,v3.0b1,current,World,Other kerosene,Total energy supply; Total final consumption; Industry; Construction,1.06,1.06,1.06,1.06,1.06,1.06,1.06,1.06,1.06,1.06,1.06,1.06,1.06,1.06,1.06,1.06,1.06,1.06,1.06,1.06,1.06,1.06,1.06,1.06,1.06,1.06
CL-PFU,v3.0b1,current,World,Other kerosene,Total energy supply; Total final consumption; Industry; Manufacturing; Iron and steel,1.06,1.06,1.06,1.06,1.06,1.06,1.06,1.06,1.06,1.06,1.06,1.06,1.06,1.06,1.06,1.06,1.06,1.06,1.06,1.06,1.06,1.06,1.06,1.06,1.06,1.06
CL-PFU,v3.0b1,current,World,Other kerosene,Total energy supply; Total final consumption; Industry; Manufacturing; Chemical and petrochemical,1.06,1.06,1.06,1.06,1.06,1.06,1.06,1.06,1.06,1.06,1.06,1.06,1.06,1.06,1.06,1.06,1.06,1.06,1.06,1.06,1.06,1.06,1.06,1.06,1.06,1.06
CL-PFU,v3.0b1,current,World,Other kerosene,Total energy supply; Total final consumption; Industry; Manufacturing; Non-ferrous metals,1.06,1.06,1.06,1.06,1.06,1.06,1.06,1.06,1.06,1.06,1.06,1.06,1.06,1.06,1.06,1.06,1.06,1.06,1.06,1.06,1.06,1.06,1.06,1.06,1.06,1.06
CL-PFU,v3.0b1,current,World,Other kerosene,Total energy supply; Total final consumption; Industry; Manufacturing; Non-metallic minerals,1.06,1.06,1.06,1.06,1.06,1.06,1.06,1.06,1.06,1.06,1.06,1.06,1.06,1.06,1.06,1.06,1.06,1.06,1.06,1.06,1.06,1.06,1.06,1.06,1.06,1.06
CL-PFU,v3.0b1,current,World,Other kerosene,Total energy supply; Total final consumption; Industry; Manufacturing; Transport equipment,1.06,1.06,1.06,1.06,1.06,1.06,1.06,1.06,1.06,1.06,1.06,1.06,1.06,1.06,1.06,1.06,1.06,1.06,1.06,1.06,1.06,1.06,1.06,1.06,1.06,1.06
CL-PFU,v3.0b1,current,World,Other kerosene,Total energy supply; Total final consumption; Industry; Manufacturing; Machinery,1.06,1.06,1.06,1.06,1.06,1.06,1.06,1.06,1.06,1.06,1.06,1.06,1.06,1.06,1.06,1.06,1.06,1.06,1.06,1.06,1.06,1.06,1.06,1.06,1.06,1.06
CL-PFU,v3.0b1,current,World,Other kerosene,Total energy supply; Total final consumption; Industry; Manufacturing; Food and tobacco,1.06,1.06,1.06,1.06,1.06,1.06,1.06,1.06,1.06,1.06,1.06,1.06,1.06,1.06,1.06,1.06,1.06,1.06,1.06,1.06,1.06,1.06,1.06,1.06,1.06,1.06
CL-PFU,v3.0b1,current,World,Other kerosene,"Total energy supply; Total final consumption; Industry; Manufacturing; Paper, pulp and printing",1.06,1.06,1.06,1.06,1.06,1.06,1.06,1.06,1.06,1.06,1.06,1.06,1.06,1.06,1.06,1.06,1.06,1.06,1.06,1.06,1.06,1.06,1.06,1.06,1.06,1.06
CL-PFU,v3.0b1,current,World,Other kerosene,Total energy supply; Total final consumption; Industry; Manufacturing; Wood and wood products,1.06,1.06,1.06,1.06,1.06,1.06,1.06,1.06,1.06,1.06,1.06,1.06,1.06,1.06,1.06,1.06,1.06,1.06,1.06,1.06,1.06,1.06,1.06,1.06,1.06,1.06
CL-PFU,v3.0b1,current,World,Other kerosene,Total energy supply; Total final consumption; Industry; Manufacturing; Textile and leather,1.06,1.06,1.06,1.06,1.06,1.06,1.06,1.06,1.06,1.06,1.06,1.06,1.06,1.06,1.06,1.06,1.06,1.06,1.06,1.06,1.06,1.06,1.06,1.06,1.06,1.06
CL-PFU,v3.0b1,current,World,Other kerosene,Total energy supply; Total final consumption; Industry; Industry not elsewhere specified,1.06,1.06,1.06,1.06,1.06,1.06,1.06,1.06,1.06,1.06,1.06,1.06,1.06,1.06,1.06,1.06,1.06,1.06,1.06,1.06,1.06,1.06,1.06,1.06,1.06,1.06
CL-PFU,v3.0b1,current,World,Other kerosene,Total energy supply; Total final consumption; Transport; World aviation bunkers,1.06,1.06,1.06,1.06,1.06,1.06,1.06,1.06,1.06,1.06,1.06,1.06,1.06,1.06,1.06,1.06,1.06,1.06,1.06,1.06,1.06,1.06,1.06,1.06,1.06,1.06
CL-PFU,v3.0b1,current,World,Other kerosene,Total energy supply; Total final consumption; Transport; Domestic aviation,1.06,1.06,1.06,1.06,1.06,1.06,1.06,1.06,1.06,1.06,1.06,1.06,1.06,1.06,1.06,1.06,1.06,1.06,1.06,1.06,1.06,1.06,1.06,1.06,1.06,1.06
CL-PFU,v3.0b1,current,World,Other kerosene,Total energy supply; Total final consumption; Transport; Road,1.06,1.06,1.06,1.06,1.06,1.06,1.06,1.06,1.06,1.06,1.06,1.06,1.06,1.06,1.06,1.06,1.06,1.06,1.06,1.06,1.06,1.06,1.06,1.06,1.06,1.06
CL-PFU,v3.0b1,current,World,Other kerosene,Total energy supply; Total final consumption; Transport; Rail,1.06,1.06,1.06,1.06,1.06,1.06,1.06,1.06,1.06,1.06,1.06,1.06,1.06,1.06,1.06,1.06,1.06,1.06,1.06,1.06,1.06,1.06,1.06,1.06,1.06,1.06
CL-PFU,v3.0b1,current,World,Other kerosene,Total energy supply; Total final consumption; Transport; Pipeline transport,1.06,1.06,1.06,1.06,1.06,1.06,1.06,1.06,1.06,1.06,1.06,1.06,1.06,1.06,1.06,1.06,1.06,1.06,1.06,1.06,1.06,1.06,1.06,1.06,1.06,1.06
CL-PFU,v3.0b1,current,World,Other kerosene,Total energy supply; Total final consumption; Transport; World marine bunkers,1.06,1.06,1.06,1.06,1.06,1.06,1.06,1.06,1.06,1.06,1.06,1.06,1.06,1.06,1.06,1.06,1.06,1.06,1.06,1.06,1.06,1.06,1.06,1.06,1.06,1.06
CL-PFU,v3.0b1,current,World,Other kerosene,Total energy supply; Total final consumption; Transport; Domestic navigation,1.06,1.06,1.06,1.06,1.06,1.06,1.06,1.06,1.06,1.06,1.06,1.06,1.06,1.06,1.06,1.06,1.06,1.06,1.06,1.06,1.06,1.06,1.06,1.06,1.06,1.06
CL-PFU,v3.0b1,current,World,Other kerosene,Total energy supply; Total final consumption; Transport; Transport not elsewhere specified,1.06,1.06,1.06,1.06,1.06,1.06,1.06,1.06,1.06,1.06,1.06,1.06,1.06,1.06,1.06,1.06,1.06,1.06,1.06,1.06,1.06,1.06,1.06,1.06,1.06,1.06
CL-PFU,v3.0b1,current,World,Other kerosene,Total energy supply; Total final consumption; Residential,1.06,1.06,1.06,1.06,1.06,1.06,1.06,1.06,1.06,1.06,1.06,1.06,1.06,1.06,1.06,1.06,1.06,1.06,1.06,1.06,1.06,1.06,1.06,1.06,1.06,1.06
CL-PFU,v3.0b1,current,World,Other kerosene,Total energy supply; Total final consumption; Commercial and public services,1.06,1.06,1.06,1.06,1.06,1.06,1.06,1.06,1.06,1.06,1.06,1.06,1.06,1.06,1.06,1.06,1.06,1.06,1.06,1.06,1.06,1.06,1.06,1.06,1.06,1.06
CL-PFU,v3.0b1,current,World,Other kerosene,Total energy supply; Total final consumption; Agriculture/forestry,1.06,1.06,1.06,1.06,1.06,1.06,1.06,1.06,1.06,1.06,1.06,1.06,1.06,1.06,1.06,1.06,1.06,1.06,1.06,1.06,1.06,1.06,1.06,1.06,1.06,1.06
CL-PFU,v3.0b1,current,World,Other kerosene,Total energy supply; Total final consumption; Fishing,1.06,1.06,1.06,1.06,1.06,1.06,1.06,1.06,1.06,1.06,1.06,1.06,1.06,1.06,1.06,1.06,1.06,1.06,1.06,1.06,1.06,1.06,1.06,1.06,1.06,1.06
CL-PFU,v3.0b1,current,World,Other kerosene,Total energy supply; Total final consumption; Final consumption not elsewhere specified,1.06,1.06,1.06,1.06,1.06,1.06,1.06,1.06,1.06,1.06,1.06,1.06,1.06,1.06,1.06,1.06,1.06,1.06,1.06,1.06,1.06,1.06,1.06,1.06,1.06,1.06
CL-PFU,v3.0b1,current,World,Other kerosene,Total energy supply; Total final consumption; Non-energy use; Non-energy use industry/transformation/energy,1.06,1.06,1.06,1.06,1.06,1.06,1.06,1.06,1.06,1.06,1.06,1.06,1.06,1.06,1.06,1.06,1.06,1.06,1.06,1.06,1.06,1.06,1.06,1.06,1.06,1.06
CL-PFU,v3.0b1,current,World,Other kerosene,Total energy supply; Total final consumption; Non-energy use; Non-energy use in transport,1.06,1.06,1.06,1.06,1.06,1.06,1.06,1.06,1.06,1.06,1.06,1.06,1.06,1.06,1.06,1.06,1.06,1.06,1.06,1.06,1.06,1.06,1.06,1.06,1.06,1.06
CL-PFU,v3.0b1,current,World,Other kerosene,Total energy supply; Total final consumption; Non-energy use; Non-energy use in other,1.06,1.06,1.06,1.06,1.06,1.06,1.06,1.06,1.06,1.06,1.06,1.06,1.06,1.06,1.06,1.06,1.06,1.06,1.06,1.06,1.06,1.06,1.06,1.06,1.06,1.06
CL-PFU,v3.0b1,current,World,Other liquid biofuels,Total energy supply; Energy industry own use; Coal mines,1.11,1.11,1.11,1.11,1.11,1.11,1.11,1.11,1.11,1.11,1.11,1.11,1.11,1.11,1.11,1.11,1.11,1.11,1.11,1.11,1.11,1.11,1.11,1.11,1.11,1.11
CL-PFU,v3.0b1,current,World,Other liquid biofuels,Total energy supply; Energy industry own use; Oil and gas extraction,1.11,1.11,1.11,1.11,1.11,1.11,1.11,1.11,1.11,1.11,1.11,1.11,1.11,1.11,1.11,1.11,1.11,1.11,1.11,1.11,1.11,1.11,1.11,1.11,1.11,1.11
CL-PFU,v3.0b1,current,World,Other liquid biofuels,Total energy supply; Energy industry own use; Blast furnaces,1.11,1.11,1.11,1.11,1.11,1.11,1.11,1.11,1.11,1.11,1.11,1.11,1.11,1.11,1.11,1.11,1.11,1.11,1.11,1.11,1.11,1.11,1.11,1.11,1.11,1.11
CL-PFU,v3.0b1,current,World,Other liquid biofuels,Total energy supply; Energy industry own use; Gas works,1.11,1.11,1.11,1.11,1.11,1.11,1.11,1.11,1.11,1.11,1.11,1.11,1.11,1.11,1.11,1.11,1.11,1.11,1.11,1.11,1.11,1.11,1.11,1.11,1.11,1.11
CL-PFU,v3.0b1,current,World,Other liquid biofuels,Total energy supply; Energy industry own use; Gasification plants for biogases,1.11,1.11,1.11,1.11,1.11,1.11,1.11,1.11,1.11,1.11,1.11,1.11,1.11,1.11,1.11,1.11,1.11,1.11,1.11,1.11,1.11,1.11,1.11,1.11,1.11,1.11
CL-PFU,v3.0b1,current,World,Other liquid biofuels,Total energy supply; Energy industry own use; Coke ovens,1.11,1.11,1.11,1.11,1.11,1.11,1.11,1.11,1.11,1.11,1.11,1.11,1.11,1.11,1.11,1.11,1.11,1.11,1.11,1.11,1.11,1.11,1.11,1.11,1.11,1.11
CL-PFU,v3.0b1,current,World,Other liquid biofuels,Total energy supply; Energy industry own use; Patent fuel plants,1.11,1.11,1.11,1.11,1.11,1.11,1.11,1.11,1.11,1.11,1.11,1.11,1.11,1.11,1.11,1.11,1.11,1.11,1.11,1.11,1.11,1.11,1.11,1.11,1.11,1.11
CL-PFU,v3.0b1,current,World,Other liquid biofuels,Total energy supply; Energy industry own use; BKB/peat briquette plants,1.11,1.11,1.11,1.11,1.11,1.11,1.11,1.11,1.11,1.11,1.11,1.11,1.11,1.11,1.11,1.11,1.11,1.11,1.11,1.11,1.11,1.11,1.11,1.11,1.11,1.11
CL-PFU,v3.0b1,current,World,Other liquid biofuels,Total energy supply; Energy industry own use; Oil refineries,1.11,1.11,1.11,1.11,1.11,1.11,1.11,1.11,1.11,1.11,1.11,1.11,1.11,1.11,1.11,1.11,1.11,1.11,1.11,1.11,1.11,1.11,1.11,1.11,1.11,1.11
CL-PFU,v3.0b1,current,World,Other liquid biofuels,Total energy supply; Energy industry own use; Coal liquefaction plants,1.11,1.11,1.11,1.11,1.11,1.11,1.11,1.11,1.11,1.11,1.11,1.11,1.11,1.11,1.11,1.11,1.11,1.11,1.11,1.11,1.11,1.11,1.11,1.11,1.11,1.11
CL-PFU,v3.0b1,current,World,Other liquid biofuels,Total energy supply; Energy industry own use; Liquefaction (LNG) / regasification plants,1.11,1.11,1.11,1.11,1.11,1.11,1.11,1.11,1.11,1.11,1.11,1.11,1.11,1.11,1.11,1.11,1.11,1.11,1.11,1.11,1.11,1.11,1.11,1.11,1.11,1.11
CL-PFU,v3.0b1,current,World,Other liquid biofuels,Total energy supply; Energy industry own use; Gas-to-liquids (GTL) plants,1.11,1.11,1.11,1.11,1.11,1.11,1.11,1.11,1.11,1.11,1.11,1.11,1.11,1.11,1.11,1.11,1.11,1.11,1.11,1.11,1.11,1.11,1.11,1.11,1.11,1.11
CL-PFU,v3.0b1,current,World,Other liquid biofuels,"Total energy supply; Energy industry own use; Own use in electricity, CHP and heat plants",1.11,1.11,1.11,1.11,1.11,1.11,1.11,1.11,1.11,1.11,1.11,1.11,1.11,1.11,1.11,1.11,1.11,1.11,1.11,1.11,1.11,1.11,1.11,1.11,1.11,1.11
CL-PFU,v3.0b1,current,World,Other liquid biofuels,Total energy supply; Energy industry own use; Pumped storage plants,1.11,1.11,1.11,1.11,1.11,1.11,1.11,1.11,1.11,1.11,1.11,1.11,1.11,1.11,1.11,1.11,1.11,1.11,1.11,1.11,1.11,1.11,1.11,1.11,1.11,1.11
CL-PFU,v3.0b1,current,World,Other liquid biofuels,Total energy supply; Energy industry own use; Nuclear industry,1.11,1.11,1.11,1.11,1.11,1.11,1.11,1.11,1.11,1.11,1.11,1.11,1.11,1.11,1.11,1.11,1.11,1.11,1.11,1.11,1.11,1.11,1.11,1.11,1.11,1.11
CL-PFU,v3.0b1,current,World,Other liquid biofuels,Total energy supply; Energy industry own use; Charcoal production plants,1.11,1.11,1.11,1.11,1.11,1.11,1.11,1.11,1.11,1.11,1.11,1.11,1.11,1.11,1.11,1.11,1.11,1.11,1.11,1.11,1.11,1.11,1.11,1.11,1.11,1.11
CL-PFU,v3.0b1,current,World,Other liquid biofuels,Total energy supply; Energy industry own use; Non-specified (energy),1.11,1.11,1.11,1.11,1.11,1.11,1.11,1.11,1.11,1.11,1.11,1.11,1.11,1.11,1.11,1.11,1.11,1.11,1.11,1.11,1.11,1.11,1.11,1.11,1.11,1.11
CL-PFU,v3.0b1,current,World,Other liquid biofuels,Total energy supply; Losses,1.11,1.11,1.11,1.11,1.11,1.11,1.11,1.11,1.11,1.11,1.11,1.11,1.11,1.11,1.11,1.11,1.11,1.11,1.11,1.11,1.11,1.11,1.11,1.11,1.11,1.11
CL-PFU,v3.0b1,current,World,Other liquid biofuels,Total energy supply; Total final consumption; Industry; Mining and quarrying,1.11,1.11,1.11,1.11,1.11,1.11,1.11,1.11,1.11,1.11,1.11,1.11,1.11,1.11,1.11,1.11,1.11,1.11,1.11,1.11,1.11,1.11,1.11,1.11,1.11,1.11
CL-PFU,v3.0b1,current,World,Other liquid biofuels,Total energy supply; Total final consumption; Industry; Construction,1.11,1.11,1.11,1.11,1.11,1.11,1.11,1.11,1.11,1.11,1.11,1.11,1.11,1.11,1.11,1.11,1.11,1.11,1.11,1.11,1.11,1.11,1.11,1.11,1.11,1.11
CL-PFU,v3.0b1,current,World,Other liquid biofuels,Total energy supply; Total final consumption; Industry; Manufacturing; Iron and steel,1.11,1.11,1.11,1.11,1.11,1.11,1.11,1.11,1.11,1.11,1.11,1.11,1.11,1.11,1.11,1.11,1.11,1.11,1.11,1.11,1.11,1.11,1.11,1.11,1.11,1.11
CL-PFU,v3.0b1,current,World,Other liquid biofuels,Total energy supply; Total final consumption; Industry; Manufacturing; Chemical and petrochemical,1.11,1.11,1.11,1.11,1.11,1.11,1.11,1.11,1.11,1.11,1.11,1.11,1.11,1.11,1.11,1.11,1.11,1.11,1.11,1.11,1.11,1.11,1.11,1.11,1.11,1.11
CL-PFU,v3.0b1,current,World,Other liquid biofuels,Total energy supply; Total final consumption; Industry; Manufacturing; Non-ferrous metals,1.11,1.11,1.11,1.11,1.11,1.11,1.11,1.11,1.11,1.11,1.11,1.11,1.11,1.11,1.11,1.11,1.11,1.11,1.11,1.11,1.11,1.11,1.11,1.11,1.11,1.11
CL-PFU,v3.0b1,current,World,Other liquid biofuels,Total energy supply; Total final consumption; Industry; Manufacturing; Non-metallic minerals,1.11,1.11,1.11,1.11,1.11,1.11,1.11,1.11,1.11,1.11,1.11,1.11,1.11,1.11,1.11,1.11,1.11,1.11,1.11,1.11,1.11,1.11,1.11,1.11,1.11,1.11
CL-PFU,v3.0b1,current,World,Other liquid biofuels,Total energy supply; Total final consumption; Industry; Manufacturing; Transport equipment,1.11,1.11,1.11,1.11,1.11,1.11,1.11,1.11,1.11,1.11,1.11,1.11,1.11,1.11,1.11,1.11,1.11,1.11,1.11,1.11,1.11,1.11,1.11,1.11,1.11,1.11
CL-PFU,v3.0b1,current,World,Other liquid biofuels,Total energy supply; Total final consumption; Industry; Manufacturing; Machinery,1.11,1.11,1.11,1.11,1.11,1.11,1.11,1.11,1.11,1.11,1.11,1.11,1.11,1.11,1.11,1.11,1.11,1.11,1.11,1.11,1.11,1.11,1.11,1.11,1.11,1.11
CL-PFU,v3.0b1,current,World,Other liquid biofuels,Total energy supply; Total final consumption; Industry; Manufacturing; Food and tobacco,1.11,1.11,1.11,1.11,1.11,1.11,1.11,1.11,1.11,1.11,1.11,1.11,1.11,1.11,1.11,1.11,1.11,1.11,1.11,1.11,1.11,1.11,1.11,1.11,1.11,1.11
CL-PFU,v3.0b1,current,World,Other liquid biofuels,"Total energy supply; Total final consumption; Industry; Manufacturing; Paper, pulp and printing",1.11,1.11,1.11,1.11,1.11,1.11,1.11,1.11,1.11,1.11,1.11,1.11,1.11,1.11,1.11,1.11,1.11,1.11,1.11,1.11,1.11,1.11,1.11,1.11,1.11,1.11
CL-PFU,v3.0b1,current,World,Other liquid biofuels,Total energy supply; Total final consumption; Industry; Manufacturing; Wood and wood products,1.11,1.11,1.11,1.11,1.11,1.11,1.11,1.11,1.11,1.11,1.11,1.11,1.11,1.11,1.11,1.11,1.11,1.11,1.11,1.11,1.11,1.11,1.11,1.11,1.11,1.11
CL-PFU,v3.0b1,current,World,Other liquid biofuels,Total energy supply; Total final consumption; Industry; Manufacturing; Textile and leather,1.11,1.11,1.11,1.11,1.11,1.11,1.11,1.11,1.11,1.11,1.11,1.11,1.11,1.11,1.11,1.11,1.11,1.11,1.11,1.11,1.11,1.11,1.11,1.11,1.11,1.11
CL-PFU,v3.0b1,current,World,Other liquid biofuels,Total energy supply; Total final consumption; Industry; Industry not elsewhere specified,1.11,1.11,1.11,1.11,1.11,1.11,1.11,1.11,1.11,1.11,1.11,1.11,1.11,1.11,1.11,1.11,1.11,1.11,1.11,1.11,1.11,1.11,1.11,1.11,1.11,1.11
CL-PFU,v3.0b1,current,World,Other liquid biofuels,Total energy supply; Total final consumption; Transport; World aviation bunkers,1.11,1.11,1.11,1.11,1.11,1.11,1.11,1.11,1.11,1.11,1.11,1.11,1.11,1.11,1.11,1.11,1.11,1.11,1.11,1.11,1.11,1.11,1.11,1.11,1.11,1.11
CL-PFU,v3.0b1,current,World,Other liquid biofuels,Total energy supply; Total final consumption; Transport; Domestic aviation,1.11,1.11,1.11,1.11,1.11,1.11,1.11,1.11,1.11,1.11,1.11,1.11,1.11,1.11,1.11,1.11,1.11,1.11,1.11,1.11,1.11,1.11,1.11,1.11,1.11,1.11
CL-PFU,v3.0b1,current,World,Other liquid biofuels,Total energy supply; Total final consumption; Transport; Road,1.11,1.11,1.11,1.11,1.11,1.11,1.11,1.11,1.11,1.11,1.11,1.11,1.11,1.11,1.11,1.11,1.11,1.11,1.11,1.11,1.11,1.11,1.11,1.11,1.11,1.11
CL-PFU,v3.0b1,current,World,Other liquid biofuels,Total energy supply; Total final consumption; Transport; Rail,1.11,1.11,1.11,1.11,1.11,1.11,1.11,1.11,1.11,1.11,1.11,1.11,1.11,1.11,1.11,1.11,1.11,1.11,1.11,1.11,1.11,1.11,1.11,1.11,1.11,1.11
CL-PFU,v3.0b1,current,World,Other liquid biofuels,Total energy supply; Total final consumption; Transport; Pipeline transport,1.11,1.11,1.11,1.11,1.11,1.11,1.11,1.11,1.11,1.11,1.11,1.11,1.11,1.11,1.11,1.11,1.11,1.11,1.11,1.11,1.11,1.11,1.11,1.11,1.11,1.11
CL-PFU,v3.0b1,current,World,Other liquid biofuels,Total energy supply; Total final consumption; Transport; World marine bunkers,1.11,1.11,1.11,1.11,1.11,1.11,1.11,1.11,1.11,1.11,1.11,1.11,1.11,1.11,1.11,1.11,1.11,1.11,1.11,1.11,1.11,1.11,1.11,1.11,1.11,1.11
CL-PFU,v3.0b1,current,World,Other liquid biofuels,Total energy supply; Total final consumption; Transport; Domestic navigation,1.11,1.11,1.11,1.11,1.11,1.11,1.11,1.11,1.11,1.11,1.11,1.11,1.11,1.11,1.11,1.11,1.11,1.11,1.11,1.11,1.11,1.11,1.11,1.11,1.11,1.11
CL-PFU,v3.0b1,current,World,Other liquid biofuels,Total energy supply; Total final consumption; Transport; Transport not elsewhere specified,1.11,1.11,1.11,1.11,1.11,1.11,1.11,1.11,1.11,1.11,1.11,1.11,1.11,1.11,1.11,1.11,1.11,1.11,1.11,1.11,1.11,1.11,1.11,1.11,1.11,1.11
CL-PFU,v3.0b1,current,World,Other liquid biofuels,Total energy supply; Total final consumption; Residential,1.11,1.11,1.11,1.11,1.11,1.11,1.11,1.11,1.11,1.11,1.11,1.11,1.11,1.11,1.11,1.11,1.11,1.11,1.11,1.11,1.11,1.11,1.11,1.11,1.11,1.11
CL-PFU,v3.0b1,current,World,Other liquid biofuels,Total energy supply; Total final consumption; Commercial and public services,1.11,1.11,1.11,1.11,1.11,1.11,1.11,1.11,1.11,1.11,1.11,1.11,1.11,1.11,1.11,1.11,1.11,1.11,1.11,1.11,1.11,1.11,1.11,1.11,1.11,1.11
CL-PFU,v3.0b1,current,World,Other liquid biofuels,Total energy supply; Total final consumption; Agriculture/forestry,1.11,1.11,1.11,1.11,1.11,1.11,1.11,1.11,1.11,1.11,1.11,1.11,1.11,1.11,1.11,1.11,1.11,1.11,1.11,1.11,1.11,1.11,1.11,1.11,1.11,1.11
CL-PFU,v3.0b1,current,World,Other liquid biofuels,Total energy supply; Total final consumption; Fishing,1.11,1.11,1.11,1.11,1.11,1.11,1.11,1.11,1.11,1.11,1.11,1.11,1.11,1.11,1.11,1.11,1.11,1.11,1.11,1.11,1.11,1.11,1.11,1.11,1.11,1.11
CL-PFU,v3.0b1,current,World,Other liquid biofuels,Total energy supply; Total final consumption; Final consumption not elsewhere specified,1.11,1.11,1.11,1.11,1.11,1.11,1.11,1.11,1.11,1.11,1.11,1.11,1.11,1.11,1.11,1.11,1.11,1.11,1.11,1.11,1.11,1.11,1.11,1.11,1.11,1.11
CL-PFU,v3.0b1,current,World,Other liquid biofuels,Total energy supply; Total final consumption; Non-energy use; Non-energy use industry/transformation/energy,1.11,1.11,1.11,1.11,1.11,1.11,1.11,1.11,1.11,1.11,1.11,1.11,1.11,1.11,1.11,1.11,1.11,1.11,1.11,1.11,1.11,1.11,1.11,1.11,1.11,1.11
CL-PFU,v3.0b1,current,World,Other liquid biofuels,Total energy supply; Total final consumption; Non-energy use; Non-energy use in transport,1.11,1.11,1.11,1.11,1.11,1.11,1.11,1.11,1.11,1.11,1.11,1.11,1.11,1.11,1.11,1.11,1.11,1.11,1.11,1.11,1.11,1.11,1.11,1.11,1.11,1.11
CL-PFU,v3.0b1,current,World,Other liquid biofuels,Total energy supply; Total final consumption; Non-energy use; Non-energy use in other,1.11,1.11,1.11,1.11,1.11,1.11,1.11,1.11,1.11,1.11,1.11,1.11,1.11,1.11,1.11,1.11,1.11,1.11,1.11,1.11,1.11,1.11,1.11,1.11,1.11,1.11
CL-PFU,v3.0b1,current,World,Other oil products,Total energy supply; Energy industry own use; Coal mines,1.06,1.06,1.06,1.06,1.06,1.06,1.06,1.06,1.06,1.06,1.06,1.06,1.06,1.06,1.06,1.06,1.06,1.06,1.06,1.06,1.06,1.06,1.06,1.06,1.06,1.06
CL-PFU,v3.0b1,current,World,Other oil products,Total energy supply; Energy industry own use; Oil and gas extraction,1.06,1.06,1.06,1.06,1.06,1.06,1.06,1.06,1.06,1.06,1.06,1.06,1.06,1.06,1.06,1.06,1.06,1.06,1.06,1.06,1.06,1.06,1.06,1.06,1.06,1.06
CL-PFU,v3.0b1,current,World,Other oil products,Total energy supply; Energy industry own use; Blast furnaces,1.06,1.06,1.06,1.06,1.06,1.06,1.06,1.06,1.06,1.06,1.06,1.06,1.06,1.06,1.06,1.06,1.06,1.06,1.06,1.06,1.06,1.06,1.06,1.06,1.06,1.06
CL-PFU,v3.0b1,current,World,Other oil products,Total energy supply; Energy industry own use; Gas works,1.06,1.06,1.06,1.06,1.06,1.06,1.06,1.06,1.06,1.06,1.06,1.06,1.06,1.06,1.06,1.06,1.06,1.06,1.06,1.06,1.06,1.06,1.06,1.06,1.06,1.06
CL-PFU,v3.0b1,current,World,Other oil products,Total energy supply; Energy industry own use; Gasification plants for biogases,1.06,1.06,1.06,1.06,1.06,1.06,1.06,1.06,1.06,1.06,1.06,1.06,1.06,1.06,1.06,1.06,1.06,1.06,1.06,1.06,1.06,1.06,1.06,1.06,1.06,1.06
CL-PFU,v3.0b1,current,World,Other oil products,Total energy supply; Energy industry own use; Coke ovens,1.06,1.06,1.06,1.06,1.06,1.06,1.06,1.06,1.06,1.06,1.06,1.06,1.06,1.06,1.06,1.06,1.06,1.06,1.06,1.06,1.06,1.06,1.06,1.06,1.06,1.06
CL-PFU,v3.0b1,current,World,Other oil products,Total energy supply; Energy industry own use; Patent fuel plants,1.06,1.06,1.06,1.06,1.06,1.06,1.06,1.06,1.06,1.06,1.06,1.06,1.06,1.06,1.06,1.06,1.06,1.06,1.06,1.06,1.06,1.06,1.06,1.06,1.06,1.06
CL-PFU,v3.0b1,current,World,Other oil products,Total energy supply; Energy industry own use; BKB/peat briquette plants,1.06,1.06,1.06,1.06,1.06,1.06,1.06,1.06,1.06,1.06,1.06,1.06,1.06,1.06,1.06,1.06,1.06,1.06,1.06,1.06,1.06,1.06,1.06,1.06,1.06,1.06
CL-PFU,v3.0b1,current,World,Other oil products,Total energy supply; Energy industry own use; Oil refineries,1.06,1.06,1.06,1.06,1.06,1.06,1.06,1.06,1.06,1.06,1.06,1.06,1.06,1.06,1.06,1.06,1.06,1.06,1.06,1.06,1.06,1.06,1.06,1.06,1.06,1.06
CL-PFU,v3.0b1,current,World,Other oil products,Total energy supply; Energy industry own use; Coal liquefaction plants,1.06,1.06,1.06,1.06,1.06,1.06,1.06,1.06,1.06,1.06,1.06,1.06,1.06,1.06,1.06,1.06,1.06,1.06,1.06,1.06,1.06,1.06,1.06,1.06,1.06,1.06
CL-PFU,v3.0b1,current,World,Other oil products,Total energy supply; Energy industry own use; Liquefaction (LNG) / regasification plants,1.06,1.06,1.06,1.06,1.06,1.06,1.06,1.06,1.06,1.06,1.06,1.06,1.06,1.06,1.06,1.06,1.06,1.06,1.06,1.06,1.06,1.06,1.06,1.06,1.06,1.06
CL-PFU,v3.0b1,current,World,Other oil products,Total energy supply; Energy industry own use; Gas-to-liquids (GTL) plants,1.06,1.06,1.06,1.06,1.06,1.06,1.06,1.06,1.06,1.06,1.06,1.06,1.06,1.06,1.06,1.06,1.06,1.06,1.06,1.06,1.06,1.06,1.06,1.06,1.06,1.06
CL-PFU,v3.0b1,current,World,Other oil products,"Total energy supply; Energy industry own use; Own use in electricity, CHP and heat plants",1.06,1.06,1.06,1.06,1.06,1.06,1.06,1.06,1.06,1.06,1.06,1.06,1.06,1.06,1.06,1.06,1.06,1.06,1.06,1.06,1.06,1.06,1.06,1.06,1.06,1.06
CL-PFU,v3.0b1,current,World,Other oil products,Total energy supply; Energy industry own use; Pumped storage plants,1.06,1.06,1.06,1.06,1.06,1.06,1.06,1.06,1.06,1.06,1.06,1.06,1.06,1.06,1.06,1.06,1.06,1.06,1.06,1.06,1.06,1.06,1.06,1.06,1.06,1.06
CL-PFU,v3.0b1,current,World,Other oil products,Total energy supply; Energy industry own use; Nuclear industry,1.06,1.06,1.06,1.06,1.06,1.06,1.06,1.06,1.06,1.06,1.06,1.06,1.06,1.06,1.06,1.06,1.06,1.06,1.06,1.06,1.06,1.06,1.06,1.06,1.06,1.06
CL-PFU,v3.0b1,current,World,Other oil products,Total energy supply; Energy industry own use; Charcoal production plants,1.06,1.06,1.06,1.06,1.06,1.06,1.06,1.06,1.06,1.06,1.06,1.06,1.06,1.06,1.06,1.06,1.06,1.06,1.06,1.06,1.06,1.06,1.06,1.06,1.06,1.06
CL-PFU,v3.0b1,current,World,Other oil products,Total energy supply; Energy industry own use; Non-specified (energy),1.06,1.06,1.06,1.06,1.06,1.06,1.06,1.06,1.06,1.06,1.06,1.06,1.06,1.06,1.06,1.06,1.06,1.06,1.06,1.06,1.06,1.06,1.06,1.06,1.06,1.06
CL-PFU,v3.0b1,current,World,Other oil products,Total energy supply; Losses,1.06,1.06,1.06,1.06,1.06,1.06,1.06,1.06,1.06,1.06,1.06,1.06,1.06,1.06,1.06,1.06,1.06,1.06,1.06,1.06,1.06,1.06,1.06,1.06,1.06,1.06
CL-PFU,v3.0b1,current,World,Other oil products,Total energy supply; Total final consumption; Industry; Mining and quarrying,1.06,1.06,1.06,1.06,1.06,1.06,1.06,1.06,1.06,1.06,1.06,1.06,1.06,1.06,1.06,1.06,1.06,1.06,1.06,1.06,1.06,1.06,1.06,1.06,1.06,1.06
CL-PFU,v3.0b1,current,World,Other oil products,Total energy supply; Total final consumption; Industry; Construction,1.06,1.06,1.06,1.06,1.06,1.06,1.06,1.06,1.06,1.06,1.06,1.06,1.06,1.06,1.06,1.06,1.06,1.06,1.06,1.06,1.06,1.06,1.06,1.06,1.06,1.06
CL-PFU,v3.0b1,current,World,Other oil products,Total energy supply; Total final consumption; Industry; Manufacturing; Iron and steel,1.06,1.06,1.06,1.06,1.06,1.06,1.06,1.06,1.06,1.06,1.06,1.06,1.06,1.06,1.06,1.06,1.06,1.06,1.06,1.06,1.06,1.06,1.06,1.06,1.06,1.06
CL-PFU,v3.0b1,current,World,Other oil products,Total energy supply; Total final consumption; Industry; Manufacturing; Chemical and petrochemical,1.06,1.06,1.06,1.06,1.06,1.06,1.06,1.06,1.06,1.06,1.06,1.06,1.06,1.06,1.06,1.06,1.06,1.06,1.06,1.06,1.06,1.06,1.06,1.06,1.06,1.06
CL-PFU,v3.0b1,current,World,Other oil products,Total energy supply; Total final consumption; Industry; Manufacturing; Non-ferrous metals,1.06,1.06,1.06,1.06,1.06,1.06,1.06,1.06,1.06,1.06,1.06,1.06,1.06,1.06,1.06,1.06,1.06,1.06,1.06,1.06,1.06,1.06,1.06,1.06,1.06,1.06
CL-PFU,v3.0b1,current,World,Other oil products,Total energy supply; Total final consumption; Industry; Manufacturing; Non-metallic minerals,1.06,1.06,1.06,1.06,1.06,1.06,1.06,1.06,1.06,1.06,1.06,1.06,1.06,1.06,1.06,1.06,1.06,1.06,1.06,1.06,1.06,1.06,1.06,1.06,1.06,1.06
CL-PFU,v3.0b1,current,World,Other oil products,Total energy supply; Total final consumption; Industry; Manufacturing; Transport equipment,1.06,1.06,1.06,1.06,1.06,1.06,1.06,1.06,1.06,1.06,1.06,1.06,1.06,1.06,1.06,1.06,1.06,1.06,1.06,1.06,1.06,1.06,1.06,1.06,1.06,1.06
CL-PFU,v3.0b1,current,World,Other oil products,Total energy supply; Total final consumption; Industry; Manufacturing; Machinery,1.06,1.06,1.06,1.06,1.06,1.06,1.06,1.06,1.06,1.06,1.06,1.06,1.06,1.06,1.06,1.06,1.06,1.06,1.06,1.06,1.06,1.06,1.06,1.06,1.06,1.06
CL-PFU,v3.0b1,current,World,Other oil products,Total energy supply; Total final consumption; Industry; Manufacturing; Food and tobacco,1.06,1.06,1.06,1.06,1.06,1.06,1.06,1.06,1.06,1.06,1.06,1.06,1.06,1.06,1.06,1.06,1.06,1.06,1.06,1.06,1.06,1.06,1.06,1.06,1.06,1.06
CL-PFU,v3.0b1,current,World,Other oil products,"Total energy supply; Total final consumption; Industry; Manufacturing; Paper, pulp and printing",1.06,1.06,1.06,1.06,1.06,1.06,1.06,1.06,1.06,1.06,1.06,1.06,1.06,1.06,1.06,1.06,1.06,1.06,1.06,1.06,1.06,1.06,1.06,1.06,1.06,1.06
CL-PFU,v3.0b1,current,World,Other oil products,Total energy supply; Total final consumption; Industry; Manufacturing; Wood and wood products,1.06,1.06,1.06,1.06,1.06,1.06,1.06,1.06,1.06,1.06,1.06,1.06,1.06,1.06,1.06,1.06,1.06,1.06,1.06,1.06,1.06,1.06,1.06,1.06,1.06,1.06
CL-PFU,v3.0b1,current,World,Other oil products,Total energy supply; Total final consumption; Industry; Manufacturing; Textile and leather,1.06,1.06,1.06,1.06,1.06,1.06,1.06,1.06,1.06,1.06,1.06,1.06,1.06,1.06,1.06,1.06,1.06,1.06,1.06,1.06,1.06,1.06,1.06,1.06,1.06,1.06
CL-PFU,v3.0b1,current,World,Other oil products,Total energy supply; Total final consumption; Industry; Industry not elsewhere specified,1.06,1.06,1.06,1.06,1.06,1.06,1.06,1.06,1.06,1.06,1.06,1.06,1.06,1.06,1.06,1.06,1.06,1.06,1.06,1.06,1.06,1.06,1.06,1.06,1.06,1.06
CL-PFU,v3.0b1,current,World,Other oil products,Total energy supply; Total final consumption; Transport; World aviation bunkers,1.06,1.06,1.06,1.06,1.06,1.06,1.06,1.06,1.06,1.06,1.06,1.06,1.06,1.06,1.06,1.06,1.06,1.06,1.06,1.06,1.06,1.06,1.06,1.06,1.06,1.06
CL-PFU,v3.0b1,current,World,Other oil products,Total energy supply; Total final consumption; Transport; Domestic aviation,1.06,1.06,1.06,1.06,1.06,1.06,1.06,1.06,1.06,1.06,1.06,1.06,1.06,1.06,1.06,1.06,1.06,1.06,1.06,1.06,1.06,1.06,1.06,1.06,1.06,1.06
CL-PFU,v3.0b1,current,World,Other oil products,Total energy supply; Total final consumption; Transport; Road,1.06,1.06,1.06,1.06,1.06,1.06,1.06,1.06,1.06,1.06,1.06,1.06,1.06,1.06,1.06,1.06,1.06,1.06,1.06,1.06,1.06,1.06,1.06,1.06,1.06,1.06
CL-PFU,v3.0b1,current,World,Other oil products,Total energy supply; Total final consumption; Transport; Rail,1.06,1.06,1.06,1.06,1.06,1.06,1.06,1.06,1.06,1.06,1.06,1.06,1.06,1.06,1.06,1.06,1.06,1.06,1.06,1.06,1.06,1.06,1.06,1.06,1.06,1.06
CL-PFU,v3.0b1,current,World,Other oil products,Total energy supply; Total final consumption; Transport; Pipeline transport,1.06,1.06,1.06,1.06,1.06,1.06,1.06,1.06,1.06,1.06,1.06,1.06,1.06,1.06,1.06,1.06,1.06,1.06,1.06,1.06,1.06,1.06,1.06,1.06,1.06,1.06
CL-PFU,v3.0b1,current,World,Other oil products,Total energy supply; Total final consumption; Transport; World marine bunkers,1.06,1.06,1.06,1.06,1.06,1.06,1.06,1.06,1.06,1.06,1.06,1.06,1.06,1.06,1.06,1.06,1.06,1.06,1.06,1.06,1.06,1.06,1.06,1.06,1.06,1.06
CL-PFU,v3.0b1,current,World,Other oil products,Total energy supply; Total final consumption; Transport; Domestic navigation,1.06,1.06,1.06,1.06,1.06,1.06,1.06,1.06,1.06,1.06,1.06,1.06,1.06,1.06,1.06,1.06,1.06,1.06,1.06,1.06,1.06,1.06,1.06,1.06,1.06,1.06
CL-PFU,v3.0b1,current,World,Other oil products,Total energy supply; Total final consumption; Transport; Transport not elsewhere specified,1.06,1.06,1.06,1.06,1.06,1.06,1.06,1.06,1.06,1.06,1.06,1.06,1.06,1.06,1.06,1.06,1.06,1.06,1.06,1.06,1.06,1.06,1.06,1.06,1.06,1.06
CL-PFU,v3.0b1,current,World,Other oil products,Total energy supply; Total final consumption; Residential,1.06,1.06,1.06,1.06,1.06,1.06,1.06,1.06,1.06,1.06,1.06,1.06,1.06,1.06,1.06,1.06,1.06,1.06,1.06,1.06,1.06,1.06,1.06,1.06,1.06,1.06
CL-PFU,v3.0b1,current,World,Other oil products,Total energy supply; Total final consumption; Commercial and public services,1.06,1.06,1.06,1.06,1.06,1.06,1.06,1.06,1.06,1.06,1.06,1.06,1.06,1.06,1.06,1.06,1.06,1.06,1.06,1.06,1.06,1.06,1.06,1.06,1.06,1.06
CL-PFU,v3.0b1,current,World,Other oil products,Total energy supply; Total final consumption; Agriculture/forestry,1.06,1.06,1.06,1.06,1.06,1.06,1.06,1.06,1.06,1.06,1.06,1.06,1.06,1.06,1.06,1.06,1.06,1.06,1.06,1.06,1.06,1.06,1.06,1.06,1.06,1.06
CL-PFU,v3.0b1,current,World,Other oil products,Total energy supply; Total final consumption; Fishing,1.06,1.06,1.06,1.06,1.06,1.06,1.06,1.06,1.06,1.06,1.06,1.06,1.06,1.06,1.06,1.06,1.06,1.06,1.06,1.06,1.06,1.06,1.06,1.06,1.06,1.06
CL-PFU,v3.0b1,current,World,Other oil products,Total energy supply; Total final consumption; Final consumption not elsewhere specified,1.06,1.06,1.06,1.06,1.06,1.06,1.06,1.06,1.06,1.06,1.06,1.06,1.06,1.06,1.06,1.06,1.06,1.06,1.06,1.06,1.06,1.06,1.06,1.06,1.06,1.06
CL-PFU,v3.0b1,current,World,Other oil products,Total energy supply; Total final consumption; Non-energy use; Non-energy use industry/transformation/energy,1.06,1.06,1.06,1.06,1.06,1.06,1.06,1.06,1.06,1.06,1.06,1.06,1.06,1.06,1.06,1.06,1.06,1.06,1.06,1.06,1.06,1.06,1.06,1.06,1.06,1.06
CL-PFU,v3.0b1,current,World,Other oil products,Total energy supply; Total final consumption; Non-energy use; Non-energy use in transport,1.06,1.06,1.06,1.06,1.06,1.06,1.06,1.06,1.06,1.06,1.06,1.06,1.06,1.06,1.06,1.06,1.06,1.06,1.06,1.06,1.06,1.06,1.06,1.06,1.06,1.06
CL-PFU,v3.0b1,current,World,Other oil products,Total energy supply; Total final consumption; Non-energy use; Non-energy use in other,1.06,1.06,1.06,1.06,1.06,1.06,1.06,1.06,1.06,1.06,1.06,1.06,1.06,1.06,1.06,1.06,1.06,1.06,1.06,1.06,1.06,1.06,1.06,1.06,1.06,1.06
CL-PFU,v3.0b1,current,World,Other recovered gases,Total energy supply; Energy industry own use; Coal mines,1.04,1.04,1.04,1.04,1.04,1.04,1.04,1.04,1.04,1.04,1.04,1.04,1.04,1.04,1.04,1.04,1.04,1.04,1.04,1.04,1.04,1.04,1.04,1.04,1.04,1.04
CL-PFU,v3.0b1,current,World,Other recovered gases,Total energy supply; Energy industry own use; Oil and gas extraction,1.04,1.04,1.04,1.04,1.04,1.04,1.04,1.04,1.04,1.04,1.04,1.04,1.04,1.04,1.04,1.04,1.04,1.04,1.04,1.04,1.04,1.04,1.04,1.04,1.04,1.04
CL-PFU,v3.0b1,current,World,Other recovered gases,Total energy supply; Energy industry own use; Blast furnaces,1.04,1.04,1.04,1.04,1.04,1.04,1.04,1.04,1.04,1.04,1.04,1.04,1.04,1.04,1.04,1.04,1.04,1.04,1.04,1.04,1.04,1.04,1.04,1.04,1.04,1.04
CL-PFU,v3.0b1,current,World,Other recovered gases,Total energy supply; Energy industry own use; Gas works,1.04,1.04,1.04,1.04,1.04,1.04,1.04,1.04,1.04,1.04,1.04,1.04,1.04,1.04,1.04,1.04,1.04,1.04,1.04,1.04,1.04,1.04,1.04,1.04,1.04,1.04
CL-PFU,v3.0b1,current,World,Other recovered gases,Total energy supply; Energy industry own use; Gasification plants for biogases,1.04,1.04,1.04,1.04,1.04,1.04,1.04,1.04,1.04,1.04,1.04,1.04,1.04,1.04,1.04,1.04,1.04,1.04,1.04,1.04,1.04,1.04,1.04,1.04,1.04,1.04
CL-PFU,v3.0b1,current,World,Other recovered gases,Total energy supply; Energy industry own use; Coke ovens,1.04,1.04,1.04,1.04,1.04,1.04,1.04,1.04,1.04,1.04,1.04,1.04,1.04,1.04,1.04,1.04,1.04,1.04,1.04,1.04,1.04,1.04,1.04,1.04,1.04,1.04
CL-PFU,v3.0b1,current,World,Other recovered gases,Total energy supply; Energy industry own use; Patent fuel plants,1.04,1.04,1.04,1.04,1.04,1.04,1.04,1.04,1.04,1.04,1.04,1.04,1.04,1.04,1.04,1.04,1.04,1.04,1.04,1.04,1.04,1.04,1.04,1.04,1.04,1.04
CL-PFU,v3.0b1,current,World,Other recovered gases,Total energy supply; Energy industry own use; BKB/peat briquette plants,1.04,1.04,1.04,1.04,1.04,1.04,1.04,1.04,1.04,1.04,1.04,1.04,1.04,1.04,1.04,1.04,1.04,1.04,1.04,1.04,1.04,1.04,1.04,1.04,1.04,1.04
CL-PFU,v3.0b1,current,World,Other recovered gases,Total energy supply; Energy industry own use; Oil refineries,1.04,1.04,1.04,1.04,1.04,1.04,1.04,1.04,1.04,1.04,1.04,1.04,1.04,1.04,1.04,1.04,1.04,1.04,1.04,1.04,1.04,1.04,1.04,1.04,1.04,1.04
CL-PFU,v3.0b1,current,World,Other recovered gases,Total energy supply; Energy industry own use; Coal liquefaction plants,1.04,1.04,1.04,1.04,1.04,1.04,1.04,1.04,1.04,1.04,1.04,1.04,1.04,1.04,1.04,1.04,1.04,1.04,1.04,1.04,1.04,1.04,1.04,1.04,1.04,1.04
CL-PFU,v3.0b1,current,World,Other recovered gases,Total energy supply; Energy industry own use; Liquefaction (LNG) / regasification plants,1.04,1.04,1.04,1.04,1.04,1.04,1.04,1.04,1.04,1.04,1.04,1.04,1.04,1.04,1.04,1.04,1.04,1.04,1.04,1.04,1.04,1.04,1.04,1.04,1.04,1.04
CL-PFU,v3.0b1,current,World,Other recovered gases,Total energy supply; Energy industry own use; Gas-to-liquids (GTL) plants,1.04,1.04,1.04,1.04,1.04,1.04,1.04,1.04,1.04,1.04,1.04,1.04,1.04,1.04,1.04,1.04,1.04,1.04,1.04,1.04,1.04,1.04,1.04,1.04,1.04,1.04
CL-PFU,v3.0b1,current,World,Other recovered gases,"Total energy supply; Energy industry own use; Own use in electricity, CHP and heat plants",1.04,1.04,1.04,1.04,1.04,1.04,1.04,1.04,1.04,1.04,1.04,1.04,1.04,1.04,1.04,1.04,1.04,1.04,1.04,1.04,1.04,1.04,1.04,1.04,1.04,1.04
CL-PFU,v3.0b1,current,World,Other recovered gases,Total energy supply; Energy industry own use; Pumped storage plants,1.04,1.04,1.04,1.04,1.04,1.04,1.04,1.04,1.04,1.04,1.04,1.04,1.04,1.04,1.04,1.04,1.04,1.04,1.04,1.04,1.04,1.04,1.04,1.04,1.04,1.04
CL-PFU,v3.0b1,current,World,Other recovered gases,Total energy supply; Energy industry own use; Nuclear industry,1.04,1.04,1.04,1.04,1.04,1.04,1.04,1.04,1.04,1.04,1.04,1.04,1.04,1.04,1.04,1.04,1.04,1.04,1.04,1.04,1.04,1.04,1.04,1.04,1.04,1.04
CL-PFU,v3.0b1,current,World,Other recovered gases,Total energy supply; Energy industry own use; Charcoal production plants,1.04,1.04,1.04,1.04,1.04,1.04,1.04,1.04,1.04,1.04,1.04,1.04,1.04,1.04,1.04,1.04,1.04,1.04,1.04,1.04,1.04,1.04,1.04,1.04,1.04,1.04
CL-PFU,v3.0b1,current,World,Other recovered gases,Total energy supply; Energy industry own use; Non-specified (energy),1.04,1.04,1.04,1.04,1.04,1.04,1.04,1.04,1.04,1.04,1.04,1.04,1.04,1.04,1.04,1.04,1.04,1.04,1.04,1.04,1.04,1.04,1.04,1.04,1.04,1.04
CL-PFU,v3.0b1,current,World,Other recovered gases,Total energy supply; Losses,1.04,1.04,1.04,1.04,1.04,1.04,1.04,1.04,1.04,1.04,1.04,1.04,1.04,1.04,1.04,1.04,1.04,1.04,1.04,1.04,1.04,1.04,1.04,1.04,1.04,1.04
CL-PFU,v3.0b1,current,World,Other recovered gases,Total energy supply; Total final consumption; Industry; Mining and quarrying,1.04,1.04,1.04,1.04,1.04,1.04,1.04,1.04,1.04,1.04,1.04,1.04,1.04,1.04,1.04,1.04,1.04,1.04,1.04,1.04,1.04,1.04,1.04,1.04,1.04,1.04
CL-PFU,v3.0b1,current,World,Other recovered gases,Total energy supply; Total final consumption; Industry; Construction,1.04,1.04,1.04,1.04,1.04,1.04,1.04,1.04,1.04,1.04,1.04,1.04,1.04,1.04,1.04,1.04,1.04,1.04,1.04,1.04,1.04,1.04,1.04,1.04,1.04,1.04
CL-PFU,v3.0b1,current,World,Other recovered gases,Total energy supply; Total final consumption; Industry; Manufacturing; Iron and steel,1.04,1.04,1.04,1.04,1.04,1.04,1.04,1.04,1.04,1.04,1.04,1.04,1.04,1.04,1.04,1.04,1.04,1.04,1.04,1.04,1.04,1.04,1.04,1.04,1.04,1.04
CL-PFU,v3.0b1,current,World,Other recovered gases,Total energy supply; Total final consumption; Industry; Manufacturing; Chemical and petrochemical,1.04,1.04,1.04,1.04,1.04,1.04,1.04,1.04,1.04,1.04,1.04,1.04,1.04,1.04,1.04,1.04,1.04,1.04,1.04,1.04,1.04,1.04,1.04,1.04,1.04,1.04
CL-PFU,v3.0b1,current,World,Other recovered gases,Total energy supply; Total final consumption; Industry; Manufacturing; Non-ferrous metals,1.04,1.04,1.04,1.04,1.04,1.04,1.04,1.04,1.04,1.04,1.04,1.04,1.04,1.04,1.04,1.04,1.04,1.04,1.04,1.04,1.04,1.04,1.04,1.04,1.04,1.04
CL-PFU,v3.0b1,current,World,Other recovered gases,Total energy supply; Total final consumption; Industry; Manufacturing; Non-metallic minerals,1.04,1.04,1.04,1.04,1.04,1.04,1.04,1.04,1.04,1.04,1.04,1.04,1.04,1.04,1.04,1.04,1.04,1.04,1.04,1.04,1.04,1.04,1.04,1.04,1.04,1.04
CL-PFU,v3.0b1,current,World,Other recovered gases,Total energy supply; Total final consumption; Industry; Manufacturing; Transport equipment,1.04,1.04,1.04,1.04,1.04,1.04,1.04,1.04,1.04,1.04,1.04,1.04,1.04,1.04,1.04,1.04,1.04,1.04,1.04,1.04,1.04,1.04,1.04,1.04,1.04,1.04
CL-PFU,v3.0b1,current,World,Other recovered gases,Total energy supply; Total final consumption; Industry; Manufacturing; Machinery,1.04,1.04,1.04,1.04,1.04,1.04,1.04,1.04,1.04,1.04,1.04,1.04,1.04,1.04,1.04,1.04,1.04,1.04,1.04,1.04,1.04,1.04,1.04,1.04,1.04,1.04
CL-PFU,v3.0b1,current,World,Other recovered gases,Total energy supply; Total final consumption; Industry; Manufacturing; Food and tobacco,1.04,1.04,1.04,1.04,1.04,1.04,1.04,1.04,1.04,1.04,1.04,1.04,1.04,1.04,1.04,1.04,1.04,1.04,1.04,1.04,1.04,1.04,1.04,1.04,1.04,1.04
CL-PFU,v3.0b1,current,World,Other recovered gases,"Total energy supply; Total final consumption; Industry; Manufacturing; Paper, pulp and printing",1.04,1.04,1.04,1.04,1.04,1.04,1.04,1.04,1.04,1.04,1.04,1.04,1.04,1.04,1.04,1.04,1.04,1.04,1.04,1.04,1.04,1.04,1.04,1.04,1.04,1.04
CL-PFU,v3.0b1,current,World,Other recovered gases,Total energy supply; Total final consumption; Industry; Manufacturing; Wood and wood products,1.04,1.04,1.04,1.04,1.04,1.04,1.04,1.04,1.04,1.04,1.04,1.04,1.04,1.04,1.04,1.04,1.04,1.04,1.04,1.04,1.04,1.04,1.04,1.04,1.04,1.04
CL-PFU,v3.0b1,current,World,Other recovered gases,Total energy supply; Total final consumption; Industry; Manufacturing; Textile and leather,1.04,1.04,1.04,1.04,1.04,1.04,1.04,1.04,1.04,1.04,1.04,1.04,1.04,1.04,1.04,1.04,1.04,1.04,1.04,1.04,1.04,1.04,1.04,1.04,1.04,1.04
CL-PFU,v3.0b1,current,World,Other recovered gases,Total energy supply; Total final consumption; Industry; Industry not elsewhere specified,1.04,1.04,1.04,1.04,1.04,1.04,1.04,1.04,1.04,1.04,1.04,1.04,1.04,1.04,1.04,1.04,1.04,1.04,1.04,1.04,1.04,1.04,1.04,1.04,1.04,1.04
CL-PFU,v3.0b1,current,World,Other recovered gases,Total energy supply; Total final consumption; Transport; World aviation bunkers,1.04,1.04,1.04,1.04,1.04,1.04,1.04,1.04,1.04,1.04,1.04,1.04,1.04,1.04,1.04,1.04,1.04,1.04,1.04,1.04,1.04,1.04,1.04,1.04,1.04,1.04
CL-PFU,v3.0b1,current,World,Other recovered gases,Total energy supply; Total final consumption; Transport; Domestic aviation,1.04,1.04,1.04,1.04,1.04,1.04,1.04,1.04,1.04,1.04,1.04,1.04,1.04,1.04,1.04,1.04,1.04,1.04,1.04,1.04,1.04,1.04,1.04,1.04,1.04,1.04
CL-PFU,v3.0b1,current,World,Other recovered gases,Total energy supply; Total final consumption; Transport; Road,1.04,1.04,1.04,1.04,1.04,1.04,1.04,1.04,1.04,1.04,1.04,1.04,1.04,1.04,1.04,1.04,1.04,1.04,1.04,1.04,1.04,1.04,1.04,1.04,1.04,1.04
CL-PFU,v3.0b1,current,World,Other recovered gases,Total energy supply; Total final consumption; Transport; Rail,1.04,1.04,1.04,1.04,1.04,1.04,1.04,1.04,1.04,1.04,1.04,1.04,1.04,1.04,1.04,1.04,1.04,1.04,1.04,1.04,1.04,1.04,1.04,1.04,1.04,1.04
CL-PFU,v3.0b1,current,World,Other recovered gases,Total energy supply; Total final consumption; Transport; Pipeline transport,1.04,1.04,1.04,1.04,1.04,1.04,1.04,1.04,1.04,1.04,1.04,1.04,1.04,1.04,1.04,1.04,1.04,1.04,1.04,1.04,1.04,1.04,1.04,1.04,1.04,1.04
CL-PFU,v3.0b1,current,World,Other recovered gases,Total energy supply; Total final consumption; Transport; World marine bunkers,1.04,1.04,1.04,1.04,1.04,1.04,1.04,1.04,1.04,1.04,1.04,1.04,1.04,1.04,1.04,1.04,1.04,1.04,1.04,1.04,1.04,1.04,1.04,1.04,1.04,1.04
CL-PFU,v3.0b1,current,World,Other recovered gases,Total energy supply; Total final consumption; Transport; Domestic navigation,1.04,1.04,1.04,1.04,1.04,1.04,1.04,1.04,1.04,1.04,1.04,1.04,1.04,1.04,1.04,1.04,1.04,1.04,1.04,1.04,1.04,1.04,1.04,1.04,1.04,1.04
CL-PFU,v3.0b1,current,World,Other recovered gases,Total energy supply; Total final consumption; Transport; Transport not elsewhere specified,1.04,1.04,1.04,1.04,1.04,1.04,1.04,1.04,1.04,1.04,1.04,1.04,1.04,1.04,1.04,1.04,1.04,1.04,1.04,1.04,1.04,1.04,1.04,1.04,1.04,1.04
CL-PFU,v3.0b1,current,World,Other recovered gases,Total energy supply; Total final consumption; Residential,1.04,1.04,1.04,1.04,1.04,1.04,1.04,1.04,1.04,1.04,1.04,1.04,1.04,1.04,1.04,1.04,1.04,1.04,1.04,1.04,1.04,1.04,1.04,1.04,1.04,1.04
CL-PFU,v3.0b1,current,World,Other recovered gases,Total energy supply; Total final consumption; Commercial and public services,1.04,1.04,1.04,1.04,1.04,1.04,1.04,1.04,1.04,1.04,1.04,1.04,1.04,1.04,1.04,1.04,1.04,1.04,1.04,1.04,1.04,1.04,1.04,1.04,1.04,1.04
CL-PFU,v3.0b1,current,World,Other recovered gases,Total energy supply; Total final consumption; Agriculture/forestry,1.04,1.04,1.04,1.04,1.04,1.04,1.04,1.04,1.04,1.04,1.04,1.04,1.04,1.04,1.04,1.04,1.04,1.04,1.04,1.04,1.04,1.04,1.04,1.04,1.04,1.04
CL-PFU,v3.0b1,current,World,Other recovered gases,Total energy supply; Total final consumption; Fishing,1.04,1.04,1.04,1.04,1.04,1.04,1.04,1.04,1.04,1.04,1.04,1.04,1.04,1.04,1.04,1.04,1.04,1.04,1.04,1.04,1.04,1.04,1.04,1.04,1.04,1.04
CL-PFU,v3.0b1,current,World,Other recovered gases,Total energy supply; Total final consumption; Final consumption not elsewhere specified,1.04,1.04,1.04,1.04,1.04,1.04,1.04,1.04,1.04,1.04,1.04,1.04,1.04,1.04,1.04,1.04,1.04,1.04,1.04,1.04,1.04,1.04,1.04,1.04,1.04,1.04
CL-PFU,v3.0b1,current,World,Other recovered gases,Total energy supply; Total final consumption; Non-energy use; Non-energy use industry/transformation/energy,1.04,1.04,1.04,1.04,1.04,1.04,1.04,1.04,1.04,1.04,1.04,1.04,1.04,1.04,1.04,1.04,1.04,1.04,1.04,1.04,1.04,1.04,1.04,1.04,1.04,1.04
CL-PFU,v3.0b1,current,World,Other recovered gases,Total energy supply; Total final consumption; Non-energy use; Non-energy use in transport,1.04,1.04,1.04,1.04,1.04,1.04,1.04,1.04,1.04,1.04,1.04,1.04,1.04,1.04,1.04,1.04,1.04,1.04,1.04,1.04,1.04,1.04,1.04,1.04,1.04,1.04
CL-PFU,v3.0b1,current,World,Other recovered gases,Total energy supply; Total final consumption; Non-energy use; Non-energy use in other,1.04,1.04,1.04,1.04,1.04,1.04,1.04,1.04,1.04,1.04,1.04,1.04,1.04,1.04,1.04,1.04,1.04,1.04,1.04,1.04,1.04,1.04,1.04,1.04,1.04,1.04
CL-PFU,v3.0b1,current,World,Other sources,Total energy supply; Energy industry own use; Coal mines,1,1,1,1,1,1,1,1,1,1,1,1,1,1,1,1,1,1,1,1,1,1,1,1,1,1
CL-PFU,v3.0b1,current,World,Other sources,Total energy supply; Energy industry own use; Oil and gas extraction,1,1,1,1,1,1,1,1,1,1,1,1,1,1,1,1,1,1,1,1,1,1,1,1,1,1
CL-PFU,v3.0b1,current,World,Other sources,Total energy supply; Energy industry own use; Blast furnaces,1,1,1,1,1,1,1,1,1,1,1,1,1,1,1,1,1,1,1,1,1,1,1,1,1,1
CL-PFU,v3.0b1,current,World,Other sources,Total energy supply; Energy industry own use; Gas works,1,1,1,1,1,1,1,1,1,1,1,1,1,1,1,1,1,1,1,1,1,1,1,1,1,1
CL-PFU,v3.0b1,current,World,Other sources,Total energy supply; Energy industry own use; Gasification plants for biogases,1,1,1,1,1,1,1,1,1,1,1,1,1,1,1,1,1,1,1,1,1,1,1,1,1,1
CL-PFU,v3.0b1,current,World,Other sources,Total energy supply; Energy industry own use; Coke ovens,1,1,1,1,1,1,1,1,1,1,1,1,1,1,1,1,1,1,1,1,1,1,1,1,1,1
CL-PFU,v3.0b1,current,World,Other sources,Total energy supply; Energy industry own use; Patent fuel plants,1,1,1,1,1,1,1,1,1,1,1,1,1,1,1,1,1,1,1,1,1,1,1,1,1,1
CL-PFU,v3.0b1,current,World,Other sources,Total energy supply; Energy industry own use; BKB/peat briquette plants,1,1,1,1,1,1,1,1,1,1,1,1,1,1,1,1,1,1,1,1,1,1,1,1,1,1
CL-PFU,v3.0b1,current,World,Other sources,Total energy supply; Energy industry own use; Oil refineries,1,1,1,1,1,1,1,1,1,1,1,1,1,1,1,1,1,1,1,1,1,1,1,1,1,1
CL-PFU,v3.0b1,current,World,Other sources,Total energy supply; Energy industry own use; Coal liquefaction plants,1,1,1,1,1,1,1,1,1,1,1,1,1,1,1,1,1,1,1,1,1,1,1,1,1,1
CL-PFU,v3.0b1,current,World,Other sources,Total energy supply; Energy industry own use; Liquefaction (LNG) / regasification plants,1,1,1,1,1,1,1,1,1,1,1,1,1,1,1,1,1,1,1,1,1,1,1,1,1,1
CL-PFU,v3.0b1,current,World,Other sources,Total energy supply; Energy industry own use; Gas-to-liquids (GTL) plants,1,1,1,1,1,1,1,1,1,1,1,1,1,1,1,1,1,1,1,1,1,1,1,1,1,1
CL-PFU,v3.0b1,current,World,Other sources,"Total energy supply; Energy industry own use; Own use in electricity, CHP and heat plants",1,1,1,1,1,1,1,1,1,1,1,1,1,1,1,1,1,1,1,1,1,1,1,1,1,1
CL-PFU,v3.0b1,current,World,Other sources,Total energy supply; Energy industry own use; Pumped storage plants,1,1,1,1,1,1,1,1,1,1,1,1,1,1,1,1,1,1,1,1,1,1,1,1,1,1
CL-PFU,v3.0b1,current,World,Other sources,Total energy supply; Energy industry own use; Nuclear industry,1,1,1,1,1,1,1,1,1,1,1,1,1,1,1,1,1,1,1,1,1,1,1,1,1,1
CL-PFU,v3.0b1,current,World,Other sources,Total energy supply; Energy industry own use; Charcoal production plants,1,1,1,1,1,1,1,1,1,1,1,1,1,1,1,1,1,1,1,1,1,1,1,1,1,1
CL-PFU,v3.0b1,current,World,Other sources,Total energy supply; Energy industry own use; Non-specified (energy),1,1,1,1,1,1,1,1,1,1,1,1,1,1,1,1,1,1,1,1,1,1,1,1,1,1
CL-PFU,v3.0b1,current,World,Other sources,Total energy supply; Losses,1,1,1,1,1,1,1,1,1,1,1,1,1,1,1,1,1,1,1,1,1,1,1,1,1,1
CL-PFU,v3.0b1,current,World,Other sources,Total energy supply; Total final consumption; Industry; Mining and quarrying,1,1,1,1,1,1,1,1,1,1,1,1,1,1,1,1,1,1,1,1,1,1,1,1,1,1
CL-PFU,v3.0b1,current,World,Other sources,Total energy supply; Total final consumption; Industry; Construction,1,1,1,1,1,1,1,1,1,1,1,1,1,1,1,1,1,1,1,1,1,1,1,1,1,1
CL-PFU,v3.0b1,current,World,Other sources,Total energy supply; Total final consumption; Industry; Manufacturing; Iron and steel,1,1,1,1,1,1,1,1,1,1,1,1,1,1,1,1,1,1,1,1,1,1,1,1,1,1
CL-PFU,v3.0b1,current,World,Other sources,Total energy supply; Total final consumption; Industry; Manufacturing; Chemical and petrochemical,1,1,1,1,1,1,1,1,1,1,1,1,1,1,1,1,1,1,1,1,1,1,1,1,1,1
CL-PFU,v3.0b1,current,World,Other sources,Total energy supply; Total final consumption; Industry; Manufacturing; Non-ferrous metals,1,1,1,1,1,1,1,1,1,1,1,1,1,1,1,1,1,1,1,1,1,1,1,1,1,1
CL-PFU,v3.0b1,current,World,Other sources,Total energy supply; Total final consumption; Industry; Manufacturing; Non-metallic minerals,1,1,1,1,1,1,1,1,1,1,1,1,1,1,1,1,1,1,1,1,1,1,1,1,1,1
CL-PFU,v3.0b1,current,World,Other sources,Total energy supply; Total final consumption; Industry; Manufacturing; Transport equipment,1,1,1,1,1,1,1,1,1,1,1,1,1,1,1,1,1,1,1,1,1,1,1,1,1,1
CL-PFU,v3.0b1,current,World,Other sources,Total energy supply; Total final consumption; Industry; Manufacturing; Machinery,1,1,1,1,1,1,1,1,1,1,1,1,1,1,1,1,1,1,1,1,1,1,1,1,1,1
CL-PFU,v3.0b1,current,World,Other sources,Total energy supply; Total final consumption; Industry; Manufacturing; Food and tobacco,1,1,1,1,1,1,1,1,1,1,1,1,1,1,1,1,1,1,1,1,1,1,1,1,1,1
CL-PFU,v3.0b1,current,World,Other sources,"Total energy supply; Total final consumption; Industry; Manufacturing; Paper, pulp and printing",1,1,1,1,1,1,1,1,1,1,1,1,1,1,1,1,1,1,1,1,1,1,1,1,1,1
CL-PFU,v3.0b1,current,World,Other sources,Total energy supply; Total final consumption; Industry; Manufacturing; Wood and wood products,1,1,1,1,1,1,1,1,1,1,1,1,1,1,1,1,1,1,1,1,1,1,1,1,1,1
CL-PFU,v3.0b1,current,World,Other sources,Total energy supply; Total final consumption; Industry; Manufacturing; Textile and leather,1,1,1,1,1,1,1,1,1,1,1,1,1,1,1,1,1,1,1,1,1,1,1,1,1,1
CL-PFU,v3.0b1,current,World,Other sources,Total energy supply; Total final consumption; Industry; Industry not elsewhere specified,1,1,1,1,1,1,1,1,1,1,1,1,1,1,1,1,1,1,1,1,1,1,1,1,1,1
CL-PFU,v3.0b1,current,World,Other sources,Total energy supply; Total final consumption; Transport; World aviation bunkers,1,1,1,1,1,1,1,1,1,1,1,1,1,1,1,1,1,1,1,1,1,1,1,1,1,1
CL-PFU,v3.0b1,current,World,Other sources,Total energy supply; Total final consumption; Transport; Domestic aviation,1,1,1,1,1,1,1,1,1,1,1,1,1,1,1,1,1,1,1,1,1,1,1,1,1,1
CL-PFU,v3.0b1,current,World,Other sources,Total energy supply; Total final consumption; Transport; Road,1,1,1,1,1,1,1,1,1,1,1,1,1,1,1,1,1,1,1,1,1,1,1,1,1,1
CL-PFU,v3.0b1,current,World,Other sources,Total energy supply; Total final consumption; Transport; Rail,1,1,1,1,1,1,1,1,1,1,1,1,1,1,1,1,1,1,1,1,1,1,1,1,1,1
CL-PFU,v3.0b1,current,World,Other sources,Total energy supply; Total final consumption; Transport; Pipeline transport,1,1,1,1,1,1,1,1,1,1,1,1,1,1,1,1,1,1,1,1,1,1,1,1,1,1
CL-PFU,v3.0b1,current,World,Other sources,Total energy supply; Total final consumption; Transport; World marine bunkers,1,1,1,1,1,1,1,1,1,1,1,1,1,1,1,1,1,1,1,1,1,1,1,1,1,1
CL-PFU,v3.0b1,current,World,Other sources,Total energy supply; Total final consumption; Transport; Domestic navigation,1,1,1,1,1,1,1,1,1,1,1,1,1,1,1,1,1,1,1,1,1,1,1,1,1,1
CL-PFU,v3.0b1,current,World,Other sources,Total energy supply; Total final consumption; Transport; Transport not elsewhere specified,1,1,1,1,1,1,1,1,1,1,1,1,1,1,1,1,1,1,1,1,1,1,1,1,1,1
CL-PFU,v3.0b1,current,World,Other sources,Total energy supply; Total final consumption; Residential,1,1,1,1,1,1,1,1,1,1,1,1,1,1,1,1,1,1,1,1,1,1,1,1,1,1
CL-PFU,v3.0b1,current,World,Other sources,Total energy supply; Total final consumption; Commercial and public services,1,1,1,1,1,1,1,1,1,1,1,1,1,1,1,1,1,1,1,1,1,1,1,1,1,1
CL-PFU,v3.0b1,current,World,Other sources,Total energy supply; Total final consumption; Agriculture/forestry,1,1,1,1,1,1,1,1,1,1,1,1,1,1,1,1,1,1,1,1,1,1,1,1,1,1
CL-PFU,v3.0b1,current,World,Other sources,Total energy supply; Total final consumption; Fishing,1,1,1,1,1,1,1,1,1,1,1,1,1,1,1,1,1,1,1,1,1,1,1,1,1,1
CL-PFU,v3.0b1,current,World,Other sources,Total energy supply; Total final consumption; Final consumption not elsewhere specified,1,1,1,1,1,1,1,1,1,1,1,1,1,1,1,1,1,1,1,1,1,1,1,1,1,1
CL-PFU,v3.0b1,current,World,Other sources,Total energy supply; Total final consumption; Non-energy use; Non-energy use industry/transformation/energy,1,1,1,1,1,1,1,1,1,1,1,1,1,1,1,1,1,1,1,1,1,1,1,1,1,1
CL-PFU,v3.0b1,current,World,Other sources,Total energy supply; Total final consumption; Non-energy use; Non-energy use in transport,1,1,1,1,1,1,1,1,1,1,1,1,1,1,1,1,1,1,1,1,1,1,1,1,1,1
CL-PFU,v3.0b1,current,World,Other sources,Total energy supply; Total final consumption; Non-energy use; Non-energy use in other,1,1,1,1,1,1,1,1,1,1,1,1,1,1,1,1,1,1,1,1,1,1,1,1,1,1
CL-PFU,v3.0b1,current,World,Paraffin waxes,Total energy supply; Energy industry own use; Coal mines,1.06,1.06,1.06,1.06,1.06,1.06,1.06,1.06,1.06,1.06,1.06,1.06,1.06,1.06,1.06,1.06,1.06,1.06,1.06,1.06,1.06,1.06,1.06,1.06,1.06,1.06
CL-PFU,v3.0b1,current,World,Paraffin waxes,Total energy supply; Energy industry own use; Oil and gas extraction,1.06,1.06,1.06,1.06,1.06,1.06,1.06,1.06,1.06,1.06,1.06,1.06,1.06,1.06,1.06,1.06,1.06,1.06,1.06,1.06,1.06,1.06,1.06,1.06,1.06,1.06
CL-PFU,v3.0b1,current,World,Paraffin waxes,Total energy supply; Energy industry own use; Blast furnaces,1.06,1.06,1.06,1.06,1.06,1.06,1.06,1.06,1.06,1.06,1.06,1.06,1.06,1.06,1.06,1.06,1.06,1.06,1.06,1.06,1.06,1.06,1.06,1.06,1.06,1.06
CL-PFU,v3.0b1,current,World,Paraffin waxes,Total energy supply; Energy industry own use; Gas works,1.06,1.06,1.06,1.06,1.06,1.06,1.06,1.06,1.06,1.06,1.06,1.06,1.06,1.06,1.06,1.06,1.06,1.06,1.06,1.06,1.06,1.06,1.06,1.06,1.06,1.06
CL-PFU,v3.0b1,current,World,Paraffin waxes,Total energy supply; Energy industry own use; Gasification plants for biogases,1.06,1.06,1.06,1.06,1.06,1.06,1.06,1.06,1.06,1.06,1.06,1.06,1.06,1.06,1.06,1.06,1.06,1.06,1.06,1.06,1.06,1.06,1.06,1.06,1.06,1.06
CL-PFU,v3.0b1,current,World,Paraffin waxes,Total energy supply; Energy industry own use; Coke ovens,1.06,1.06,1.06,1.06,1.06,1.06,1.06,1.06,1.06,1.06,1.06,1.06,1.06,1.06,1.06,1.06,1.06,1.06,1.06,1.06,1.06,1.06,1.06,1.06,1.06,1.06
CL-PFU,v3.0b1,current,World,Paraffin waxes,Total energy supply; Energy industry own use; Patent fuel plants,1.06,1.06,1.06,1.06,1.06,1.06,1.06,1.06,1.06,1.06,1.06,1.06,1.06,1.06,1.06,1.06,1.06,1.06,1.06,1.06,1.06,1.06,1.06,1.06,1.06,1.06
CL-PFU,v3.0b1,current,World,Paraffin waxes,Total energy supply; Energy industry own use; BKB/peat briquette plants,1.06,1.06,1.06,1.06,1.06,1.06,1.06,1.06,1.06,1.06,1.06,1.06,1.06,1.06,1.06,1.06,1.06,1.06,1.06,1.06,1.06,1.06,1.06,1.06,1.06,1.06
CL-PFU,v3.0b1,current,World,Paraffin waxes,Total energy supply; Energy industry own use; Oil refineries,1.06,1.06,1.06,1.06,1.06,1.06,1.06,1.06,1.06,1.06,1.06,1.06,1.06,1.06,1.06,1.06,1.06,1.06,1.06,1.06,1.06,1.06,1.06,1.06,1.06,1.06
CL-PFU,v3.0b1,current,World,Paraffin waxes,Total energy supply; Energy industry own use; Coal liquefaction plants,1.06,1.06,1.06,1.06,1.06,1.06,1.06,1.06,1.06,1.06,1.06,1.06,1.06,1.06,1.06,1.06,1.06,1.06,1.06,1.06,1.06,1.06,1.06,1.06,1.06,1.06
CL-PFU,v3.0b1,current,World,Paraffin waxes,Total energy supply; Energy industry own use; Liquefaction (LNG) / regasification plants,1.06,1.06,1.06,1.06,1.06,1.06,1.06,1.06,1.06,1.06,1.06,1.06,1.06,1.06,1.06,1.06,1.06,1.06,1.06,1.06,1.06,1.06,1.06,1.06,1.06,1.06
CL-PFU,v3.0b1,current,World,Paraffin waxes,Total energy supply; Energy industry own use; Gas-to-liquids (GTL) plants,1.06,1.06,1.06,1.06,1.06,1.06,1.06,1.06,1.06,1.06,1.06,1.06,1.06,1.06,1.06,1.06,1.06,1.06,1.06,1.06,1.06,1.06,1.06,1.06,1.06,1.06
CL-PFU,v3.0b1,current,World,Paraffin waxes,"Total energy supply; Energy industry own use; Own use in electricity, CHP and heat plants",1.06,1.06,1.06,1.06,1.06,1.06,1.06,1.06,1.06,1.06,1.06,1.06,1.06,1.06,1.06,1.06,1.06,1.06,1.06,1.06,1.06,1.06,1.06,1.06,1.06,1.06
CL-PFU,v3.0b1,current,World,Paraffin waxes,Total energy supply; Energy industry own use; Pumped storage plants,1.06,1.06,1.06,1.06,1.06,1.06,1.06,1.06,1.06,1.06,1.06,1.06,1.06,1.06,1.06,1.06,1.06,1.06,1.06,1.06,1.06,1.06,1.06,1.06,1.06,1.06
CL-PFU,v3.0b1,current,World,Paraffin waxes,Total energy supply; Energy industry own use; Nuclear industry,1.06,1.06,1.06,1.06,1.06,1.06,1.06,1.06,1.06,1.06,1.06,1.06,1.06,1.06,1.06,1.06,1.06,1.06,1.06,1.06,1.06,1.06,1.06,1.06,1.06,1.06
CL-PFU,v3.0b1,current,World,Paraffin waxes,Total energy supply; Energy industry own use; Charcoal production plants,1.06,1.06,1.06,1.06,1.06,1.06,1.06,1.06,1.06,1.06,1.06,1.06,1.06,1.06,1.06,1.06,1.06,1.06,1.06,1.06,1.06,1.06,1.06,1.06,1.06,1.06
CL-PFU,v3.0b1,current,World,Paraffin waxes,Total energy supply; Energy industry own use; Non-specified (energy),1.06,1.06,1.06,1.06,1.06,1.06,1.06,1.06,1.06,1.06,1.06,1.06,1.06,1.06,1.06,1.06,1.06,1.06,1.06,1.06,1.06,1.06,1.06,1.06,1.06,1.06
CL-PFU,v3.0b1,current,World,Paraffin waxes,Total energy supply; Losses,1.06,1.06,1.06,1.06,1.06,1.06,1.06,1.06,1.06,1.06,1.06,1.06,1.06,1.06,1.06,1.06,1.06,1.06,1.06,1.06,1.06,1.06,1.06,1.06,1.06,1.06
CL-PFU,v3.0b1,current,World,Paraffin waxes,Total energy supply; Total final consumption; Industry; Mining and quarrying,1.06,1.06,1.06,1.06,1.06,1.06,1.06,1.06,1.06,1.06,1.06,1.06,1.06,1.06,1.06,1.06,1.06,1.06,1.06,1.06,1.06,1.06,1.06,1.06,1.06,1.06
CL-PFU,v3.0b1,current,World,Paraffin waxes,Total energy supply; Total final consumption; Industry; Construction,1.06,1.06,1.06,1.06,1.06,1.06,1.06,1.06,1.06,1.06,1.06,1.06,1.06,1.06,1.06,1.06,1.06,1.06,1.06,1.06,1.06,1.06,1.06,1.06,1.06,1.06
CL-PFU,v3.0b1,current,World,Paraffin waxes,Total energy supply; Total final consumption; Industry; Manufacturing; Iron and steel,1.06,1.06,1.06,1.06,1.06,1.06,1.06,1.06,1.06,1.06,1.06,1.06,1.06,1.06,1.06,1.06,1.06,1.06,1.06,1.06,1.06,1.06,1.06,1.06,1.06,1.06
CL-PFU,v3.0b1,current,World,Paraffin waxes,Total energy supply; Total final consumption; Industry; Manufacturing; Chemical and petrochemical,1.06,1.06,1.06,1.06,1.06,1.06,1.06,1.06,1.06,1.06,1.06,1.06,1.06,1.06,1.06,1.06,1.06,1.06,1.06,1.06,1.06,1.06,1.06,1.06,1.06,1.06
CL-PFU,v3.0b1,current,World,Paraffin waxes,Total energy supply; Total final consumption; Industry; Manufacturing; Non-ferrous metals,1.06,1.06,1.06,1.06,1.06,1.06,1.06,1.06,1.06,1.06,1.06,1.06,1.06,1.06,1.06,1.06,1.06,1.06,1.06,1.06,1.06,1.06,1.06,1.06,1.06,1.06
CL-PFU,v3.0b1,current,World,Paraffin waxes,Total energy supply; Total final consumption; Industry; Manufacturing; Non-metallic minerals,1.06,1.06,1.06,1.06,1.06,1.06,1.06,1.06,1.06,1.06,1.06,1.06,1.06,1.06,1.06,1.06,1.06,1.06,1.06,1.06,1.06,1.06,1.06,1.06,1.06,1.06
CL-PFU,v3.0b1,current,World,Paraffin waxes,Total energy supply; Total final consumption; Industry; Manufacturing; Transport equipment,1.06,1.06,1.06,1.06,1.06,1.06,1.06,1.06,1.06,1.06,1.06,1.06,1.06,1.06,1.06,1.06,1.06,1.06,1.06,1.06,1.06,1.06,1.06,1.06,1.06,1.06
CL-PFU,v3.0b1,current,World,Paraffin waxes,Total energy supply; Total final consumption; Industry; Manufacturing; Machinery,1.06,1.06,1.06,1.06,1.06,1.06,1.06,1.06,1.06,1.06,1.06,1.06,1.06,1.06,1.06,1.06,1.06,1.06,1.06,1.06,1.06,1.06,1.06,1.06,1.06,1.06
CL-PFU,v3.0b1,current,World,Paraffin waxes,Total energy supply; Total final consumption; Industry; Manufacturing; Food and tobacco,1.06,1.06,1.06,1.06,1.06,1.06,1.06,1.06,1.06,1.06,1.06,1.06,1.06,1.06,1.06,1.06,1.06,1.06,1.06,1.06,1.06,1.06,1.06,1.06,1.06,1.06
CL-PFU,v3.0b1,current,World,Paraffin waxes,"Total energy supply; Total final consumption; Industry; Manufacturing; Paper, pulp and printing",1.06,1.06,1.06,1.06,1.06,1.06,1.06,1.06,1.06,1.06,1.06,1.06,1.06,1.06,1.06,1.06,1.06,1.06,1.06,1.06,1.06,1.06,1.06,1.06,1.06,1.06
CL-PFU,v3.0b1,current,World,Paraffin waxes,Total energy supply; Total final consumption; Industry; Manufacturing; Wood and wood products,1.06,1.06,1.06,1.06,1.06,1.06,1.06,1.06,1.06,1.06,1.06,1.06,1.06,1.06,1.06,1.06,1.06,1.06,1.06,1.06,1.06,1.06,1.06,1.06,1.06,1.06
CL-PFU,v3.0b1,current,World,Paraffin waxes,Total energy supply; Total final consumption; Industry; Manufacturing; Textile and leather,1.06,1.06,1.06,1.06,1.06,1.06,1.06,1.06,1.06,1.06,1.06,1.06,1.06,1.06,1.06,1.06,1.06,1.06,1.06,1.06,1.06,1.06,1.06,1.06,1.06,1.06
CL-PFU,v3.0b1,current,World,Paraffin waxes,Total energy supply; Total final consumption; Industry; Industry not elsewhere specified,1.06,1.06,1.06,1.06,1.06,1.06,1.06,1.06,1.06,1.06,1.06,1.06,1.06,1.06,1.06,1.06,1.06,1.06,1.06,1.06,1.06,1.06,1.06,1.06,1.06,1.06
CL-PFU,v3.0b1,current,World,Paraffin waxes,Total energy supply; Total final consumption; Transport; World aviation bunkers,1.06,1.06,1.06,1.06,1.06,1.06,1.06,1.06,1.06,1.06,1.06,1.06,1.06,1.06,1.06,1.06,1.06,1.06,1.06,1.06,1.06,1.06,1.06,1.06,1.06,1.06
CL-PFU,v3.0b1,current,World,Paraffin waxes,Total energy supply; Total final consumption; Transport; Domestic aviation,1.06,1.06,1.06,1.06,1.06,1.06,1.06,1.06,1.06,1.06,1.06,1.06,1.06,1.06,1.06,1.06,1.06,1.06,1.06,1.06,1.06,1.06,1.06,1.06,1.06,1.06
CL-PFU,v3.0b1,current,World,Paraffin waxes,Total energy supply; Total final consumption; Transport; Road,1.06,1.06,1.06,1.06,1.06,1.06,1.06,1.06,1.06,1.06,1.06,1.06,1.06,1.06,1.06,1.06,1.06,1.06,1.06,1.06,1.06,1.06,1.06,1.06,1.06,1.06
CL-PFU,v3.0b1,current,World,Paraffin waxes,Total energy supply; Total final consumption; Transport; Rail,1.06,1.06,1.06,1.06,1.06,1.06,1.06,1.06,1.06,1.06,1.06,1.06,1.06,1.06,1.06,1.06,1.06,1.06,1.06,1.06,1.06,1.06,1.06,1.06,1.06,1.06
CL-PFU,v3.0b1,current,World,Paraffin waxes,Total energy supply; Total final consumption; Transport; Pipeline transport,1.06,1.06,1.06,1.06,1.06,1.06,1.06,1.06,1.06,1.06,1.06,1.06,1.06,1.06,1.06,1.06,1.06,1.06,1.06,1.06,1.06,1.06,1.06,1.06,1.06,1.06
CL-PFU,v3.0b1,current,World,Paraffin waxes,Total energy supply; Total final consumption; Transport; World marine bunkers,1.06,1.06,1.06,1.06,1.06,1.06,1.06,1.06,1.06,1.06,1.06,1.06,1.06,1.06,1.06,1.06,1.06,1.06,1.06,1.06,1.06,1.06,1.06,1.06,1.06,1.06
CL-PFU,v3.0b1,current,World,Paraffin waxes,Total energy supply; Total final consumption; Transport; Domestic navigation,1.06,1.06,1.06,1.06,1.06,1.06,1.06,1.06,1.06,1.06,1.06,1.06,1.06,1.06,1.06,1.06,1.06,1.06,1.06,1.06,1.06,1.06,1.06,1.06,1.06,1.06
CL-PFU,v3.0b1,current,World,Paraffin waxes,Total energy supply; Total final consumption; Transport; Transport not elsewhere specified,1.06,1.06,1.06,1.06,1.06,1.06,1.06,1.06,1.06,1.06,1.06,1.06,1.06,1.06,1.06,1.06,1.06,1.06,1.06,1.06,1.06,1.06,1.06,1.06,1.06,1.06
CL-PFU,v3.0b1,current,World,Paraffin waxes,Total energy supply; Total final consumption; Residential,1.06,1.06,1.06,1.06,1.06,1.06,1.06,1.06,1.06,1.06,1.06,1.06,1.06,1.06,1.06,1.06,1.06,1.06,1.06,1.06,1.06,1.06,1.06,1.06,1.06,1.06
CL-PFU,v3.0b1,current,World,Paraffin waxes,Total energy supply; Total final consumption; Commercial and public services,1.06,1.06,1.06,1.06,1.06,1.06,1.06,1.06,1.06,1.06,1.06,1.06,1.06,1.06,1.06,1.06,1.06,1.06,1.06,1.06,1.06,1.06,1.06,1.06,1.06,1.06
CL-PFU,v3.0b1,current,World,Paraffin waxes,Total energy supply; Total final consumption; Agriculture/forestry,1.06,1.06,1.06,1.06,1.06,1.06,1.06,1.06,1.06,1.06,1.06,1.06,1.06,1.06,1.06,1.06,1.06,1.06,1.06,1.06,1.06,1.06,1.06,1.06,1.06,1.06
CL-PFU,v3.0b1,current,World,Paraffin waxes,Total energy supply; Total final consumption; Fishing,1.06,1.06,1.06,1.06,1.06,1.06,1.06,1.06,1.06,1.06,1.06,1.06,1.06,1.06,1.06,1.06,1.06,1.06,1.06,1.06,1.06,1.06,1.06,1.06,1.06,1.06
CL-PFU,v3.0b1,current,World,Paraffin waxes,Total energy supply; Total final consumption; Final consumption not elsewhere specified,1.06,1.06,1.06,1.06,1.06,1.06,1.06,1.06,1.06,1.06,1.06,1.06,1.06,1.06,1.06,1.06,1.06,1.06,1.06,1.06,1.06,1.06,1.06,1.06,1.06,1.06
CL-PFU,v3.0b1,current,World,Paraffin waxes,Total energy supply; Total final consumption; Non-energy use; Non-energy use industry/transformation/energy,1.06,1.06,1.06,1.06,1.06,1.06,1.06,1.06,1.06,1.06,1.06,1.06,1.06,1.06,1.06,1.06,1.06,1.06,1.06,1.06,1.06,1.06,1.06,1.06,1.06,1.06
CL-PFU,v3.0b1,current,World,Paraffin waxes,Total energy supply; Total final consumption; Non-energy use; Non-energy use in transport,1.06,1.06,1.06,1.06,1.06,1.06,1.06,1.06,1.06,1.06,1.06,1.06,1.06,1.06,1.06,1.06,1.06,1.06,1.06,1.06,1.06,1.06,1.06,1.06,1.06,1.06
CL-PFU,v3.0b1,current,World,Paraffin waxes,Total energy supply; Total final consumption; Non-energy use; Non-energy use in other,1.06,1.06,1.06,1.06,1.06,1.06,1.06,1.06,1.06,1.06,1.06,1.06,1.06,1.06,1.06,1.06,1.06,1.06,1.06,1.06,1.06,1.06,1.06,1.06,1.06,1.06
CL-PFU,v3.0b1,current,World,Patent fuel,Total energy supply; Energy industry own use; Coal mines,1.06,1.06,1.06,1.06,1.06,1.06,1.06,1.06,1.06,1.06,1.06,1.06,1.06,1.06,1.06,1.06,1.06,1.06,1.06,1.06,1.06,1.06,1.06,1.06,1.06,1.06
CL-PFU,v3.0b1,current,World,Patent fuel,Total energy supply; Energy industry own use; Oil and gas extraction,1.06,1.06,1.06,1.06,1.06,1.06,1.06,1.06,1.06,1.06,1.06,1.06,1.06,1.06,1.06,1.06,1.06,1.06,1.06,1.06,1.06,1.06,1.06,1.06,1.06,1.06
CL-PFU,v3.0b1,current,World,Patent fuel,Total energy supply; Energy industry own use; Blast furnaces,1.06,1.06,1.06,1.06,1.06,1.06,1.06,1.06,1.06,1.06,1.06,1.06,1.06,1.06,1.06,1.06,1.06,1.06,1.06,1.06,1.06,1.06,1.06,1.06,1.06,1.06
CL-PFU,v3.0b1,current,World,Patent fuel,Total energy supply; Energy industry own use; Gas works,1.06,1.06,1.06,1.06,1.06,1.06,1.06,1.06,1.06,1.06,1.06,1.06,1.06,1.06,1.06,1.06,1.06,1.06,1.06,1.06,1.06,1.06,1.06,1.06,1.06,1.06
CL-PFU,v3.0b1,current,World,Patent fuel,Total energy supply; Energy industry own use; Gasification plants for biogases,1.06,1.06,1.06,1.06,1.06,1.06,1.06,1.06,1.06,1.06,1.06,1.06,1.06,1.06,1.06,1.06,1.06,1.06,1.06,1.06,1.06,1.06,1.06,1.06,1.06,1.06
CL-PFU,v3.0b1,current,World,Patent fuel,Total energy supply; Energy industry own use; Coke ovens,1.06,1.06,1.06,1.06,1.06,1.06,1.06,1.06,1.06,1.06,1.06,1.06,1.06,1.06,1.06,1.06,1.06,1.06,1.06,1.06,1.06,1.06,1.06,1.06,1.06,1.06
CL-PFU,v3.0b1,current,World,Patent fuel,Total energy supply; Energy industry own use; Patent fuel plants,1.06,1.06,1.06,1.06,1.06,1.06,1.06,1.06,1.06,1.06,1.06,1.06,1.06,1.06,1.06,1.06,1.06,1.06,1.06,1.06,1.06,1.06,1.06,1.06,1.06,1.06
CL-PFU,v3.0b1,current,World,Patent fuel,Total energy supply; Energy industry own use; BKB/peat briquette plants,1.06,1.06,1.06,1.06,1.06,1.06,1.06,1.06,1.06,1.06,1.06,1.06,1.06,1.06,1.06,1.06,1.06,1.06,1.06,1.06,1.06,1.06,1.06,1.06,1.06,1.06
CL-PFU,v3.0b1,current,World,Patent fuel,Total energy supply; Energy industry own use; Oil refineries,1.06,1.06,1.06,1.06,1.06,1.06,1.06,1.06,1.06,1.06,1.06,1.06,1.06,1.06,1.06,1.06,1.06,1.06,1.06,1.06,1.06,1.06,1.06,1.06,1.06,1.06
CL-PFU,v3.0b1,current,World,Patent fuel,Total energy supply; Energy industry own use; Coal liquefaction plants,1.06,1.06,1.06,1.06,1.06,1.06,1.06,1.06,1.06,1.06,1.06,1.06,1.06,1.06,1.06,1.06,1.06,1.06,1.06,1.06,1.06,1.06,1.06,1.06,1.06,1.06
CL-PFU,v3.0b1,current,World,Patent fuel,Total energy supply; Energy industry own use; Liquefaction (LNG) / regasification plants,1.06,1.06,1.06,1.06,1.06,1.06,1.06,1.06,1.06,1.06,1.06,1.06,1.06,1.06,1.06,1.06,1.06,1.06,1.06,1.06,1.06,1.06,1.06,1.06,1.06,1.06
CL-PFU,v3.0b1,current,World,Patent fuel,Total energy supply; Energy industry own use; Gas-to-liquids (GTL) plants,1.06,1.06,1.06,1.06,1.06,1.06,1.06,1.06,1.06,1.06,1.06,1.06,1.06,1.06,1.06,1.06,1.06,1.06,1.06,1.06,1.06,1.06,1.06,1.06,1.06,1.06
CL-PFU,v3.0b1,current,World,Patent fuel,"Total energy supply; Energy industry own use; Own use in electricity, CHP and heat plants",1.06,1.06,1.06,1.06,1.06,1.06,1.06,1.06,1.06,1.06,1.06,1.06,1.06,1.06,1.06,1.06,1.06,1.06,1.06,1.06,1.06,1.06,1.06,1.06,1.06,1.06
CL-PFU,v3.0b1,current,World,Patent fuel,Total energy supply; Energy industry own use; Pumped storage plants,1.06,1.06,1.06,1.06,1.06,1.06,1.06,1.06,1.06,1.06,1.06,1.06,1.06,1.06,1.06,1.06,1.06,1.06,1.06,1.06,1.06,1.06,1.06,1.06,1.06,1.06
CL-PFU,v3.0b1,current,World,Patent fuel,Total energy supply; Energy industry own use; Nuclear industry,1.06,1.06,1.06,1.06,1.06,1.06,1.06,1.06,1.06,1.06,1.06,1.06,1.06,1.06,1.06,1.06,1.06,1.06,1.06,1.06,1.06,1.06,1.06,1.06,1.06,1.06
CL-PFU,v3.0b1,current,World,Patent fuel,Total energy supply; Energy industry own use; Charcoal production plants,1.06,1.06,1.06,1.06,1.06,1.06,1.06,1.06,1.06,1.06,1.06,1.06,1.06,1.06,1.06,1.06,1.06,1.06,1.06,1.06,1.06,1.06,1.06,1.06,1.06,1.06
CL-PFU,v3.0b1,current,World,Patent fuel,Total energy supply; Energy industry own use; Non-specified (energy),1.06,1.06,1.06,1.06,1.06,1.06,1.06,1.06,1.06,1.06,1.06,1.06,1.06,1.06,1.06,1.06,1.06,1.06,1.06,1.06,1.06,1.06,1.06,1.06,1.06,1.06
CL-PFU,v3.0b1,current,World,Patent fuel,Total energy supply; Losses,1.06,1.06,1.06,1.06,1.06,1.06,1.06,1.06,1.06,1.06,1.06,1.06,1.06,1.06,1.06,1.06,1.06,1.06,1.06,1.06,1.06,1.06,1.06,1.06,1.06,1.06
CL-PFU,v3.0b1,current,World,Patent fuel,Total energy supply; Total final consumption; Industry; Mining and quarrying,1.06,1.06,1.06,1.06,1.06,1.06,1.06,1.06,1.06,1.06,1.06,1.06,1.06,1.06,1.06,1.06,1.06,1.06,1.06,1.06,1.06,1.06,1.06,1.06,1.06,1.06
CL-PFU,v3.0b1,current,World,Patent fuel,Total energy supply; Total final consumption; Industry; Construction,1.06,1.06,1.06,1.06,1.06,1.06,1.06,1.06,1.06,1.06,1.06,1.06,1.06,1.06,1.06,1.06,1.06,1.06,1.06,1.06,1.06,1.06,1.06,1.06,1.06,1.06
CL-PFU,v3.0b1,current,World,Patent fuel,Total energy supply; Total final consumption; Industry; Manufacturing; Iron and steel,1.06,1.06,1.06,1.06,1.06,1.06,1.06,1.06,1.06,1.06,1.06,1.06,1.06,1.06,1.06,1.06,1.06,1.06,1.06,1.06,1.06,1.06,1.06,1.06,1.06,1.06
CL-PFU,v3.0b1,current,World,Patent fuel,Total energy supply; Total final consumption; Industry; Manufacturing; Chemical and petrochemical,1.06,1.06,1.06,1.06,1.06,1.06,1.06,1.06,1.06,1.06,1.06,1.06,1.06,1.06,1.06,1.06,1.06,1.06,1.06,1.06,1.06,1.06,1.06,1.06,1.06,1.06
CL-PFU,v3.0b1,current,World,Patent fuel,Total energy supply; Total final consumption; Industry; Manufacturing; Non-ferrous metals,1.06,1.06,1.06,1.06,1.06,1.06,1.06,1.06,1.06,1.06,1.06,1.06,1.06,1.06,1.06,1.06,1.06,1.06,1.06,1.06,1.06,1.06,1.06,1.06,1.06,1.06
CL-PFU,v3.0b1,current,World,Patent fuel,Total energy supply; Total final consumption; Industry; Manufacturing; Non-metallic minerals,1.06,1.06,1.06,1.06,1.06,1.06,1.06,1.06,1.06,1.06,1.06,1.06,1.06,1.06,1.06,1.06,1.06,1.06,1.06,1.06,1.06,1.06,1.06,1.06,1.06,1.06
CL-PFU,v3.0b1,current,World,Patent fuel,Total energy supply; Total final consumption; Industry; Manufacturing; Transport equipment,1.06,1.06,1.06,1.06,1.06,1.06,1.06,1.06,1.06,1.06,1.06,1.06,1.06,1.06,1.06,1.06,1.06,1.06,1.06,1.06,1.06,1.06,1.06,1.06,1.06,1.06
CL-PFU,v3.0b1,current,World,Patent fuel,Total energy supply; Total final consumption; Industry; Manufacturing; Machinery,1.06,1.06,1.06,1.06,1.06,1.06,1.06,1.06,1.06,1.06,1.06,1.06,1.06,1.06,1.06,1.06,1.06,1.06,1.06,1.06,1.06,1.06,1.06,1.06,1.06,1.06
CL-PFU,v3.0b1,current,World,Patent fuel,Total energy supply; Total final consumption; Industry; Manufacturing; Food and tobacco,1.06,1.06,1.06,1.06,1.06,1.06,1.06,1.06,1.06,1.06,1.06,1.06,1.06,1.06,1.06,1.06,1.06,1.06,1.06,1.06,1.06,1.06,1.06,1.06,1.06,1.06
CL-PFU,v3.0b1,current,World,Patent fuel,"Total energy supply; Total final consumption; Industry; Manufacturing; Paper, pulp and printing",1.06,1.06,1.06,1.06,1.06,1.06,1.06,1.06,1.06,1.06,1.06,1.06,1.06,1.06,1.06,1.06,1.06,1.06,1.06,1.06,1.06,1.06,1.06,1.06,1.06,1.06
CL-PFU,v3.0b1,current,World,Patent fuel,Total energy supply; Total final consumption; Industry; Manufacturing; Wood and wood products,1.06,1.06,1.06,1.06,1.06,1.06,1.06,1.06,1.06,1.06,1.06,1.06,1.06,1.06,1.06,1.06,1.06,1.06,1.06,1.06,1.06,1.06,1.06,1.06,1.06,1.06
CL-PFU,v3.0b1,current,World,Patent fuel,Total energy supply; Total final consumption; Industry; Manufacturing; Textile and leather,1.06,1.06,1.06,1.06,1.06,1.06,1.06,1.06,1.06,1.06,1.06,1.06,1.06,1.06,1.06,1.06,1.06,1.06,1.06,1.06,1.06,1.06,1.06,1.06,1.06,1.06
CL-PFU,v3.0b1,current,World,Patent fuel,Total energy supply; Total final consumption; Industry; Industry not elsewhere specified,1.06,1.06,1.06,1.06,1.06,1.06,1.06,1.06,1.06,1.06,1.06,1.06,1.06,1.06,1.06,1.06,1.06,1.06,1.06,1.06,1.06,1.06,1.06,1.06,1.06,1.06
CL-PFU,v3.0b1,current,World,Patent fuel,Total energy supply; Total final consumption; Transport; World aviation bunkers,1.06,1.06,1.06,1.06,1.06,1.06,1.06,1.06,1.06,1.06,1.06,1.06,1.06,1.06,1.06,1.06,1.06,1.06,1.06,1.06,1.06,1.06,1.06,1.06,1.06,1.06
CL-PFU,v3.0b1,current,World,Patent fuel,Total energy supply; Total final consumption; Transport; Domestic aviation,1.06,1.06,1.06,1.06,1.06,1.06,1.06,1.06,1.06,1.06,1.06,1.06,1.06,1.06,1.06,1.06,1.06,1.06,1.06,1.06,1.06,1.06,1.06,1.06,1.06,1.06
CL-PFU,v3.0b1,current,World,Patent fuel,Total energy supply; Total final consumption; Transport; Road,1.06,1.06,1.06,1.06,1.06,1.06,1.06,1.06,1.06,1.06,1.06,1.06,1.06,1.06,1.06,1.06,1.06,1.06,1.06,1.06,1.06,1.06,1.06,1.06,1.06,1.06
CL-PFU,v3.0b1,current,World,Patent fuel,Total energy supply; Total final consumption; Transport; Rail,1.06,1.06,1.06,1.06,1.06,1.06,1.06,1.06,1.06,1.06,1.06,1.06,1.06,1.06,1.06,1.06,1.06,1.06,1.06,1.06,1.06,1.06,1.06,1.06,1.06,1.06
CL-PFU,v3.0b1,current,World,Patent fuel,Total energy supply; Total final consumption; Transport; Pipeline transport,1.06,1.06,1.06,1.06,1.06,1.06,1.06,1.06,1.06,1.06,1.06,1.06,1.06,1.06,1.06,1.06,1.06,1.06,1.06,1.06,1.06,1.06,1.06,1.06,1.06,1.06
CL-PFU,v3.0b1,current,World,Patent fuel,Total energy supply; Total final consumption; Transport; World marine bunkers,1.06,1.06,1.06,1.06,1.06,1.06,1.06,1.06,1.06,1.06,1.06,1.06,1.06,1.06,1.06,1.06,1.06,1.06,1.06,1.06,1.06,1.06,1.06,1.06,1.06,1.06
CL-PFU,v3.0b1,current,World,Patent fuel,Total energy supply; Total final consumption; Transport; Domestic navigation,1.06,1.06,1.06,1.06,1.06,1.06,1.06,1.06,1.06,1.06,1.06,1.06,1.06,1.06,1.06,1.06,1.06,1.06,1.06,1.06,1.06,1.06,1.06,1.06,1.06,1.06
CL-PFU,v3.0b1,current,World,Patent fuel,Total energy supply; Total final consumption; Transport; Transport not elsewhere specified,1.06,1.06,1.06,1.06,1.06,1.06,1.06,1.06,1.06,1.06,1.06,1.06,1.06,1.06,1.06,1.06,1.06,1.06,1.06,1.06,1.06,1.06,1.06,1.06,1.06,1.06
CL-PFU,v3.0b1,current,World,Patent fuel,Total energy supply; Total final consumption; Residential,1.06,1.06,1.06,1.06,1.06,1.06,1.06,1.06,1.06,1.06,1.06,1.06,1.06,1.06,1.06,1.06,1.06,1.06,1.06,1.06,1.06,1.06,1.06,1.06,1.06,1.06
CL-PFU,v3.0b1,current,World,Patent fuel,Total energy supply; Total final consumption; Commercial and public services,1.06,1.06,1.06,1.06,1.06,1.06,1.06,1.06,1.06,1.06,1.06,1.06,1.06,1.06,1.06,1.06,1.06,1.06,1.06,1.06,1.06,1.06,1.06,1.06,1.06,1.06
CL-PFU,v3.0b1,current,World,Patent fuel,Total energy supply; Total final consumption; Agriculture/forestry,1.06,1.06,1.06,1.06,1.06,1.06,1.06,1.06,1.06,1.06,1.06,1.06,1.06,1.06,1.06,1.06,1.06,1.06,1.06,1.06,1.06,1.06,1.06,1.06,1.06,1.06
CL-PFU,v3.0b1,current,World,Patent fuel,Total energy supply; Total final consumption; Fishing,1.06,1.06,1.06,1.06,1.06,1.06,1.06,1.06,1.06,1.06,1.06,1.06,1.06,1.06,1.06,1.06,1.06,1.06,1.06,1.06,1.06,1.06,1.06,1.06,1.06,1.06
CL-PFU,v3.0b1,current,World,Patent fuel,Total energy supply; Total final consumption; Final consumption not elsewhere specified,1.06,1.06,1.06,1.06,1.06,1.06,1.06,1.06,1.06,1.06,1.06,1.06,1.06,1.06,1.06,1.06,1.06,1.06,1.06,1.06,1.06,1.06,1.06,1.06,1.06,1.06
CL-PFU,v3.0b1,current,World,Patent fuel,Total energy supply; Total final consumption; Non-energy use; Non-energy use industry/transformation/energy,1.06,1.06,1.06,1.06,1.06,1.06,1.06,1.06,1.06,1.06,1.06,1.06,1.06,1.06,1.06,1.06,1.06,1.06,1.06,1.06,1.06,1.06,1.06,1.06,1.06,1.06
CL-PFU,v3.0b1,current,World,Patent fuel,Total energy supply; Total final consumption; Non-energy use; Non-energy use in transport,1.06,1.06,1.06,1.06,1.06,1.06,1.06,1.06,1.06,1.06,1.06,1.06,1.06,1.06,1.06,1.06,1.06,1.06,1.06,1.06,1.06,1.06,1.06,1.06,1.06,1.06
CL-PFU,v3.0b1,current,World,Patent fuel,Total energy supply; Total final consumption; Non-energy use; Non-energy use in other,1.06,1.06,1.06,1.06,1.06,1.06,1.06,1.06,1.06,1.06,1.06,1.06,1.06,1.06,1.06,1.06,1.06,1.06,1.06,1.06,1.06,1.06,1.06,1.06,1.06,1.06
CL-PFU,v3.0b1,current,World,Peat,Total energy supply; Energy industry own use; Coal mines,1.11,1.11,1.11,1.11,1.11,1.11,1.11,1.11,1.11,1.11,1.11,1.11,1.11,1.11,1.11,1.11,1.11,1.11,1.11,1.11,1.11,1.11,1.11,1.11,1.11,1.11
CL-PFU,v3.0b1,current,World,Peat,Total energy supply; Energy industry own use; Oil and gas extraction,1.11,1.11,1.11,1.11,1.11,1.11,1.11,1.11,1.11,1.11,1.11,1.11,1.11,1.11,1.11,1.11,1.11,1.11,1.11,1.11,1.11,1.11,1.11,1.11,1.11,1.11
CL-PFU,v3.0b1,current,World,Peat,Total energy supply; Energy industry own use; Blast furnaces,1.11,1.11,1.11,1.11,1.11,1.11,1.11,1.11,1.11,1.11,1.11,1.11,1.11,1.11,1.11,1.11,1.11,1.11,1.11,1.11,1.11,1.11,1.11,1.11,1.11,1.11
CL-PFU,v3.0b1,current,World,Peat,Total energy supply; Energy industry own use; Gas works,1.11,1.11,1.11,1.11,1.11,1.11,1.11,1.11,1.11,1.11,1.11,1.11,1.11,1.11,1.11,1.11,1.11,1.11,1.11,1.11,1.11,1.11,1.11,1.11,1.11,1.11
CL-PFU,v3.0b1,current,World,Peat,Total energy supply; Energy industry own use; Gasification plants for biogases,1.11,1.11,1.11,1.11,1.11,1.11,1.11,1.11,1.11,1.11,1.11,1.11,1.11,1.11,1.11,1.11,1.11,1.11,1.11,1.11,1.11,1.11,1.11,1.11,1.11,1.11
CL-PFU,v3.0b1,current,World,Peat,Total energy supply; Energy industry own use; Coke ovens,1.11,1.11,1.11,1.11,1.11,1.11,1.11,1.11,1.11,1.11,1.11,1.11,1.11,1.11,1.11,1.11,1.11,1.11,1.11,1.11,1.11,1.11,1.11,1.11,1.11,1.11
CL-PFU,v3.0b1,current,World,Peat,Total energy supply; Energy industry own use; Patent fuel plants,1.11,1.11,1.11,1.11,1.11,1.11,1.11,1.11,1.11,1.11,1.11,1.11,1.11,1.11,1.11,1.11,1.11,1.11,1.11,1.11,1.11,1.11,1.11,1.11,1.11,1.11
CL-PFU,v3.0b1,current,World,Peat,Total energy supply; Energy industry own use; BKB/peat briquette plants,1.11,1.11,1.11,1.11,1.11,1.11,1.11,1.11,1.11,1.11,1.11,1.11,1.11,1.11,1.11,1.11,1.11,1.11,1.11,1.11,1.11,1.11,1.11,1.11,1.11,1.11
CL-PFU,v3.0b1,current,World,Peat,Total energy supply; Energy industry own use; Oil refineries,1.11,1.11,1.11,1.11,1.11,1.11,1.11,1.11,1.11,1.11,1.11,1.11,1.11,1.11,1.11,1.11,1.11,1.11,1.11,1.11,1.11,1.11,1.11,1.11,1.11,1.11
CL-PFU,v3.0b1,current,World,Peat,Total energy supply; Energy industry own use; Coal liquefaction plants,1.11,1.11,1.11,1.11,1.11,1.11,1.11,1.11,1.11,1.11,1.11,1.11,1.11,1.11,1.11,1.11,1.11,1.11,1.11,1.11,1.11,1.11,1.11,1.11,1.11,1.11
CL-PFU,v3.0b1,current,World,Peat,Total energy supply; Energy industry own use; Liquefaction (LNG) / regasification plants,1.11,1.11,1.11,1.11,1.11,1.11,1.11,1.11,1.11,1.11,1.11,1.11,1.11,1.11,1.11,1.11,1.11,1.11,1.11,1.11,1.11,1.11,1.11,1.11,1.11,1.11
CL-PFU,v3.0b1,current,World,Peat,Total energy supply; Energy industry own use; Gas-to-liquids (GTL) plants,1.11,1.11,1.11,1.11,1.11,1.11,1.11,1.11,1.11,1.11,1.11,1.11,1.11,1.11,1.11,1.11,1.11,1.11,1.11,1.11,1.11,1.11,1.11,1.11,1.11,1.11
CL-PFU,v3.0b1,current,World,Peat,"Total energy supply; Energy industry own use; Own use in electricity, CHP and heat plants",1.11,1.11,1.11,1.11,1.11,1.11,1.11,1.11,1.11,1.11,1.11,1.11,1.11,1.11,1.11,1.11,1.11,1.11,1.11,1.11,1.11,1.11,1.11,1.11,1.11,1.11
CL-PFU,v3.0b1,current,World,Peat,Total energy supply; Energy industry own use; Pumped storage plants,1.11,1.11,1.11,1.11,1.11,1.11,1.11,1.11,1.11,1.11,1.11,1.11,1.11,1.11,1.11,1.11,1.11,1.11,1.11,1.11,1.11,1.11,1.11,1.11,1.11,1.11
CL-PFU,v3.0b1,current,World,Peat,Total energy supply; Energy industry own use; Nuclear industry,1.11,1.11,1.11,1.11,1.11,1.11,1.11,1.11,1.11,1.11,1.11,1.11,1.11,1.11,1.11,1.11,1.11,1.11,1.11,1.11,1.11,1.11,1.11,1.11,1.11,1.11
CL-PFU,v3.0b1,current,World,Peat,Total energy supply; Energy industry own use; Charcoal production plants,1.11,1.11,1.11,1.11,1.11,1.11,1.11,1.11,1.11,1.11,1.11,1.11,1.11,1.11,1.11,1.11,1.11,1.11,1.11,1.11,1.11,1.11,1.11,1.11,1.11,1.11
CL-PFU,v3.0b1,current,World,Peat,Total energy supply; Energy industry own use; Non-specified (energy),1.11,1.11,1.11,1.11,1.11,1.11,1.11,1.11,1.11,1.11,1.11,1.11,1.11,1.11,1.11,1.11,1.11,1.11,1.11,1.11,1.11,1.11,1.11,1.11,1.11,1.11
CL-PFU,v3.0b1,current,World,Peat,Total energy supply; Losses,1.11,1.11,1.11,1.11,1.11,1.11,1.11,1.11,1.11,1.11,1.11,1.11,1.11,1.11,1.11,1.11,1.11,1.11,1.11,1.11,1.11,1.11,1.11,1.11,1.11,1.11
CL-PFU,v3.0b1,current,World,Peat,Total energy supply; Total final consumption; Industry; Mining and quarrying,1.11,1.11,1.11,1.11,1.11,1.11,1.11,1.11,1.11,1.11,1.11,1.11,1.11,1.11,1.11,1.11,1.11,1.11,1.11,1.11,1.11,1.11,1.11,1.11,1.11,1.11
CL-PFU,v3.0b1,current,World,Peat,Total energy supply; Total final consumption; Industry; Construction,1.11,1.11,1.11,1.11,1.11,1.11,1.11,1.11,1.11,1.11,1.11,1.11,1.11,1.11,1.11,1.11,1.11,1.11,1.11,1.11,1.11,1.11,1.11,1.11,1.11,1.11
CL-PFU,v3.0b1,current,World,Peat,Total energy supply; Total final consumption; Industry; Manufacturing; Iron and steel,1.11,1.11,1.11,1.11,1.11,1.11,1.11,1.11,1.11,1.11,1.11,1.11,1.11,1.11,1.11,1.11,1.11,1.11,1.11,1.11,1.11,1.11,1.11,1.11,1.11,1.11
CL-PFU,v3.0b1,current,World,Peat,Total energy supply; Total final consumption; Industry; Manufacturing; Chemical and petrochemical,1.11,1.11,1.11,1.11,1.11,1.11,1.11,1.11,1.11,1.11,1.11,1.11,1.11,1.11,1.11,1.11,1.11,1.11,1.11,1.11,1.11,1.11,1.11,1.11,1.11,1.11
CL-PFU,v3.0b1,current,World,Peat,Total energy supply; Total final consumption; Industry; Manufacturing; Non-ferrous metals,1.11,1.11,1.11,1.11,1.11,1.11,1.11,1.11,1.11,1.11,1.11,1.11,1.11,1.11,1.11,1.11,1.11,1.11,1.11,1.11,1.11,1.11,1.11,1.11,1.11,1.11
CL-PFU,v3.0b1,current,World,Peat,Total energy supply; Total final consumption; Industry; Manufacturing; Non-metallic minerals,1.11,1.11,1.11,1.11,1.11,1.11,1.11,1.11,1.11,1.11,1.11,1.11,1.11,1.11,1.11,1.11,1.11,1.11,1.11,1.11,1.11,1.11,1.11,1.11,1.11,1.11
CL-PFU,v3.0b1,current,World,Peat,Total energy supply; Total final consumption; Industry; Manufacturing; Transport equipment,1.11,1.11,1.11,1.11,1.11,1.11,1.11,1.11,1.11,1.11,1.11,1.11,1.11,1.11,1.11,1.11,1.11,1.11,1.11,1.11,1.11,1.11,1.11,1.11,1.11,1.11
CL-PFU,v3.0b1,current,World,Peat,Total energy supply; Total final consumption; Industry; Manufacturing; Machinery,1.11,1.11,1.11,1.11,1.11,1.11,1.11,1.11,1.11,1.11,1.11,1.11,1.11,1.11,1.11,1.11,1.11,1.11,1.11,1.11,1.11,1.11,1.11,1.11,1.11,1.11
CL-PFU,v3.0b1,current,World,Peat,Total energy supply; Total final consumption; Industry; Manufacturing; Food and tobacco,1.11,1.11,1.11,1.11,1.11,1.11,1.11,1.11,1.11,1.11,1.11,1.11,1.11,1.11,1.11,1.11,1.11,1.11,1.11,1.11,1.11,1.11,1.11,1.11,1.11,1.11
CL-PFU,v3.0b1,current,World,Peat,"Total energy supply; Total final consumption; Industry; Manufacturing; Paper, pulp and printing",1.11,1.11,1.11,1.11,1.11,1.11,1.11,1.11,1.11,1.11,1.11,1.11,1.11,1.11,1.11,1.11,1.11,1.11,1.11,1.11,1.11,1.11,1.11,1.11,1.11,1.11
CL-PFU,v3.0b1,current,World,Peat,Total energy supply; Total final consumption; Industry; Manufacturing; Wood and wood products,1.11,1.11,1.11,1.11,1.11,1.11,1.11,1.11,1.11,1.11,1.11,1.11,1.11,1.11,1.11,1.11,1.11,1.11,1.11,1.11,1.11,1.11,1.11,1.11,1.11,1.11
CL-PFU,v3.0b1,current,World,Peat,Total energy supply; Total final consumption; Industry; Manufacturing; Textile and leather,1.11,1.11,1.11,1.11,1.11,1.11,1.11,1.11,1.11,1.11,1.11,1.11,1.11,1.11,1.11,1.11,1.11,1.11,1.11,1.11,1.11,1.11,1.11,1.11,1.11,1.11
CL-PFU,v3.0b1,current,World,Peat,Total energy supply; Total final consumption; Industry; Industry not elsewhere specified,1.11,1.11,1.11,1.11,1.11,1.11,1.11,1.11,1.11,1.11,1.11,1.11,1.11,1.11,1.11,1.11,1.11,1.11,1.11,1.11,1.11,1.11,1.11,1.11,1.11,1.11
CL-PFU,v3.0b1,current,World,Peat,Total energy supply; Total final consumption; Transport; World aviation bunkers,1.11,1.11,1.11,1.11,1.11,1.11,1.11,1.11,1.11,1.11,1.11,1.11,1.11,1.11,1.11,1.11,1.11,1.11,1.11,1.11,1.11,1.11,1.11,1.11,1.11,1.11
CL-PFU,v3.0b1,current,World,Peat,Total energy supply; Total final consumption; Transport; Domestic aviation,1.11,1.11,1.11,1.11,1.11,1.11,1.11,1.11,1.11,1.11,1.11,1.11,1.11,1.11,1.11,1.11,1.11,1.11,1.11,1.11,1.11,1.11,1.11,1.11,1.11,1.11
CL-PFU,v3.0b1,current,World,Peat,Total energy supply; Total final consumption; Transport; Road,1.11,1.11,1.11,1.11,1.11,1.11,1.11,1.11,1.11,1.11,1.11,1.11,1.11,1.11,1.11,1.11,1.11,1.11,1.11,1.11,1.11,1.11,1.11,1.11,1.11,1.11
CL-PFU,v3.0b1,current,World,Peat,Total energy supply; Total final consumption; Transport; Rail,1.11,1.11,1.11,1.11,1.11,1.11,1.11,1.11,1.11,1.11,1.11,1.11,1.11,1.11,1.11,1.11,1.11,1.11,1.11,1.11,1.11,1.11,1.11,1.11,1.11,1.11
CL-PFU,v3.0b1,current,World,Peat,Total energy supply; Total final consumption; Transport; Pipeline transport,1.11,1.11,1.11,1.11,1.11,1.11,1.11,1.11,1.11,1.11,1.11,1.11,1.11,1.11,1.11,1.11,1.11,1.11,1.11,1.11,1.11,1.11,1.11,1.11,1.11,1.11
CL-PFU,v3.0b1,current,World,Peat,Total energy supply; Total final consumption; Transport; World marine bunkers,1.11,1.11,1.11,1.11,1.11,1.11,1.11,1.11,1.11,1.11,1.11,1.11,1.11,1.11,1.11,1.11,1.11,1.11,1.11,1.11,1.11,1.11,1.11,1.11,1.11,1.11
CL-PFU,v3.0b1,current,World,Peat,Total energy supply; Total final consumption; Transport; Domestic navigation,1.11,1.11,1.11,1.11,1.11,1.11,1.11,1.11,1.11,1.11,1.11,1.11,1.11,1.11,1.11,1.11,1.11,1.11,1.11,1.11,1.11,1.11,1.11,1.11,1.11,1.11
CL-PFU,v3.0b1,current,World,Peat,Total energy supply; Total final consumption; Transport; Transport not elsewhere specified,1.11,1.11,1.11,1.11,1.11,1.11,1.11,1.11,1.11,1.11,1.11,1.11,1.11,1.11,1.11,1.11,1.11,1.11,1.11,1.11,1.11,1.11,1.11,1.11,1.11,1.11
CL-PFU,v3.0b1,current,World,Peat,Total energy supply; Total final consumption; Residential,1.11,1.11,1.11,1.11,1.11,1.11,1.11,1.11,1.11,1.11,1.11,1.11,1.11,1.11,1.11,1.11,1.11,1.11,1.11,1.11,1.11,1.11,1.11,1.11,1.11,1.11
CL-PFU,v3.0b1,current,World,Peat,Total energy supply; Total final consumption; Commercial and public services,1.11,1.11,1.11,1.11,1.11,1.11,1.11,1.11,1.11,1.11,1.11,1.11,1.11,1.11,1.11,1.11,1.11,1.11,1.11,1.11,1.11,1.11,1.11,1.11,1.11,1.11
CL-PFU,v3.0b1,current,World,Peat,Total energy supply; Total final consumption; Agriculture/forestry,1.11,1.11,1.11,1.11,1.11,1.11,1.11,1.11,1.11,1.11,1.11,1.11,1.11,1.11,1.11,1.11,1.11,1.11,1.11,1.11,1.11,1.11,1.11,1.11,1.11,1.11
CL-PFU,v3.0b1,current,World,Peat,Total energy supply; Total final consumption; Fishing,1.11,1.11,1.11,1.11,1.11,1.11,1.11,1.11,1.11,1.11,1.11,1.11,1.11,1.11,1.11,1.11,1.11,1.11,1.11,1.11,1.11,1.11,1.11,1.11,1.11,1.11
CL-PFU,v3.0b1,current,World,Peat,Total energy supply; Total final consumption; Final consumption not elsewhere specified,1.11,1.11,1.11,1.11,1.11,1.11,1.11,1.11,1.11,1.11,1.11,1.11,1.11,1.11,1.11,1.11,1.11,1.11,1.11,1.11,1.11,1.11,1.11,1.11,1.11,1.11
CL-PFU,v3.0b1,current,World,Peat,Total energy supply; Total final consumption; Non-energy use; Non-energy use industry/transformation/energy,1.11,1.11,1.11,1.11,1.11,1.11,1.11,1.11,1.11,1.11,1.11,1.11,1.11,1.11,1.11,1.11,1.11,1.11,1.11,1.11,1.11,1.11,1.11,1.11,1.11,1.11
CL-PFU,v3.0b1,current,World,Peat,Total energy supply; Total final consumption; Non-energy use; Non-energy use in transport,1.11,1.11,1.11,1.11,1.11,1.11,1.11,1.11,1.11,1.11,1.11,1.11,1.11,1.11,1.11,1.11,1.11,1.11,1.11,1.11,1.11,1.11,1.11,1.11,1.11,1.11
CL-PFU,v3.0b1,current,World,Peat,Total energy supply; Total final consumption; Non-energy use; Non-energy use in other,1.11,1.11,1.11,1.11,1.11,1.11,1.11,1.11,1.11,1.11,1.11,1.11,1.11,1.11,1.11,1.11,1.11,1.11,1.11,1.11,1.11,1.11,1.11,1.11,1.11,1.11
CL-PFU,v3.0b1,current,World,Peat products,Total energy supply; Energy industry own use; Coal mines,1.11,1.11,1.11,1.11,1.11,1.11,1.11,1.11,1.11,1.11,1.11,1.11,1.11,1.11,1.11,1.11,1.11,1.11,1.11,1.11,1.11,1.11,1.11,1.11,1.11,1.11
CL-PFU,v3.0b1,current,World,Peat products,Total energy supply; Energy industry own use; Oil and gas extraction,1.11,1.11,1.11,1.11,1.11,1.11,1.11,1.11,1.11,1.11,1.11,1.11,1.11,1.11,1.11,1.11,1.11,1.11,1.11,1.11,1.11,1.11,1.11,1.11,1.11,1.11
CL-PFU,v3.0b1,current,World,Peat products,Total energy supply; Energy industry own use; Blast furnaces,1.11,1.11,1.11,1.11,1.11,1.11,1.11,1.11,1.11,1.11,1.11,1.11,1.11,1.11,1.11,1.11,1.11,1.11,1.11,1.11,1.11,1.11,1.11,1.11,1.11,1.11
CL-PFU,v3.0b1,current,World,Peat products,Total energy supply; Energy industry own use; Gas works,1.11,1.11,1.11,1.11,1.11,1.11,1.11,1.11,1.11,1.11,1.11,1.11,1.11,1.11,1.11,1.11,1.11,1.11,1.11,1.11,1.11,1.11,1.11,1.11,1.11,1.11
CL-PFU,v3.0b1,current,World,Peat products,Total energy supply; Energy industry own use; Gasification plants for biogases,1.11,1.11,1.11,1.11,1.11,1.11,1.11,1.11,1.11,1.11,1.11,1.11,1.11,1.11,1.11,1.11,1.11,1.11,1.11,1.11,1.11,1.11,1.11,1.11,1.11,1.11
CL-PFU,v3.0b1,current,World,Peat products,Total energy supply; Energy industry own use; Coke ovens,1.11,1.11,1.11,1.11,1.11,1.11,1.11,1.11,1.11,1.11,1.11,1.11,1.11,1.11,1.11,1.11,1.11,1.11,1.11,1.11,1.11,1.11,1.11,1.11,1.11,1.11
CL-PFU,v3.0b1,current,World,Peat products,Total energy supply; Energy industry own use; Patent fuel plants,1.11,1.11,1.11,1.11,1.11,1.11,1.11,1.11,1.11,1.11,1.11,1.11,1.11,1.11,1.11,1.11,1.11,1.11,1.11,1.11,1.11,1.11,1.11,1.11,1.11,1.11
CL-PFU,v3.0b1,current,World,Peat products,Total energy supply; Energy industry own use; BKB/peat briquette plants,1.11,1.11,1.11,1.11,1.11,1.11,1.11,1.11,1.11,1.11,1.11,1.11,1.11,1.11,1.11,1.11,1.11,1.11,1.11,1.11,1.11,1.11,1.11,1.11,1.11,1.11
CL-PFU,v3.0b1,current,World,Peat products,Total energy supply; Energy industry own use; Oil refineries,1.11,1.11,1.11,1.11,1.11,1.11,1.11,1.11,1.11,1.11,1.11,1.11,1.11,1.11,1.11,1.11,1.11,1.11,1.11,1.11,1.11,1.11,1.11,1.11,1.11,1.11
CL-PFU,v3.0b1,current,World,Peat products,Total energy supply; Energy industry own use; Coal liquefaction plants,1.11,1.11,1.11,1.11,1.11,1.11,1.11,1.11,1.11,1.11,1.11,1.11,1.11,1.11,1.11,1.11,1.11,1.11,1.11,1.11,1.11,1.11,1.11,1.11,1.11,1.11
CL-PFU,v3.0b1,current,World,Peat products,Total energy supply; Energy industry own use; Liquefaction (LNG) / regasification plants,1.11,1.11,1.11,1.11,1.11,1.11,1.11,1.11,1.11,1.11,1.11,1.11,1.11,1.11,1.11,1.11,1.11,1.11,1.11,1.11,1.11,1.11,1.11,1.11,1.11,1.11
CL-PFU,v3.0b1,current,World,Peat products,Total energy supply; Energy industry own use; Gas-to-liquids (GTL) plants,1.11,1.11,1.11,1.11,1.11,1.11,1.11,1.11,1.11,1.11,1.11,1.11,1.11,1.11,1.11,1.11,1.11,1.11,1.11,1.11,1.11,1.11,1.11,1.11,1.11,1.11
CL-PFU,v3.0b1,current,World,Peat products,"Total energy supply; Energy industry own use; Own use in electricity, CHP and heat plants",1.11,1.11,1.11,1.11,1.11,1.11,1.11,1.11,1.11,1.11,1.11,1.11,1.11,1.11,1.11,1.11,1.11,1.11,1.11,1.11,1.11,1.11,1.11,1.11,1.11,1.11
CL-PFU,v3.0b1,current,World,Peat products,Total energy supply; Energy industry own use; Pumped storage plants,1.11,1.11,1.11,1.11,1.11,1.11,1.11,1.11,1.11,1.11,1.11,1.11,1.11,1.11,1.11,1.11,1.11,1.11,1.11,1.11,1.11,1.11,1.11,1.11,1.11,1.11
CL-PFU,v3.0b1,current,World,Peat products,Total energy supply; Energy industry own use; Nuclear industry,1.11,1.11,1.11,1.11,1.11,1.11,1.11,1.11,1.11,1.11,1.11,1.11,1.11,1.11,1.11,1.11,1.11,1.11,1.11,1.11,1.11,1.11,1.11,1.11,1.11,1.11
CL-PFU,v3.0b1,current,World,Peat products,Total energy supply; Energy industry own use; Charcoal production plants,1.11,1.11,1.11,1.11,1.11,1.11,1.11,1.11,1.11,1.11,1.11,1.11,1.11,1.11,1.11,1.11,1.11,1.11,1.11,1.11,1.11,1.11,1.11,1.11,1.11,1.11
CL-PFU,v3.0b1,current,World,Peat products,Total energy supply; Energy industry own use; Non-specified (energy),1.11,1.11,1.11,1.11,1.11,1.11,1.11,1.11,1.11,1.11,1.11,1.11,1.11,1.11,1.11,1.11,1.11,1.11,1.11,1.11,1.11,1.11,1.11,1.11,1.11,1.11
CL-PFU,v3.0b1,current,World,Peat products,Total energy supply; Losses,1.11,1.11,1.11,1.11,1.11,1.11,1.11,1.11,1.11,1.11,1.11,1.11,1.11,1.11,1.11,1.11,1.11,1.11,1.11,1.11,1.11,1.11,1.11,1.11,1.11,1.11
CL-PFU,v3.0b1,current,World,Peat products,Total energy supply; Total final consumption; Industry; Mining and quarrying,1.11,1.11,1.11,1.11,1.11,1.11,1.11,1.11,1.11,1.11,1.11,1.11,1.11,1.11,1.11,1.11,1.11,1.11,1.11,1.11,1.11,1.11,1.11,1.11,1.11,1.11
CL-PFU,v3.0b1,current,World,Peat products,Total energy supply; Total final consumption; Industry; Construction,1.11,1.11,1.11,1.11,1.11,1.11,1.11,1.11,1.11,1.11,1.11,1.11,1.11,1.11,1.11,1.11,1.11,1.11,1.11,1.11,1.11,1.11,1.11,1.11,1.11,1.11
CL-PFU,v3.0b1,current,World,Peat products,Total energy supply; Total final consumption; Industry; Manufacturing; Iron and steel,1.11,1.11,1.11,1.11,1.11,1.11,1.11,1.11,1.11,1.11,1.11,1.11,1.11,1.11,1.11,1.11,1.11,1.11,1.11,1.11,1.11,1.11,1.11,1.11,1.11,1.11
CL-PFU,v3.0b1,current,World,Peat products,Total energy supply; Total final consumption; Industry; Manufacturing; Chemical and petrochemical,1.11,1.11,1.11,1.11,1.11,1.11,1.11,1.11,1.11,1.11,1.11,1.11,1.11,1.11,1.11,1.11,1.11,1.11,1.11,1.11,1.11,1.11,1.11,1.11,1.11,1.11
CL-PFU,v3.0b1,current,World,Peat products,Total energy supply; Total final consumption; Industry; Manufacturing; Non-ferrous metals,1.11,1.11,1.11,1.11,1.11,1.11,1.11,1.11,1.11,1.11,1.11,1.11,1.11,1.11,1.11,1.11,1.11,1.11,1.11,1.11,1.11,1.11,1.11,1.11,1.11,1.11
CL-PFU,v3.0b1,current,World,Peat products,Total energy supply; Total final consumption; Industry; Manufacturing; Non-metallic minerals,1.11,1.11,1.11,1.11,1.11,1.11,1.11,1.11,1.11,1.11,1.11,1.11,1.11,1.11,1.11,1.11,1.11,1.11,1.11,1.11,1.11,1.11,1.11,1.11,1.11,1.11
CL-PFU,v3.0b1,current,World,Peat products,Total energy supply; Total final consumption; Industry; Manufacturing; Transport equipment,1.11,1.11,1.11,1.11,1.11,1.11,1.11,1.11,1.11,1.11,1.11,1.11,1.11,1.11,1.11,1.11,1.11,1.11,1.11,1.11,1.11,1.11,1.11,1.11,1.11,1.11
CL-PFU,v3.0b1,current,World,Peat products,Total energy supply; Total final consumption; Industry; Manufacturing; Machinery,1.11,1.11,1.11,1.11,1.11,1.11,1.11,1.11,1.11,1.11,1.11,1.11,1.11,1.11,1.11,1.11,1.11,1.11,1.11,1.11,1.11,1.11,1.11,1.11,1.11,1.11
CL-PFU,v3.0b1,current,World,Peat products,Total energy supply; Total final consumption; Industry; Manufacturing; Food and tobacco,1.11,1.11,1.11,1.11,1.11,1.11,1.11,1.11,1.11,1.11,1.11,1.11,1.11,1.11,1.11,1.11,1.11,1.11,1.11,1.11,1.11,1.11,1.11,1.11,1.11,1.11
CL-PFU,v3.0b1,current,World,Peat products,"Total energy supply; Total final consumption; Industry; Manufacturing; Paper, pulp and printing",1.11,1.11,1.11,1.11,1.11,1.11,1.11,1.11,1.11,1.11,1.11,1.11,1.11,1.11,1.11,1.11,1.11,1.11,1.11,1.11,1.11,1.11,1.11,1.11,1.11,1.11
CL-PFU,v3.0b1,current,World,Peat products,Total energy supply; Total final consumption; Industry; Manufacturing; Wood and wood products,1.11,1.11,1.11,1.11,1.11,1.11,1.11,1.11,1.11,1.11,1.11,1.11,1.11,1.11,1.11,1.11,1.11,1.11,1.11,1.11,1.11,1.11,1.11,1.11,1.11,1.11
CL-PFU,v3.0b1,current,World,Peat products,Total energy supply; Total final consumption; Industry; Manufacturing; Textile and leather,1.11,1.11,1.11,1.11,1.11,1.11,1.11,1.11,1.11,1.11,1.11,1.11,1.11,1.11,1.11,1.11,1.11,1.11,1.11,1.11,1.11,1.11,1.11,1.11,1.11,1.11
CL-PFU,v3.0b1,current,World,Peat products,Total energy supply; Total final consumption; Industry; Industry not elsewhere specified,1.11,1.11,1.11,1.11,1.11,1.11,1.11,1.11,1.11,1.11,1.11,1.11,1.11,1.11,1.11,1.11,1.11,1.11,1.11,1.11,1.11,1.11,1.11,1.11,1.11,1.11
CL-PFU,v3.0b1,current,World,Peat products,Total energy supply; Total final consumption; Transport; World aviation bunkers,1.11,1.11,1.11,1.11,1.11,1.11,1.11,1.11,1.11,1.11,1.11,1.11,1.11,1.11,1.11,1.11,1.11,1.11,1.11,1.11,1.11,1.11,1.11,1.11,1.11,1.11
CL-PFU,v3.0b1,current,World,Peat products,Total energy supply; Total final consumption; Transport; Domestic aviation,1.11,1.11,1.11,1.11,1.11,1.11,1.11,1.11,1.11,1.11,1.11,1.11,1.11,1.11,1.11,1.11,1.11,1.11,1.11,1.11,1.11,1.11,1.11,1.11,1.11,1.11
CL-PFU,v3.0b1,current,World,Peat products,Total energy supply; Total final consumption; Transport; Road,1.11,1.11,1.11,1.11,1.11,1.11,1.11,1.11,1.11,1.11,1.11,1.11,1.11,1.11,1.11,1.11,1.11,1.11,1.11,1.11,1.11,1.11,1.11,1.11,1.11,1.11
CL-PFU,v3.0b1,current,World,Peat products,Total energy supply; Total final consumption; Transport; Rail,1.11,1.11,1.11,1.11,1.11,1.11,1.11,1.11,1.11,1.11,1.11,1.11,1.11,1.11,1.11,1.11,1.11,1.11,1.11,1.11,1.11,1.11,1.11,1.11,1.11,1.11
CL-PFU,v3.0b1,current,World,Peat products,Total energy supply; Total final consumption; Transport; Pipeline transport,1.11,1.11,1.11,1.11,1.11,1.11,1.11,1.11,1.11,1.11,1.11,1.11,1.11,1.11,1.11,1.11,1.11,1.11,1.11,1.11,1.11,1.11,1.11,1.11,1.11,1.11
CL-PFU,v3.0b1,current,World,Peat products,Total energy supply; Total final consumption; Transport; World marine bunkers,1.11,1.11,1.11,1.11,1.11,1.11,1.11,1.11,1.11,1.11,1.11,1.11,1.11,1.11,1.11,1.11,1.11,1.11,1.11,1.11,1.11,1.11,1.11,1.11,1.11,1.11
CL-PFU,v3.0b1,current,World,Peat products,Total energy supply; Total final consumption; Transport; Domestic navigation,1.11,1.11,1.11,1.11,1.11,1.11,1.11,1.11,1.11,1.11,1.11,1.11,1.11,1.11,1.11,1.11,1.11,1.11,1.11,1.11,1.11,1.11,1.11,1.11,1.11,1.11
CL-PFU,v3.0b1,current,World,Peat products,Total energy supply; Total final consumption; Transport; Transport not elsewhere specified,1.11,1.11,1.11,1.11,1.11,1.11,1.11,1.11,1.11,1.11,1.11,1.11,1.11,1.11,1.11,1.11,1.11,1.11,1.11,1.11,1.11,1.11,1.11,1.11,1.11,1.11
CL-PFU,v3.0b1,current,World,Peat products,Total energy supply; Total final consumption; Residential,1.11,1.11,1.11,1.11,1.11,1.11,1.11,1.11,1.11,1.11,1.11,1.11,1.11,1.11,1.11,1.11,1.11,1.11,1.11,1.11,1.11,1.11,1.11,1.11,1.11,1.11
CL-PFU,v3.0b1,current,World,Peat products,Total energy supply; Total final consumption; Commercial and public services,1.11,1.11,1.11,1.11,1.11,1.11,1.11,1.11,1.11,1.11,1.11,1.11,1.11,1.11,1.11,1.11,1.11,1.11,1.11,1.11,1.11,1.11,1.11,1.11,1.11,1.11
CL-PFU,v3.0b1,current,World,Peat products,Total energy supply; Total final consumption; Agriculture/forestry,1.11,1.11,1.11,1.11,1.11,1.11,1.11,1.11,1.11,1.11,1.11,1.11,1.11,1.11,1.11,1.11,1.11,1.11,1.11,1.11,1.11,1.11,1.11,1.11,1.11,1.11
CL-PFU,v3.0b1,current,World,Peat products,Total energy supply; Total final consumption; Fishing,1.11,1.11,1.11,1.11,1.11,1.11,1.11,1.11,1.11,1.11,1.11,1.11,1.11,1.11,1.11,1.11,1.11,1.11,1.11,1.11,1.11,1.11,1.11,1.11,1.11,1.11
CL-PFU,v3.0b1,current,World,Peat products,Total energy supply; Total final consumption; Final consumption not elsewhere specified,1.11,1.11,1.11,1.11,1.11,1.11,1.11,1.11,1.11,1.11,1.11,1.11,1.11,1.11,1.11,1.11,1.11,1.11,1.11,1.11,1.11,1.11,1.11,1.11,1.11,1.11
CL-PFU,v3.0b1,current,World,Peat products,Total energy supply; Total final consumption; Non-energy use; Non-energy use industry/transformation/energy,1.11,1.11,1.11,1.11,1.11,1.11,1.11,1.11,1.11,1.11,1.11,1.11,1.11,1.11,1.11,1.11,1.11,1.11,1.11,1.11,1.11,1.11,1.11,1.11,1.11,1.11
CL-PFU,v3.0b1,current,World,Peat products,Total energy supply; Total final consumption; Non-energy use; Non-energy use in transport,1.11,1.11,1.11,1.11,1.11,1.11,1.11,1.11,1.11,1.11,1.11,1.11,1.11,1.11,1.11,1.11,1.11,1.11,1.11,1.11,1.11,1.11,1.11,1.11,1.11,1.11
CL-PFU,v3.0b1,current,World,Peat products,Total energy supply; Total final consumption; Non-energy use; Non-energy use in other,1.11,1.11,1.11,1.11,1.11,1.11,1.11,1.11,1.11,1.11,1.11,1.11,1.11,1.11,1.11,1.11,1.11,1.11,1.11,1.11,1.11,1.11,1.11,1.11,1.11,1.11
CL-PFU,v3.0b1,current,World,Petroleum coke,Total energy supply; Energy industry own use; Coal mines,1.06,1.06,1.06,1.06,1.06,1.06,1.06,1.06,1.06,1.06,1.06,1.06,1.06,1.06,1.06,1.06,1.06,1.06,1.06,1.06,1.06,1.06,1.06,1.06,1.06,1.06
CL-PFU,v3.0b1,current,World,Petroleum coke,Total energy supply; Energy industry own use; Oil and gas extraction,1.06,1.06,1.06,1.06,1.06,1.06,1.06,1.06,1.06,1.06,1.06,1.06,1.06,1.06,1.06,1.06,1.06,1.06,1.06,1.06,1.06,1.06,1.06,1.06,1.06,1.06
CL-PFU,v3.0b1,current,World,Petroleum coke,Total energy supply; Energy industry own use; Blast furnaces,1.06,1.06,1.06,1.06,1.06,1.06,1.06,1.06,1.06,1.06,1.06,1.06,1.06,1.06,1.06,1.06,1.06,1.06,1.06,1.06,1.06,1.06,1.06,1.06,1.06,1.06
CL-PFU,v3.0b1,current,World,Petroleum coke,Total energy supply; Energy industry own use; Gas works,1.06,1.06,1.06,1.06,1.06,1.06,1.06,1.06,1.06,1.06,1.06,1.06,1.06,1.06,1.06,1.06,1.06,1.06,1.06,1.06,1.06,1.06,1.06,1.06,1.06,1.06
CL-PFU,v3.0b1,current,World,Petroleum coke,Total energy supply; Energy industry own use; Gasification plants for biogases,1.06,1.06,1.06,1.06,1.06,1.06,1.06,1.06,1.06,1.06,1.06,1.06,1.06,1.06,1.06,1.06,1.06,1.06,1.06,1.06,1.06,1.06,1.06,1.06,1.06,1.06
CL-PFU,v3.0b1,current,World,Petroleum coke,Total energy supply; Energy industry own use; Coke ovens,1.06,1.06,1.06,1.06,1.06,1.06,1.06,1.06,1.06,1.06,1.06,1.06,1.06,1.06,1.06,1.06,1.06,1.06,1.06,1.06,1.06,1.06,1.06,1.06,1.06,1.06
CL-PFU,v3.0b1,current,World,Petroleum coke,Total energy supply; Energy industry own use; Patent fuel plants,1.06,1.06,1.06,1.06,1.06,1.06,1.06,1.06,1.06,1.06,1.06,1.06,1.06,1.06,1.06,1.06,1.06,1.06,1.06,1.06,1.06,1.06,1.06,1.06,1.06,1.06
CL-PFU,v3.0b1,current,World,Petroleum coke,Total energy supply; Energy industry own use; BKB/peat briquette plants,1.06,1.06,1.06,1.06,1.06,1.06,1.06,1.06,1.06,1.06,1.06,1.06,1.06,1.06,1.06,1.06,1.06,1.06,1.06,1.06,1.06,1.06,1.06,1.06,1.06,1.06
CL-PFU,v3.0b1,current,World,Petroleum coke,Total energy supply; Energy industry own use; Oil refineries,1.06,1.06,1.06,1.06,1.06,1.06,1.06,1.06,1.06,1.06,1.06,1.06,1.06,1.06,1.06,1.06,1.06,1.06,1.06,1.06,1.06,1.06,1.06,1.06,1.06,1.06
CL-PFU,v3.0b1,current,World,Petroleum coke,Total energy supply; Energy industry own use; Coal liquefaction plants,1.06,1.06,1.06,1.06,1.06,1.06,1.06,1.06,1.06,1.06,1.06,1.06,1.06,1.06,1.06,1.06,1.06,1.06,1.06,1.06,1.06,1.06,1.06,1.06,1.06,1.06
CL-PFU,v3.0b1,current,World,Petroleum coke,Total energy supply; Energy industry own use; Liquefaction (LNG) / regasification plants,1.06,1.06,1.06,1.06,1.06,1.06,1.06,1.06,1.06,1.06,1.06,1.06,1.06,1.06,1.06,1.06,1.06,1.06,1.06,1.06,1.06,1.06,1.06,1.06,1.06,1.06
CL-PFU,v3.0b1,current,World,Petroleum coke,Total energy supply; Energy industry own use; Gas-to-liquids (GTL) plants,1.06,1.06,1.06,1.06,1.06,1.06,1.06,1.06,1.06,1.06,1.06,1.06,1.06,1.06,1.06,1.06,1.06,1.06,1.06,1.06,1.06,1.06,1.06,1.06,1.06,1.06
CL-PFU,v3.0b1,current,World,Petroleum coke,"Total energy supply; Energy industry own use; Own use in electricity, CHP and heat plants",1.06,1.06,1.06,1.06,1.06,1.06,1.06,1.06,1.06,1.06,1.06,1.06,1.06,1.06,1.06,1.06,1.06,1.06,1.06,1.06,1.06,1.06,1.06,1.06,1.06,1.06
CL-PFU,v3.0b1,current,World,Petroleum coke,Total energy supply; Energy industry own use; Pumped storage plants,1.06,1.06,1.06,1.06,1.06,1.06,1.06,1.06,1.06,1.06,1.06,1.06,1.06,1.06,1.06,1.06,1.06,1.06,1.06,1.06,1.06,1.06,1.06,1.06,1.06,1.06
CL-PFU,v3.0b1,current,World,Petroleum coke,Total energy supply; Energy industry own use; Nuclear industry,1.06,1.06,1.06,1.06,1.06,1.06,1.06,1.06,1.06,1.06,1.06,1.06,1.06,1.06,1.06,1.06,1.06,1.06,1.06,1.06,1.06,1.06,1.06,1.06,1.06,1.06
CL-PFU,v3.0b1,current,World,Petroleum coke,Total energy supply; Energy industry own use; Charcoal production plants,1.06,1.06,1.06,1.06,1.06,1.06,1.06,1.06,1.06,1.06,1.06,1.06,1.06,1.06,1.06,1.06,1.06,1.06,1.06,1.06,1.06,1.06,1.06,1.06,1.06,1.06
CL-PFU,v3.0b1,current,World,Petroleum coke,Total energy supply; Energy industry own use; Non-specified (energy),1.06,1.06,1.06,1.06,1.06,1.06,1.06,1.06,1.06,1.06,1.06,1.06,1.06,1.06,1.06,1.06,1.06,1.06,1.06,1.06,1.06,1.06,1.06,1.06,1.06,1.06
CL-PFU,v3.0b1,current,World,Petroleum coke,Total energy supply; Losses,1.06,1.06,1.06,1.06,1.06,1.06,1.06,1.06,1.06,1.06,1.06,1.06,1.06,1.06,1.06,1.06,1.06,1.06,1.06,1.06,1.06,1.06,1.06,1.06,1.06,1.06
CL-PFU,v3.0b1,current,World,Petroleum coke,Total energy supply; Total final consumption; Industry; Mining and quarrying,1.06,1.06,1.06,1.06,1.06,1.06,1.06,1.06,1.06,1.06,1.06,1.06,1.06,1.06,1.06,1.06,1.06,1.06,1.06,1.06,1.06,1.06,1.06,1.06,1.06,1.06
CL-PFU,v3.0b1,current,World,Petroleum coke,Total energy supply; Total final consumption; Industry; Construction,1.06,1.06,1.06,1.06,1.06,1.06,1.06,1.06,1.06,1.06,1.06,1.06,1.06,1.06,1.06,1.06,1.06,1.06,1.06,1.06,1.06,1.06,1.06,1.06,1.06,1.06
CL-PFU,v3.0b1,current,World,Petroleum coke,Total energy supply; Total final consumption; Industry; Manufacturing; Iron and steel,1.06,1.06,1.06,1.06,1.06,1.06,1.06,1.06,1.06,1.06,1.06,1.06,1.06,1.06,1.06,1.06,1.06,1.06,1.06,1.06,1.06,1.06,1.06,1.06,1.06,1.06
CL-PFU,v3.0b1,current,World,Petroleum coke,Total energy supply; Total final consumption; Industry; Manufacturing; Chemical and petrochemical,1.06,1.06,1.06,1.06,1.06,1.06,1.06,1.06,1.06,1.06,1.06,1.06,1.06,1.06,1.06,1.06,1.06,1.06,1.06,1.06,1.06,1.06,1.06,1.06,1.06,1.06
CL-PFU,v3.0b1,current,World,Petroleum coke,Total energy supply; Total final consumption; Industry; Manufacturing; Non-ferrous metals,1.06,1.06,1.06,1.06,1.06,1.06,1.06,1.06,1.06,1.06,1.06,1.06,1.06,1.06,1.06,1.06,1.06,1.06,1.06,1.06,1.06,1.06,1.06,1.06,1.06,1.06
CL-PFU,v3.0b1,current,World,Petroleum coke,Total energy supply; Total final consumption; Industry; Manufacturing; Non-metallic minerals,1.06,1.06,1.06,1.06,1.06,1.06,1.06,1.06,1.06,1.06,1.06,1.06,1.06,1.06,1.06,1.06,1.06,1.06,1.06,1.06,1.06,1.06,1.06,1.06,1.06,1.06
CL-PFU,v3.0b1,current,World,Petroleum coke,Total energy supply; Total final consumption; Industry; Manufacturing; Transport equipment,1.06,1.06,1.06,1.06,1.06,1.06,1.06,1.06,1.06,1.06,1.06,1.06,1.06,1.06,1.06,1.06,1.06,1.06,1.06,1.06,1.06,1.06,1.06,1.06,1.06,1.06
CL-PFU,v3.0b1,current,World,Petroleum coke,Total energy supply; Total final consumption; Industry; Manufacturing; Machinery,1.06,1.06,1.06,1.06,1.06,1.06,1.06,1.06,1.06,1.06,1.06,1.06,1.06,1.06,1.06,1.06,1.06,1.06,1.06,1.06,1.06,1.06,1.06,1.06,1.06,1.06
CL-PFU,v3.0b1,current,World,Petroleum coke,Total energy supply; Total final consumption; Industry; Manufacturing; Food and tobacco,1.06,1.06,1.06,1.06,1.06,1.06,1.06,1.06,1.06,1.06,1.06,1.06,1.06,1.06,1.06,1.06,1.06,1.06,1.06,1.06,1.06,1.06,1.06,1.06,1.06,1.06
CL-PFU,v3.0b1,current,World,Petroleum coke,"Total energy supply; Total final consumption; Industry; Manufacturing; Paper, pulp and printing",1.06,1.06,1.06,1.06,1.06,1.06,1.06,1.06,1.06,1.06,1.06,1.06,1.06,1.06,1.06,1.06,1.06,1.06,1.06,1.06,1.06,1.06,1.06,1.06,1.06,1.06
CL-PFU,v3.0b1,current,World,Petroleum coke,Total energy supply; Total final consumption; Industry; Manufacturing; Wood and wood products,1.06,1.06,1.06,1.06,1.06,1.06,1.06,1.06,1.06,1.06,1.06,1.06,1.06,1.06,1.06,1.06,1.06,1.06,1.06,1.06,1.06,1.06,1.06,1.06,1.06,1.06
CL-PFU,v3.0b1,current,World,Petroleum coke,Total energy supply; Total final consumption; Industry; Manufacturing; Textile and leather,1.06,1.06,1.06,1.06,1.06,1.06,1.06,1.06,1.06,1.06,1.06,1.06,1.06,1.06,1.06,1.06,1.06,1.06,1.06,1.06,1.06,1.06,1.06,1.06,1.06,1.06
CL-PFU,v3.0b1,current,World,Petroleum coke,Total energy supply; Total final consumption; Industry; Industry not elsewhere specified,1.06,1.06,1.06,1.06,1.06,1.06,1.06,1.06,1.06,1.06,1.06,1.06,1.06,1.06,1.06,1.06,1.06,1.06,1.06,1.06,1.06,1.06,1.06,1.06,1.06,1.06
CL-PFU,v3.0b1,current,World,Petroleum coke,Total energy supply; Total final consumption; Transport; World aviation bunkers,1.06,1.06,1.06,1.06,1.06,1.06,1.06,1.06,1.06,1.06,1.06,1.06,1.06,1.06,1.06,1.06,1.06,1.06,1.06,1.06,1.06,1.06,1.06,1.06,1.06,1.06
CL-PFU,v3.0b1,current,World,Petroleum coke,Total energy supply; Total final consumption; Transport; Domestic aviation,1.06,1.06,1.06,1.06,1.06,1.06,1.06,1.06,1.06,1.06,1.06,1.06,1.06,1.06,1.06,1.06,1.06,1.06,1.06,1.06,1.06,1.06,1.06,1.06,1.06,1.06
CL-PFU,v3.0b1,current,World,Petroleum coke,Total energy supply; Total final consumption; Transport; Road,1.06,1.06,1.06,1.06,1.06,1.06,1.06,1.06,1.06,1.06,1.06,1.06,1.06,1.06,1.06,1.06,1.06,1.06,1.06,1.06,1.06,1.06,1.06,1.06,1.06,1.06
CL-PFU,v3.0b1,current,World,Petroleum coke,Total energy supply; Total final consumption; Transport; Rail,1.06,1.06,1.06,1.06,1.06,1.06,1.06,1.06,1.06,1.06,1.06,1.06,1.06,1.06,1.06,1.06,1.06,1.06,1.06,1.06,1.06,1.06,1.06,1.06,1.06,1.06
CL-PFU,v3.0b1,current,World,Petroleum coke,Total energy supply; Total final consumption; Transport; Pipeline transport,1.06,1.06,1.06,1.06,1.06,1.06,1.06,1.06,1.06,1.06,1.06,1.06,1.06,1.06,1.06,1.06,1.06,1.06,1.06,1.06,1.06,1.06,1.06,1.06,1.06,1.06
CL-PFU,v3.0b1,current,World,Petroleum coke,Total energy supply; Total final consumption; Transport; World marine bunkers,1.06,1.06,1.06,1.06,1.06,1.06,1.06,1.06,1.06,1.06,1.06,1.06,1.06,1.06,1.06,1.06,1.06,1.06,1.06,1.06,1.06,1.06,1.06,1.06,1.06,1.06
CL-PFU,v3.0b1,current,World,Petroleum coke,Total energy supply; Total final consumption; Transport; Domestic navigation,1.06,1.06,1.06,1.06,1.06,1.06,1.06,1.06,1.06,1.06,1.06,1.06,1.06,1.06,1.06,1.06,1.06,1.06,1.06,1.06,1.06,1.06,1.06,1.06,1.06,1.06
CL-PFU,v3.0b1,current,World,Petroleum coke,Total energy supply; Total final consumption; Transport; Transport not elsewhere specified,1.06,1.06,1.06,1.06,1.06,1.06,1.06,1.06,1.06,1.06,1.06,1.06,1.06,1.06,1.06,1.06,1.06,1.06,1.06,1.06,1.06,1.06,1.06,1.06,1.06,1.06
CL-PFU,v3.0b1,current,World,Petroleum coke,Total energy supply; Total final consumption; Residential,1.06,1.06,1.06,1.06,1.06,1.06,1.06,1.06,1.06,1.06,1.06,1.06,1.06,1.06,1.06,1.06,1.06,1.06,1.06,1.06,1.06,1.06,1.06,1.06,1.06,1.06
CL-PFU,v3.0b1,current,World,Petroleum coke,Total energy supply; Total final consumption; Commercial and public services,1.06,1.06,1.06,1.06,1.06,1.06,1.06,1.06,1.06,1.06,1.06,1.06,1.06,1.06,1.06,1.06,1.06,1.06,1.06,1.06,1.06,1.06,1.06,1.06,1.06,1.06
CL-PFU,v3.0b1,current,World,Petroleum coke,Total energy supply; Total final consumption; Agriculture/forestry,1.06,1.06,1.06,1.06,1.06,1.06,1.06,1.06,1.06,1.06,1.06,1.06,1.06,1.06,1.06,1.06,1.06,1.06,1.06,1.06,1.06,1.06,1.06,1.06,1.06,1.06
CL-PFU,v3.0b1,current,World,Petroleum coke,Total energy supply; Total final consumption; Fishing,1.06,1.06,1.06,1.06,1.06,1.06,1.06,1.06,1.06,1.06,1.06,1.06,1.06,1.06,1.06,1.06,1.06,1.06,1.06,1.06,1.06,1.06,1.06,1.06,1.06,1.06
CL-PFU,v3.0b1,current,World,Petroleum coke,Total energy supply; Total final consumption; Final consumption not elsewhere specified,1.06,1.06,1.06,1.06,1.06,1.06,1.06,1.06,1.06,1.06,1.06,1.06,1.06,1.06,1.06,1.06,1.06,1.06,1.06,1.06,1.06,1.06,1.06,1.06,1.06,1.06
CL-PFU,v3.0b1,current,World,Petroleum coke,Total energy supply; Total final consumption; Non-energy use; Non-energy use industry/transformation/energy,1.06,1.06,1.06,1.06,1.06,1.06,1.06,1.06,1.06,1.06,1.06,1.06,1.06,1.06,1.06,1.06,1.06,1.06,1.06,1.06,1.06,1.06,1.06,1.06,1.06,1.06
CL-PFU,v3.0b1,current,World,Petroleum coke,Total energy supply; Total final consumption; Non-energy use; Non-energy use in transport,1.06,1.06,1.06,1.06,1.06,1.06,1.06,1.06,1.06,1.06,1.06,1.06,1.06,1.06,1.06,1.06,1.06,1.06,1.06,1.06,1.06,1.06,1.06,1.06,1.06,1.06
CL-PFU,v3.0b1,current,World,Petroleum coke,Total energy supply; Total final consumption; Non-energy use; Non-energy use in other,1.06,1.06,1.06,1.06,1.06,1.06,1.06,1.06,1.06,1.06,1.06,1.06,1.06,1.06,1.06,1.06,1.06,1.06,1.06,1.06,1.06,1.06,1.06,1.06,1.06,1.06
CL-PFU,v3.0b1,current,World,Primary solid biofuels,Total energy supply; Energy industry own use; Coal mines,1.15,1.15,1.15,1.15,1.15,1.15,1.15,1.15,1.15,1.15,1.15,1.15,1.15,1.15,1.15,1.15,1.15,1.15,1.15,1.15,1.15,1.15,1.15,1.15,1.15,1.15
CL-PFU,v3.0b1,current,World,Primary solid biofuels,Total energy supply; Energy industry own use; Oil and gas extraction,1.15,1.15,1.15,1.15,1.15,1.15,1.15,1.15,1.15,1.15,1.15,1.15,1.15,1.15,1.15,1.15,1.15,1.15,1.15,1.15,1.15,1.15,1.15,1.15,1.15,1.15
CL-PFU,v3.0b1,current,World,Primary solid biofuels,Total energy supply; Energy industry own use; Blast furnaces,1.15,1.15,1.15,1.15,1.15,1.15,1.15,1.15,1.15,1.15,1.15,1.15,1.15,1.15,1.15,1.15,1.15,1.15,1.15,1.15,1.15,1.15,1.15,1.15,1.15,1.15
CL-PFU,v3.0b1,current,World,Primary solid biofuels,Total energy supply; Energy industry own use; Gas works,1.15,1.15,1.15,1.15,1.15,1.15,1.15,1.15,1.15,1.15,1.15,1.15,1.15,1.15,1.15,1.15,1.15,1.15,1.15,1.15,1.15,1.15,1.15,1.15,1.15,1.15
CL-PFU,v3.0b1,current,World,Primary solid biofuels,Total energy supply; Energy industry own use; Gasification plants for biogases,1.15,1.15,1.15,1.15,1.15,1.15,1.15,1.15,1.15,1.15,1.15,1.15,1.15,1.15,1.15,1.15,1.15,1.15,1.15,1.15,1.15,1.15,1.15,1.15,1.15,1.15
CL-PFU,v3.0b1,current,World,Primary solid biofuels,Total energy supply; Energy industry own use; Coke ovens,1.15,1.15,1.15,1.15,1.15,1.15,1.15,1.15,1.15,1.15,1.15,1.15,1.15,1.15,1.15,1.15,1.15,1.15,1.15,1.15,1.15,1.15,1.15,1.15,1.15,1.15
CL-PFU,v3.0b1,current,World,Primary solid biofuels,Total energy supply; Energy industry own use; Patent fuel plants,1.15,1.15,1.15,1.15,1.15,1.15,1.15,1.15,1.15,1.15,1.15,1.15,1.15,1.15,1.15,1.15,1.15,1.15,1.15,1.15,1.15,1.15,1.15,1.15,1.15,1.15
CL-PFU,v3.0b1,current,World,Primary solid biofuels,Total energy supply; Energy industry own use; BKB/peat briquette plants,1.15,1.15,1.15,1.15,1.15,1.15,1.15,1.15,1.15,1.15,1.15,1.15,1.15,1.15,1.15,1.15,1.15,1.15,1.15,1.15,1.15,1.15,1.15,1.15,1.15,1.15
CL-PFU,v3.0b1,current,World,Primary solid biofuels,Total energy supply; Energy industry own use; Oil refineries,1.15,1.15,1.15,1.15,1.15,1.15,1.15,1.15,1.15,1.15,1.15,1.15,1.15,1.15,1.15,1.15,1.15,1.15,1.15,1.15,1.15,1.15,1.15,1.15,1.15,1.15
CL-PFU,v3.0b1,current,World,Primary solid biofuels,Total energy supply; Energy industry own use; Coal liquefaction plants,1.15,1.15,1.15,1.15,1.15,1.15,1.15,1.15,1.15,1.15,1.15,1.15,1.15,1.15,1.15,1.15,1.15,1.15,1.15,1.15,1.15,1.15,1.15,1.15,1.15,1.15
CL-PFU,v3.0b1,current,World,Primary solid biofuels,Total energy supply; Energy industry own use; Liquefaction (LNG) / regasification plants,1.15,1.15,1.15,1.15,1.15,1.15,1.15,1.15,1.15,1.15,1.15,1.15,1.15,1.15,1.15,1.15,1.15,1.15,1.15,1.15,1.15,1.15,1.15,1.15,1.15,1.15
CL-PFU,v3.0b1,current,World,Primary solid biofuels,Total energy supply; Energy industry own use; Gas-to-liquids (GTL) plants,1.15,1.15,1.15,1.15,1.15,1.15,1.15,1.15,1.15,1.15,1.15,1.15,1.15,1.15,1.15,1.15,1.15,1.15,1.15,1.15,1.15,1.15,1.15,1.15,1.15,1.15
CL-PFU,v3.0b1,current,World,Primary solid biofuels,"Total energy supply; Energy industry own use; Own use in electricity, CHP and heat plants",1.15,1.15,1.15,1.15,1.15,1.15,1.15,1.15,1.15,1.15,1.15,1.15,1.15,1.15,1.15,1.15,1.15,1.15,1.15,1.15,1.15,1.15,1.15,1.15,1.15,1.15
CL-PFU,v3.0b1,current,World,Primary solid biofuels,Total energy supply; Energy industry own use; Pumped storage plants,1.15,1.15,1.15,1.15,1.15,1.15,1.15,1.15,1.15,1.15,1.15,1.15,1.15,1.15,1.15,1.15,1.15,1.15,1.15,1.15,1.15,1.15,1.15,1.15,1.15,1.15
CL-PFU,v3.0b1,current,World,Primary solid biofuels,Total energy supply; Energy industry own use; Nuclear industry,1.15,1.15,1.15,1.15,1.15,1.15,1.15,1.15,1.15,1.15,1.15,1.15,1.15,1.15,1.15,1.15,1.15,1.15,1.15,1.15,1.15,1.15,1.15,1.15,1.15,1.15
CL-PFU,v3.0b1,current,World,Primary solid biofuels,Total energy supply; Energy industry own use; Charcoal production plants,1.15,1.15,1.15,1.15,1.15,1.15,1.15,1.15,1.15,1.15,1.15,1.15,1.15,1.15,1.15,1.15,1.15,1.15,1.15,1.15,1.15,1.15,1.15,1.15,1.15,1.15
CL-PFU,v3.0b1,current,World,Primary solid biofuels,Total energy supply; Energy industry own use; Non-specified (energy),1.15,1.15,1.15,1.15,1.15,1.15,1.15,1.15,1.15,1.15,1.15,1.15,1.15,1.15,1.15,1.15,1.15,1.15,1.15,1.15,1.15,1.15,1.15,1.15,1.15,1.15
CL-PFU,v3.0b1,current,World,Primary solid biofuels,Total energy supply; Losses,1.15,1.15,1.15,1.15,1.15,1.15,1.15,1.15,1.15,1.15,1.15,1.15,1.15,1.15,1.15,1.15,1.15,1.15,1.15,1.15,1.15,1.15,1.15,1.15,1.15,1.15
CL-PFU,v3.0b1,current,World,Primary solid biofuels,Total energy supply; Total final consumption; Industry; Mining and quarrying,1.15,1.15,1.15,1.15,1.15,1.15,1.15,1.15,1.15,1.15,1.15,1.15,1.15,1.15,1.15,1.15,1.15,1.15,1.15,1.15,1.15,1.15,1.15,1.15,1.15,1.15
CL-PFU,v3.0b1,current,World,Primary solid biofuels,Total energy supply; Total final consumption; Industry; Construction,1.15,1.15,1.15,1.15,1.15,1.15,1.15,1.15,1.15,1.15,1.15,1.15,1.15,1.15,1.15,1.15,1.15,1.15,1.15,1.15,1.15,1.15,1.15,1.15,1.15,1.15
CL-PFU,v3.0b1,current,World,Primary solid biofuels,Total energy supply; Total final consumption; Industry; Manufacturing; Iron and steel,1.15,1.15,1.15,1.15,1.15,1.15,1.15,1.15,1.15,1.15,1.15,1.15,1.15,1.15,1.15,1.15,1.15,1.15,1.15,1.15,1.15,1.15,1.15,1.15,1.15,1.15
CL-PFU,v3.0b1,current,World,Primary solid biofuels,Total energy supply; Total final consumption; Industry; Manufacturing; Chemical and petrochemical,1.15,1.15,1.15,1.15,1.15,1.15,1.15,1.15,1.15,1.15,1.15,1.15,1.15,1.15,1.15,1.15,1.15,1.15,1.15,1.15,1.15,1.15,1.15,1.15,1.15,1.15
CL-PFU,v3.0b1,current,World,Primary solid biofuels,Total energy supply; Total final consumption; Industry; Manufacturing; Non-ferrous metals,1.15,1.15,1.15,1.15,1.15,1.15,1.15,1.15,1.15,1.15,1.15,1.15,1.15,1.15,1.15,1.15,1.15,1.15,1.15,1.15,1.15,1.15,1.15,1.15,1.15,1.15
CL-PFU,v3.0b1,current,World,Primary solid biofuels,Total energy supply; Total final consumption; Industry; Manufacturing; Non-metallic minerals,1.15,1.15,1.15,1.15,1.15,1.15,1.15,1.15,1.15,1.15,1.15,1.15,1.15,1.15,1.15,1.15,1.15,1.15,1.15,1.15,1.15,1.15,1.15,1.15,1.15,1.15
CL-PFU,v3.0b1,current,World,Primary solid biofuels,Total energy supply; Total final consumption; Industry; Manufacturing; Transport equipment,1.15,1.15,1.15,1.15,1.15,1.15,1.15,1.15,1.15,1.15,1.15,1.15,1.15,1.15,1.15,1.15,1.15,1.15,1.15,1.15,1.15,1.15,1.15,1.15,1.15,1.15
CL-PFU,v3.0b1,current,World,Primary solid biofuels,Total energy supply; Total final consumption; Industry; Manufacturing; Machinery,1.15,1.15,1.15,1.15,1.15,1.15,1.15,1.15,1.15,1.15,1.15,1.15,1.15,1.15,1.15,1.15,1.15,1.15,1.15,1.15,1.15,1.15,1.15,1.15,1.15,1.15
CL-PFU,v3.0b1,current,World,Primary solid biofuels,Total energy supply; Total final consumption; Industry; Manufacturing; Food and tobacco,1.15,1.15,1.15,1.15,1.15,1.15,1.15,1.15,1.15,1.15,1.15,1.15,1.15,1.15,1.15,1.15,1.15,1.15,1.15,1.15,1.15,1.15,1.15,1.15,1.15,1.15
CL-PFU,v3.0b1,current,World,Primary solid biofuels,"Total energy supply; Total final consumption; Industry; Manufacturing; Paper, pulp and printing",1.15,1.15,1.15,1.15,1.15,1.15,1.15,1.15,1.15,1.15,1.15,1.15,1.15,1.15,1.15,1.15,1.15,1.15,1.15,1.15,1.15,1.15,1.15,1.15,1.15,1.15
CL-PFU,v3.0b1,current,World,Primary solid biofuels,Total energy supply; Total final consumption; Industry; Manufacturing; Wood and wood products,1.15,1.15,1.15,1.15,1.15,1.15,1.15,1.15,1.15,1.15,1.15,1.15,1.15,1.15,1.15,1.15,1.15,1.15,1.15,1.15,1.15,1.15,1.15,1.15,1.15,1.15
CL-PFU,v3.0b1,current,World,Primary solid biofuels,Total energy supply; Total final consumption; Industry; Manufacturing; Textile and leather,1.15,1.15,1.15,1.15,1.15,1.15,1.15,1.15,1.15,1.15,1.15,1.15,1.15,1.15,1.15,1.15,1.15,1.15,1.15,1.15,1.15,1.15,1.15,1.15,1.15,1.15
CL-PFU,v3.0b1,current,World,Primary solid biofuels,Total energy supply; Total final consumption; Industry; Industry not elsewhere specified,1.15,1.15,1.15,1.15,1.15,1.15,1.15,1.15,1.15,1.15,1.15,1.15,1.15,1.15,1.15,1.15,1.15,1.15,1.15,1.15,1.15,1.15,1.15,1.15,1.15,1.15
CL-PFU,v3.0b1,current,World,Primary solid biofuels,Total energy supply; Total final consumption; Transport; World aviation bunkers,1.15,1.15,1.15,1.15,1.15,1.15,1.15,1.15,1.15,1.15,1.15,1.15,1.15,1.15,1.15,1.15,1.15,1.15,1.15,1.15,1.15,1.15,1.15,1.15,1.15,1.15
CL-PFU,v3.0b1,current,World,Primary solid biofuels,Total energy supply; Total final consumption; Transport; Domestic aviation,1.15,1.15,1.15,1.15,1.15,1.15,1.15,1.15,1.15,1.15,1.15,1.15,1.15,1.15,1.15,1.15,1.15,1.15,1.15,1.15,1.15,1.15,1.15,1.15,1.15,1.15
CL-PFU,v3.0b1,current,World,Primary solid biofuels,Total energy supply; Total final consumption; Transport; Road,1.15,1.15,1.15,1.15,1.15,1.15,1.15,1.15,1.15,1.15,1.15,1.15,1.15,1.15,1.15,1.15,1.15,1.15,1.15,1.15,1.15,1.15,1.15,1.15,1.15,1.15
CL-PFU,v3.0b1,current,World,Primary solid biofuels,Total energy supply; Total final consumption; Transport; Rail,1.15,1.15,1.15,1.15,1.15,1.15,1.15,1.15,1.15,1.15,1.15,1.15,1.15,1.15,1.15,1.15,1.15,1.15,1.15,1.15,1.15,1.15,1.15,1.15,1.15,1.15
CL-PFU,v3.0b1,current,World,Primary solid biofuels,Total energy supply; Total final consumption; Transport; Pipeline transport,1.15,1.15,1.15,1.15,1.15,1.15,1.15,1.15,1.15,1.15,1.15,1.15,1.15,1.15,1.15,1.15,1.15,1.15,1.15,1.15,1.15,1.15,1.15,1.15,1.15,1.15
CL-PFU,v3.0b1,current,World,Primary solid biofuels,Total energy supply; Total final consumption; Transport; World marine bunkers,1.15,1.15,1.15,1.15,1.15,1.15,1.15,1.15,1.15,1.15,1.15,1.15,1.15,1.15,1.15,1.15,1.15,1.15,1.15,1.15,1.15,1.15,1.15,1.15,1.15,1.15
CL-PFU,v3.0b1,current,World,Primary solid biofuels,Total energy supply; Total final consumption; Transport; Domestic navigation,1.15,1.15,1.15,1.15,1.15,1.15,1.15,1.15,1.15,1.15,1.15,1.15,1.15,1.15,1.15,1.15,1.15,1.15,1.15,1.15,1.15,1.15,1.15,1.15,1.15,1.15
CL-PFU,v3.0b1,current,World,Primary solid biofuels,Total energy supply; Total final consumption; Transport; Transport not elsewhere specified,1.15,1.15,1.15,1.15,1.15,1.15,1.15,1.15,1.15,1.15,1.15,1.15,1.15,1.15,1.15,1.15,1.15,1.15,1.15,1.15,1.15,1.15,1.15,1.15,1.15,1.15
CL-PFU,v3.0b1,current,World,Primary solid biofuels,Total energy supply; Total final consumption; Residential,1.15,1.15,1.15,1.15,1.15,1.15,1.15,1.15,1.15,1.15,1.15,1.15,1.15,1.15,1.15,1.15,1.15,1.15,1.15,1.15,1.15,1.15,1.15,1.15,1.15,1.15
CL-PFU,v3.0b1,current,World,Primary solid biofuels,Total energy supply; Total final consumption; Commercial and public services,1.15,1.15,1.15,1.15,1.15,1.15,1.15,1.15,1.15,1.15,1.15,1.15,1.15,1.15,1.15,1.15,1.15,1.15,1.15,1.15,1.15,1.15,1.15,1.15,1.15,1.15
CL-PFU,v3.0b1,current,World,Primary solid biofuels,Total energy supply; Total final consumption; Agriculture/forestry,1.15,1.15,1.15,1.15,1.15,1.15,1.15,1.15,1.15,1.15,1.15,1.15,1.15,1.15,1.15,1.15,1.15,1.15,1.15,1.15,1.15,1.15,1.15,1.15,1.15,1.15
CL-PFU,v3.0b1,current,World,Primary solid biofuels,Total energy supply; Total final consumption; Fishing,1.15,1.15,1.15,1.15,1.15,1.15,1.15,1.15,1.15,1.15,1.15,1.15,1.15,1.15,1.15,1.15,1.15,1.15,1.15,1.15,1.15,1.15,1.15,1.15,1.15,1.15
CL-PFU,v3.0b1,current,World,Primary solid biofuels,Total energy supply; Total final consumption; Final consumption not elsewhere specified,1.15,1.15,1.15,1.15,1.15,1.15,1.15,1.15,1.15,1.15,1.15,1.15,1.15,1.15,1.15,1.15,1.15,1.15,1.15,1.15,1.15,1.15,1.15,1.15,1.15,1.15
CL-PFU,v3.0b1,current,World,Primary solid biofuels,Total energy supply; Total final consumption; Non-energy use; Non-energy use industry/transformation/energy,1.15,1.15,1.15,1.15,1.15,1.15,1.15,1.15,1.15,1.15,1.15,1.15,1.15,1.15,1.15,1.15,1.15,1.15,1.15,1.15,1.15,1.15,1.15,1.15,1.15,1.15
CL-PFU,v3.0b1,current,World,Primary solid biofuels,Total energy supply; Total final consumption; Non-energy use; Non-energy use in transport,1.15,1.15,1.15,1.15,1.15,1.15,1.15,1.15,1.15,1.15,1.15,1.15,1.15,1.15,1.15,1.15,1.15,1.15,1.15,1.15,1.15,1.15,1.15,1.15,1.15,1.15
CL-PFU,v3.0b1,current,World,Primary solid biofuels,Total energy supply; Total final consumption; Non-energy use; Non-energy use in other,1.15,1.15,1.15,1.15,1.15,1.15,1.15,1.15,1.15,1.15,1.15,1.15,1.15,1.15,1.15,1.15,1.15,1.15,1.15,1.15,1.15,1.15,1.15,1.15,1.15,1.15
CL-PFU,v3.0b1,current,World,Refinery feedstocks,Total energy supply; Energy industry own use; Coal mines,1.06,1.06,1.06,1.06,1.06,1.06,1.06,1.06,1.06,1.06,1.06,1.06,1.06,1.06,1.06,1.06,1.06,1.06,1.06,1.06,1.06,1.06,1.06,1.06,1.06,1.06
CL-PFU,v3.0b1,current,World,Refinery feedstocks,Total energy supply; Energy industry own use; Oil and gas extraction,1.06,1.06,1.06,1.06,1.06,1.06,1.06,1.06,1.06,1.06,1.06,1.06,1.06,1.06,1.06,1.06,1.06,1.06,1.06,1.06,1.06,1.06,1.06,1.06,1.06,1.06
CL-PFU,v3.0b1,current,World,Refinery feedstocks,Total energy supply; Energy industry own use; Blast furnaces,1.06,1.06,1.06,1.06,1.06,1.06,1.06,1.06,1.06,1.06,1.06,1.06,1.06,1.06,1.06,1.06,1.06,1.06,1.06,1.06,1.06,1.06,1.06,1.06,1.06,1.06
CL-PFU,v3.0b1,current,World,Refinery feedstocks,Total energy supply; Energy industry own use; Gas works,1.06,1.06,1.06,1.06,1.06,1.06,1.06,1.06,1.06,1.06,1.06,1.06,1.06,1.06,1.06,1.06,1.06,1.06,1.06,1.06,1.06,1.06,1.06,1.06,1.06,1.06
CL-PFU,v3.0b1,current,World,Refinery feedstocks,Total energy supply; Energy industry own use; Gasification plants for biogases,1.06,1.06,1.06,1.06,1.06,1.06,1.06,1.06,1.06,1.06,1.06,1.06,1.06,1.06,1.06,1.06,1.06,1.06,1.06,1.06,1.06,1.06,1.06,1.06,1.06,1.06
CL-PFU,v3.0b1,current,World,Refinery feedstocks,Total energy supply; Energy industry own use; Coke ovens,1.06,1.06,1.06,1.06,1.06,1.06,1.06,1.06,1.06,1.06,1.06,1.06,1.06,1.06,1.06,1.06,1.06,1.06,1.06,1.06,1.06,1.06,1.06,1.06,1.06,1.06
CL-PFU,v3.0b1,current,World,Refinery feedstocks,Total energy supply; Energy industry own use; Patent fuel plants,1.06,1.06,1.06,1.06,1.06,1.06,1.06,1.06,1.06,1.06,1.06,1.06,1.06,1.06,1.06,1.06,1.06,1.06,1.06,1.06,1.06,1.06,1.06,1.06,1.06,1.06
CL-PFU,v3.0b1,current,World,Refinery feedstocks,Total energy supply; Energy industry own use; BKB/peat briquette plants,1.06,1.06,1.06,1.06,1.06,1.06,1.06,1.06,1.06,1.06,1.06,1.06,1.06,1.06,1.06,1.06,1.06,1.06,1.06,1.06,1.06,1.06,1.06,1.06,1.06,1.06
CL-PFU,v3.0b1,current,World,Refinery feedstocks,Total energy supply; Energy industry own use; Oil refineries,1.06,1.06,1.06,1.06,1.06,1.06,1.06,1.06,1.06,1.06,1.06,1.06,1.06,1.06,1.06,1.06,1.06,1.06,1.06,1.06,1.06,1.06,1.06,1.06,1.06,1.06
CL-PFU,v3.0b1,current,World,Refinery feedstocks,Total energy supply; Energy industry own use; Coal liquefaction plants,1.06,1.06,1.06,1.06,1.06,1.06,1.06,1.06,1.06,1.06,1.06,1.06,1.06,1.06,1.06,1.06,1.06,1.06,1.06,1.06,1.06,1.06,1.06,1.06,1.06,1.06
CL-PFU,v3.0b1,current,World,Refinery feedstocks,Total energy supply; Energy industry own use; Liquefaction (LNG) / regasification plants,1.06,1.06,1.06,1.06,1.06,1.06,1.06,1.06,1.06,1.06,1.06,1.06,1.06,1.06,1.06,1.06,1.06,1.06,1.06,1.06,1.06,1.06,1.06,1.06,1.06,1.06
CL-PFU,v3.0b1,current,World,Refinery feedstocks,Total energy supply; Energy industry own use; Gas-to-liquids (GTL) plants,1.06,1.06,1.06,1.06,1.06,1.06,1.06,1.06,1.06,1.06,1.06,1.06,1.06,1.06,1.06,1.06,1.06,1.06,1.06,1.06,1.06,1.06,1.06,1.06,1.06,1.06
CL-PFU,v3.0b1,current,World,Refinery feedstocks,"Total energy supply; Energy industry own use; Own use in electricity, CHP and heat plants",1.06,1.06,1.06,1.06,1.06,1.06,1.06,1.06,1.06,1.06,1.06,1.06,1.06,1.06,1.06,1.06,1.06,1.06,1.06,1.06,1.06,1.06,1.06,1.06,1.06,1.06
CL-PFU,v3.0b1,current,World,Refinery feedstocks,Total energy supply; Energy industry own use; Pumped storage plants,1.06,1.06,1.06,1.06,1.06,1.06,1.06,1.06,1.06,1.06,1.06,1.06,1.06,1.06,1.06,1.06,1.06,1.06,1.06,1.06,1.06,1.06,1.06,1.06,1.06,1.06
CL-PFU,v3.0b1,current,World,Refinery feedstocks,Total energy supply; Energy industry own use; Nuclear industry,1.06,1.06,1.06,1.06,1.06,1.06,1.06,1.06,1.06,1.06,1.06,1.06,1.06,1.06,1.06,1.06,1.06,1.06,1.06,1.06,1.06,1.06,1.06,1.06,1.06,1.06
CL-PFU,v3.0b1,current,World,Refinery feedstocks,Total energy supply; Energy industry own use; Charcoal production plants,1.06,1.06,1.06,1.06,1.06,1.06,1.06,1.06,1.06,1.06,1.06,1.06,1.06,1.06,1.06,1.06,1.06,1.06,1.06,1.06,1.06,1.06,1.06,1.06,1.06,1.06
CL-PFU,v3.0b1,current,World,Refinery feedstocks,Total energy supply; Energy industry own use; Non-specified (energy),1.06,1.06,1.06,1.06,1.06,1.06,1.06,1.06,1.06,1.06,1.06,1.06,1.06,1.06,1.06,1.06,1.06,1.06,1.06,1.06,1.06,1.06,1.06,1.06,1.06,1.06
CL-PFU,v3.0b1,current,World,Refinery feedstocks,Total energy supply; Losses,1.06,1.06,1.06,1.06,1.06,1.06,1.06,1.06,1.06,1.06,1.06,1.06,1.06,1.06,1.06,1.06,1.06,1.06,1.06,1.06,1.06,1.06,1.06,1.06,1.06,1.06
CL-PFU,v3.0b1,current,World,Refinery feedstocks,Total energy supply; Total final consumption; Industry; Mining and quarrying,1.06,1.06,1.06,1.06,1.06,1.06,1.06,1.06,1.06,1.06,1.06,1.06,1.06,1.06,1.06,1.06,1.06,1.06,1.06,1.06,1.06,1.06,1.06,1.06,1.06,1.06
CL-PFU,v3.0b1,current,World,Refinery feedstocks,Total energy supply; Total final consumption; Industry; Construction,1.06,1.06,1.06,1.06,1.06,1.06,1.06,1.06,1.06,1.06,1.06,1.06,1.06,1.06,1.06,1.06,1.06,1.06,1.06,1.06,1.06,1.06,1.06,1.06,1.06,1.06
CL-PFU,v3.0b1,current,World,Refinery feedstocks,Total energy supply; Total final consumption; Industry; Manufacturing; Iron and steel,1.06,1.06,1.06,1.06,1.06,1.06,1.06,1.06,1.06,1.06,1.06,1.06,1.06,1.06,1.06,1.06,1.06,1.06,1.06,1.06,1.06,1.06,1.06,1.06,1.06,1.06
CL-PFU,v3.0b1,current,World,Refinery feedstocks,Total energy supply; Total final consumption; Industry; Manufacturing; Chemical and petrochemical,1.06,1.06,1.06,1.06,1.06,1.06,1.06,1.06,1.06,1.06,1.06,1.06,1.06,1.06,1.06,1.06,1.06,1.06,1.06,1.06,1.06,1.06,1.06,1.06,1.06,1.06
CL-PFU,v3.0b1,current,World,Refinery feedstocks,Total energy supply; Total final consumption; Industry; Manufacturing; Non-ferrous metals,1.06,1.06,1.06,1.06,1.06,1.06,1.06,1.06,1.06,1.06,1.06,1.06,1.06,1.06,1.06,1.06,1.06,1.06,1.06,1.06,1.06,1.06,1.06,1.06,1.06,1.06
CL-PFU,v3.0b1,current,World,Refinery feedstocks,Total energy supply; Total final consumption; Industry; Manufacturing; Non-metallic minerals,1.06,1.06,1.06,1.06,1.06,1.06,1.06,1.06,1.06,1.06,1.06,1.06,1.06,1.06,1.06,1.06,1.06,1.06,1.06,1.06,1.06,1.06,1.06,1.06,1.06,1.06
CL-PFU,v3.0b1,current,World,Refinery feedstocks,Total energy supply; Total final consumption; Industry; Manufacturing; Transport equipment,1.06,1.06,1.06,1.06,1.06,1.06,1.06,1.06,1.06,1.06,1.06,1.06,1.06,1.06,1.06,1.06,1.06,1.06,1.06,1.06,1.06,1.06,1.06,1.06,1.06,1.06
CL-PFU,v3.0b1,current,World,Refinery feedstocks,Total energy supply; Total final consumption; Industry; Manufacturing; Machinery,1.06,1.06,1.06,1.06,1.06,1.06,1.06,1.06,1.06,1.06,1.06,1.06,1.06,1.06,1.06,1.06,1.06,1.06,1.06,1.06,1.06,1.06,1.06,1.06,1.06,1.06
CL-PFU,v3.0b1,current,World,Refinery feedstocks,Total energy supply; Total final consumption; Industry; Manufacturing; Food and tobacco,1.06,1.06,1.06,1.06,1.06,1.06,1.06,1.06,1.06,1.06,1.06,1.06,1.06,1.06,1.06,1.06,1.06,1.06,1.06,1.06,1.06,1.06,1.06,1.06,1.06,1.06
CL-PFU,v3.0b1,current,World,Refinery feedstocks,"Total energy supply; Total final consumption; Industry; Manufacturing; Paper, pulp and printing",1.06,1.06,1.06,1.06,1.06,1.06,1.06,1.06,1.06,1.06,1.06,1.06,1.06,1.06,1.06,1.06,1.06,1.06,1.06,1.06,1.06,1.06,1.06,1.06,1.06,1.06
CL-PFU,v3.0b1,current,World,Refinery feedstocks,Total energy supply; Total final consumption; Industry; Manufacturing; Wood and wood products,1.06,1.06,1.06,1.06,1.06,1.06,1.06,1.06,1.06,1.06,1.06,1.06,1.06,1.06,1.06,1.06,1.06,1.06,1.06,1.06,1.06,1.06,1.06,1.06,1.06,1.06
CL-PFU,v3.0b1,current,World,Refinery feedstocks,Total energy supply; Total final consumption; Industry; Manufacturing; Textile and leather,1.06,1.06,1.06,1.06,1.06,1.06,1.06,1.06,1.06,1.06,1.06,1.06,1.06,1.06,1.06,1.06,1.06,1.06,1.06,1.06,1.06,1.06,1.06,1.06,1.06,1.06
CL-PFU,v3.0b1,current,World,Refinery feedstocks,Total energy supply; Total final consumption; Industry; Industry not elsewhere specified,1.06,1.06,1.06,1.06,1.06,1.06,1.06,1.06,1.06,1.06,1.06,1.06,1.06,1.06,1.06,1.06,1.06,1.06,1.06,1.06,1.06,1.06,1.06,1.06,1.06,1.06
CL-PFU,v3.0b1,current,World,Refinery feedstocks,Total energy supply; Total final consumption; Transport; World aviation bunkers,1.06,1.06,1.06,1.06,1.06,1.06,1.06,1.06,1.06,1.06,1.06,1.06,1.06,1.06,1.06,1.06,1.06,1.06,1.06,1.06,1.06,1.06,1.06,1.06,1.06,1.06
CL-PFU,v3.0b1,current,World,Refinery feedstocks,Total energy supply; Total final consumption; Transport; Domestic aviation,1.06,1.06,1.06,1.06,1.06,1.06,1.06,1.06,1.06,1.06,1.06,1.06,1.06,1.06,1.06,1.06,1.06,1.06,1.06,1.06,1.06,1.06,1.06,1.06,1.06,1.06
CL-PFU,v3.0b1,current,World,Refinery feedstocks,Total energy supply; Total final consumption; Transport; Road,1.06,1.06,1.06,1.06,1.06,1.06,1.06,1.06,1.06,1.06,1.06,1.06,1.06,1.06,1.06,1.06,1.06,1.06,1.06,1.06,1.06,1.06,1.06,1.06,1.06,1.06
CL-PFU,v3.0b1,current,World,Refinery feedstocks,Total energy supply; Total final consumption; Transport; Rail,1.06,1.06,1.06,1.06,1.06,1.06,1.06,1.06,1.06,1.06,1.06,1.06,1.06,1.06,1.06,1.06,1.06,1.06,1.06,1.06,1.06,1.06,1.06,1.06,1.06,1.06
CL-PFU,v3.0b1,current,World,Refinery feedstocks,Total energy supply; Total final consumption; Transport; Pipeline transport,1.06,1.06,1.06,1.06,1.06,1.06,1.06,1.06,1.06,1.06,1.06,1.06,1.06,1.06,1.06,1.06,1.06,1.06,1.06,1.06,1.06,1.06,1.06,1.06,1.06,1.06
CL-PFU,v3.0b1,current,World,Refinery feedstocks,Total energy supply; Total final consumption; Transport; World marine bunkers,1.06,1.06,1.06,1.06,1.06,1.06,1.06,1.06,1.06,1.06,1.06,1.06,1.06,1.06,1.06,1.06,1.06,1.06,1.06,1.06,1.06,1.06,1.06,1.06,1.06,1.06
CL-PFU,v3.0b1,current,World,Refinery feedstocks,Total energy supply; Total final consumption; Transport; Domestic navigation,1.06,1.06,1.06,1.06,1.06,1.06,1.06,1.06,1.06,1.06,1.06,1.06,1.06,1.06,1.06,1.06,1.06,1.06,1.06,1.06,1.06,1.06,1.06,1.06,1.06,1.06
CL-PFU,v3.0b1,current,World,Refinery feedstocks,Total energy supply; Total final consumption; Transport; Transport not elsewhere specified,1.06,1.06,1.06,1.06,1.06,1.06,1.06,1.06,1.06,1.06,1.06,1.06,1.06,1.06,1.06,1.06,1.06,1.06,1.06,1.06,1.06,1.06,1.06,1.06,1.06,1.06
CL-PFU,v3.0b1,current,World,Refinery feedstocks,Total energy supply; Total final consumption; Residential,1.06,1.06,1.06,1.06,1.06,1.06,1.06,1.06,1.06,1.06,1.06,1.06,1.06,1.06,1.06,1.06,1.06,1.06,1.06,1.06,1.06,1.06,1.06,1.06,1.06,1.06
CL-PFU,v3.0b1,current,World,Refinery feedstocks,Total energy supply; Total final consumption; Commercial and public services,1.06,1.06,1.06,1.06,1.06,1.06,1.06,1.06,1.06,1.06,1.06,1.06,1.06,1.06,1.06,1.06,1.06,1.06,1.06,1.06,1.06,1.06,1.06,1.06,1.06,1.06
CL-PFU,v3.0b1,current,World,Refinery feedstocks,Total energy supply; Total final consumption; Agriculture/forestry,1.06,1.06,1.06,1.06,1.06,1.06,1.06,1.06,1.06,1.06,1.06,1.06,1.06,1.06,1.06,1.06,1.06,1.06,1.06,1.06,1.06,1.06,1.06,1.06,1.06,1.06
CL-PFU,v3.0b1,current,World,Refinery feedstocks,Total energy supply; Total final consumption; Fishing,1.06,1.06,1.06,1.06,1.06,1.06,1.06,1.06,1.06,1.06,1.06,1.06,1.06,1.06,1.06,1.06,1.06,1.06,1.06,1.06,1.06,1.06,1.06,1.06,1.06,1.06
CL-PFU,v3.0b1,current,World,Refinery feedstocks,Total energy supply; Total final consumption; Final consumption not elsewhere specified,1.06,1.06,1.06,1.06,1.06,1.06,1.06,1.06,1.06,1.06,1.06,1.06,1.06,1.06,1.06,1.06,1.06,1.06,1.06,1.06,1.06,1.06,1.06,1.06,1.06,1.06
CL-PFU,v3.0b1,current,World,Refinery feedstocks,Total energy supply; Total final consumption; Non-energy use; Non-energy use industry/transformation/energy,1.06,1.06,1.06,1.06,1.06,1.06,1.06,1.06,1.06,1.06,1.06,1.06,1.06,1.06,1.06,1.06,1.06,1.06,1.06,1.06,1.06,1.06,1.06,1.06,1.06,1.06
CL-PFU,v3.0b1,current,World,Refinery feedstocks,Total energy supply; Total final consumption; Non-energy use; Non-energy use in transport,1.06,1.06,1.06,1.06,1.06,1.06,1.06,1.06,1.06,1.06,1.06,1.06,1.06,1.06,1.06,1.06,1.06,1.06,1.06,1.06,1.06,1.06,1.06,1.06,1.06,1.06
CL-PFU,v3.0b1,current,World,Refinery feedstocks,Total energy supply; Total final consumption; Non-energy use; Non-energy use in other,1.06,1.06,1.06,1.06,1.06,1.06,1.06,1.06,1.06,1.06,1.06,1.06,1.06,1.06,1.06,1.06,1.06,1.06,1.06,1.06,1.06,1.06,1.06,1.06,1.06,1.06
CL-PFU,v3.0b1,current,World,Refinery gas,Total energy supply; Energy industry own use; Coal mines,1.04,1.04,1.04,1.04,1.04,1.04,1.04,1.04,1.04,1.04,1.04,1.04,1.04,1.04,1.04,1.04,1.04,1.04,1.04,1.04,1.04,1.04,1.04,1.04,1.04,1.04
CL-PFU,v3.0b1,current,World,Refinery gas,Total energy supply; Energy industry own use; Oil and gas extraction,1.04,1.04,1.04,1.04,1.04,1.04,1.04,1.04,1.04,1.04,1.04,1.04,1.04,1.04,1.04,1.04,1.04,1.04,1.04,1.04,1.04,1.04,1.04,1.04,1.04,1.04
CL-PFU,v3.0b1,current,World,Refinery gas,Total energy supply; Energy industry own use; Blast furnaces,1.04,1.04,1.04,1.04,1.04,1.04,1.04,1.04,1.04,1.04,1.04,1.04,1.04,1.04,1.04,1.04,1.04,1.04,1.04,1.04,1.04,1.04,1.04,1.04,1.04,1.04
CL-PFU,v3.0b1,current,World,Refinery gas,Total energy supply; Energy industry own use; Gas works,1.04,1.04,1.04,1.04,1.04,1.04,1.04,1.04,1.04,1.04,1.04,1.04,1.04,1.04,1.04,1.04,1.04,1.04,1.04,1.04,1.04,1.04,1.04,1.04,1.04,1.04
CL-PFU,v3.0b1,current,World,Refinery gas,Total energy supply; Energy industry own use; Gasification plants for biogases,1.04,1.04,1.04,1.04,1.04,1.04,1.04,1.04,1.04,1.04,1.04,1.04,1.04,1.04,1.04,1.04,1.04,1.04,1.04,1.04,1.04,1.04,1.04,1.04,1.04,1.04
CL-PFU,v3.0b1,current,World,Refinery gas,Total energy supply; Energy industry own use; Coke ovens,1.04,1.04,1.04,1.04,1.04,1.04,1.04,1.04,1.04,1.04,1.04,1.04,1.04,1.04,1.04,1.04,1.04,1.04,1.04,1.04,1.04,1.04,1.04,1.04,1.04,1.04
CL-PFU,v3.0b1,current,World,Refinery gas,Total energy supply; Energy industry own use; Patent fuel plants,1.04,1.04,1.04,1.04,1.04,1.04,1.04,1.04,1.04,1.04,1.04,1.04,1.04,1.04,1.04,1.04,1.04,1.04,1.04,1.04,1.04,1.04,1.04,1.04,1.04,1.04
CL-PFU,v3.0b1,current,World,Refinery gas,Total energy supply; Energy industry own use; BKB/peat briquette plants,1.04,1.04,1.04,1.04,1.04,1.04,1.04,1.04,1.04,1.04,1.04,1.04,1.04,1.04,1.04,1.04,1.04,1.04,1.04,1.04,1.04,1.04,1.04,1.04,1.04,1.04
CL-PFU,v3.0b1,current,World,Refinery gas,Total energy supply; Energy industry own use; Oil refineries,1.04,1.04,1.04,1.04,1.04,1.04,1.04,1.04,1.04,1.04,1.04,1.04,1.04,1.04,1.04,1.04,1.04,1.04,1.04,1.04,1.04,1.04,1.04,1.04,1.04,1.04
CL-PFU,v3.0b1,current,World,Refinery gas,Total energy supply; Energy industry own use; Coal liquefaction plants,1.04,1.04,1.04,1.04,1.04,1.04,1.04,1.04,1.04,1.04,1.04,1.04,1.04,1.04,1.04,1.04,1.04,1.04,1.04,1.04,1.04,1.04,1.04,1.04,1.04,1.04
CL-PFU,v3.0b1,current,World,Refinery gas,Total energy supply; Energy industry own use; Liquefaction (LNG) / regasification plants,1.04,1.04,1.04,1.04,1.04,1.04,1.04,1.04,1.04,1.04,1.04,1.04,1.04,1.04,1.04,1.04,1.04,1.04,1.04,1.04,1.04,1.04,1.04,1.04,1.04,1.04
CL-PFU,v3.0b1,current,World,Refinery gas,Total energy supply; Energy industry own use; Gas-to-liquids (GTL) plants,1.04,1.04,1.04,1.04,1.04,1.04,1.04,1.04,1.04,1.04,1.04,1.04,1.04,1.04,1.04,1.04,1.04,1.04,1.04,1.04,1.04,1.04,1.04,1.04,1.04,1.04
CL-PFU,v3.0b1,current,World,Refinery gas,"Total energy supply; Energy industry own use; Own use in electricity, CHP and heat plants",1.04,1.04,1.04,1.04,1.04,1.04,1.04,1.04,1.04,1.04,1.04,1.04,1.04,1.04,1.04,1.04,1.04,1.04,1.04,1.04,1.04,1.04,1.04,1.04,1.04,1.04
CL-PFU,v3.0b1,current,World,Refinery gas,Total energy supply; Energy industry own use; Pumped storage plants,1.04,1.04,1.04,1.04,1.04,1.04,1.04,1.04,1.04,1.04,1.04,1.04,1.04,1.04,1.04,1.04,1.04,1.04,1.04,1.04,1.04,1.04,1.04,1.04,1.04,1.04
CL-PFU,v3.0b1,current,World,Refinery gas,Total energy supply; Energy industry own use; Nuclear industry,1.04,1.04,1.04,1.04,1.04,1.04,1.04,1.04,1.04,1.04,1.04,1.04,1.04,1.04,1.04,1.04,1.04,1.04,1.04,1.04,1.04,1.04,1.04,1.04,1.04,1.04
CL-PFU,v3.0b1,current,World,Refinery gas,Total energy supply; Energy industry own use; Charcoal production plants,1.04,1.04,1.04,1.04,1.04,1.04,1.04,1.04,1.04,1.04,1.04,1.04,1.04,1.04,1.04,1.04,1.04,1.04,1.04,1.04,1.04,1.04,1.04,1.04,1.04,1.04
CL-PFU,v3.0b1,current,World,Refinery gas,Total energy supply; Energy industry own use; Non-specified (energy),1.04,1.04,1.04,1.04,1.04,1.04,1.04,1.04,1.04,1.04,1.04,1.04,1.04,1.04,1.04,1.04,1.04,1.04,1.04,1.04,1.04,1.04,1.04,1.04,1.04,1.04
CL-PFU,v3.0b1,current,World,Refinery gas,Total energy supply; Losses,1.04,1.04,1.04,1.04,1.04,1.04,1.04,1.04,1.04,1.04,1.04,1.04,1.04,1.04,1.04,1.04,1.04,1.04,1.04,1.04,1.04,1.04,1.04,1.04,1.04,1.04
CL-PFU,v3.0b1,current,World,Refinery gas,Total energy supply; Total final consumption; Industry; Mining and quarrying,1.04,1.04,1.04,1.04,1.04,1.04,1.04,1.04,1.04,1.04,1.04,1.04,1.04,1.04,1.04,1.04,1.04,1.04,1.04,1.04,1.04,1.04,1.04,1.04,1.04,1.04
CL-PFU,v3.0b1,current,World,Refinery gas,Total energy supply; Total final consumption; Industry; Construction,1.04,1.04,1.04,1.04,1.04,1.04,1.04,1.04,1.04,1.04,1.04,1.04,1.04,1.04,1.04,1.04,1.04,1.04,1.04,1.04,1.04,1.04,1.04,1.04,1.04,1.04
CL-PFU,v3.0b1,current,World,Refinery gas,Total energy supply; Total final consumption; Industry; Manufacturing; Iron and steel,1.04,1.04,1.04,1.04,1.04,1.04,1.04,1.04,1.04,1.04,1.04,1.04,1.04,1.04,1.04,1.04,1.04,1.04,1.04,1.04,1.04,1.04,1.04,1.04,1.04,1.04
CL-PFU,v3.0b1,current,World,Refinery gas,Total energy supply; Total final consumption; Industry; Manufacturing; Chemical and petrochemical,1.04,1.04,1.04,1.04,1.04,1.04,1.04,1.04,1.04,1.04,1.04,1.04,1.04,1.04,1.04,1.04,1.04,1.04,1.04,1.04,1.04,1.04,1.04,1.04,1.04,1.04
CL-PFU,v3.0b1,current,World,Refinery gas,Total energy supply; Total final consumption; Industry; Manufacturing; Non-ferrous metals,1.04,1.04,1.04,1.04,1.04,1.04,1.04,1.04,1.04,1.04,1.04,1.04,1.04,1.04,1.04,1.04,1.04,1.04,1.04,1.04,1.04,1.04,1.04,1.04,1.04,1.04
CL-PFU,v3.0b1,current,World,Refinery gas,Total energy supply; Total final consumption; Industry; Manufacturing; Non-metallic minerals,1.04,1.04,1.04,1.04,1.04,1.04,1.04,1.04,1.04,1.04,1.04,1.04,1.04,1.04,1.04,1.04,1.04,1.04,1.04,1.04,1.04,1.04,1.04,1.04,1.04,1.04
CL-PFU,v3.0b1,current,World,Refinery gas,Total energy supply; Total final consumption; Industry; Manufacturing; Transport equipment,1.04,1.04,1.04,1.04,1.04,1.04,1.04,1.04,1.04,1.04,1.04,1.04,1.04,1.04,1.04,1.04,1.04,1.04,1.04,1.04,1.04,1.04,1.04,1.04,1.04,1.04
CL-PFU,v3.0b1,current,World,Refinery gas,Total energy supply; Total final consumption; Industry; Manufacturing; Machinery,1.04,1.04,1.04,1.04,1.04,1.04,1.04,1.04,1.04,1.04,1.04,1.04,1.04,1.04,1.04,1.04,1.04,1.04,1.04,1.04,1.04,1.04,1.04,1.04,1.04,1.04
CL-PFU,v3.0b1,current,World,Refinery gas,Total energy supply; Total final consumption; Industry; Manufacturing; Food and tobacco,1.04,1.04,1.04,1.04,1.04,1.04,1.04,1.04,1.04,1.04,1.04,1.04,1.04,1.04,1.04,1.04,1.04,1.04,1.04,1.04,1.04,1.04,1.04,1.04,1.04,1.04
CL-PFU,v3.0b1,current,World,Refinery gas,"Total energy supply; Total final consumption; Industry; Manufacturing; Paper, pulp and printing",1.04,1.04,1.04,1.04,1.04,1.04,1.04,1.04,1.04,1.04,1.04,1.04,1.04,1.04,1.04,1.04,1.04,1.04,1.04,1.04,1.04,1.04,1.04,1.04,1.04,1.04
CL-PFU,v3.0b1,current,World,Refinery gas,Total energy supply; Total final consumption; Industry; Manufacturing; Wood and wood products,1.04,1.04,1.04,1.04,1.04,1.04,1.04,1.04,1.04,1.04,1.04,1.04,1.04,1.04,1.04,1.04,1.04,1.04,1.04,1.04,1.04,1.04,1.04,1.04,1.04,1.04
CL-PFU,v3.0b1,current,World,Refinery gas,Total energy supply; Total final consumption; Industry; Manufacturing; Textile and leather,1.04,1.04,1.04,1.04,1.04,1.04,1.04,1.04,1.04,1.04,1.04,1.04,1.04,1.04,1.04,1.04,1.04,1.04,1.04,1.04,1.04,1.04,1.04,1.04,1.04,1.04
CL-PFU,v3.0b1,current,World,Refinery gas,Total energy supply; Total final consumption; Industry; Industry not elsewhere specified,1.04,1.04,1.04,1.04,1.04,1.04,1.04,1.04,1.04,1.04,1.04,1.04,1.04,1.04,1.04,1.04,1.04,1.04,1.04,1.04,1.04,1.04,1.04,1.04,1.04,1.04
CL-PFU,v3.0b1,current,World,Refinery gas,Total energy supply; Total final consumption; Transport; World aviation bunkers,1.04,1.04,1.04,1.04,1.04,1.04,1.04,1.04,1.04,1.04,1.04,1.04,1.04,1.04,1.04,1.04,1.04,1.04,1.04,1.04,1.04,1.04,1.04,1.04,1.04,1.04
CL-PFU,v3.0b1,current,World,Refinery gas,Total energy supply; Total final consumption; Transport; Domestic aviation,1.04,1.04,1.04,1.04,1.04,1.04,1.04,1.04,1.04,1.04,1.04,1.04,1.04,1.04,1.04,1.04,1.04,1.04,1.04,1.04,1.04,1.04,1.04,1.04,1.04,1.04
CL-PFU,v3.0b1,current,World,Refinery gas,Total energy supply; Total final consumption; Transport; Road,1.04,1.04,1.04,1.04,1.04,1.04,1.04,1.04,1.04,1.04,1.04,1.04,1.04,1.04,1.04,1.04,1.04,1.04,1.04,1.04,1.04,1.04,1.04,1.04,1.04,1.04
CL-PFU,v3.0b1,current,World,Refinery gas,Total energy supply; Total final consumption; Transport; Rail,1.04,1.04,1.04,1.04,1.04,1.04,1.04,1.04,1.04,1.04,1.04,1.04,1.04,1.04,1.04,1.04,1.04,1.04,1.04,1.04,1.04,1.04,1.04,1.04,1.04,1.04
CL-PFU,v3.0b1,current,World,Refinery gas,Total energy supply; Total final consumption; Transport; Pipeline transport,1.04,1.04,1.04,1.04,1.04,1.04,1.04,1.04,1.04,1.04,1.04,1.04,1.04,1.04,1.04,1.04,1.04,1.04,1.04,1.04,1.04,1.04,1.04,1.04,1.04,1.04
CL-PFU,v3.0b1,current,World,Refinery gas,Total energy supply; Total final consumption; Transport; World marine bunkers,1.04,1.04,1.04,1.04,1.04,1.04,1.04,1.04,1.04,1.04,1.04,1.04,1.04,1.04,1.04,1.04,1.04,1.04,1.04,1.04,1.04,1.04,1.04,1.04,1.04,1.04
CL-PFU,v3.0b1,current,World,Refinery gas,Total energy supply; Total final consumption; Transport; Domestic navigation,1.04,1.04,1.04,1.04,1.04,1.04,1.04,1.04,1.04,1.04,1.04,1.04,1.04,1.04,1.04,1.04,1.04,1.04,1.04,1.04,1.04,1.04,1.04,1.04,1.04,1.04
CL-PFU,v3.0b1,current,World,Refinery gas,Total energy supply; Total final consumption; Transport; Transport not elsewhere specified,1.04,1.04,1.04,1.04,1.04,1.04,1.04,1.04,1.04,1.04,1.04,1.04,1.04,1.04,1.04,1.04,1.04,1.04,1.04,1.04,1.04,1.04,1.04,1.04,1.04,1.04
CL-PFU,v3.0b1,current,World,Refinery gas,Total energy supply; Total final consumption; Residential,1.04,1.04,1.04,1.04,1.04,1.04,1.04,1.04,1.04,1.04,1.04,1.04,1.04,1.04,1.04,1.04,1.04,1.04,1.04,1.04,1.04,1.04,1.04,1.04,1.04,1.04
CL-PFU,v3.0b1,current,World,Refinery gas,Total energy supply; Total final consumption; Commercial and public services,1.04,1.04,1.04,1.04,1.04,1.04,1.04,1.04,1.04,1.04,1.04,1.04,1.04,1.04,1.04,1.04,1.04,1.04,1.04,1.04,1.04,1.04,1.04,1.04,1.04,1.04
CL-PFU,v3.0b1,current,World,Refinery gas,Total energy supply; Total final consumption; Agriculture/forestry,1.04,1.04,1.04,1.04,1.04,1.04,1.04,1.04,1.04,1.04,1.04,1.04,1.04,1.04,1.04,1.04,1.04,1.04,1.04,1.04,1.04,1.04,1.04,1.04,1.04,1.04
CL-PFU,v3.0b1,current,World,Refinery gas,Total energy supply; Total final consumption; Fishing,1.04,1.04,1.04,1.04,1.04,1.04,1.04,1.04,1.04,1.04,1.04,1.04,1.04,1.04,1.04,1.04,1.04,1.04,1.04,1.04,1.04,1.04,1.04,1.04,1.04,1.04
CL-PFU,v3.0b1,current,World,Refinery gas,Total energy supply; Total final consumption; Final consumption not elsewhere specified,1.04,1.04,1.04,1.04,1.04,1.04,1.04,1.04,1.04,1.04,1.04,1.04,1.04,1.04,1.04,1.04,1.04,1.04,1.04,1.04,1.04,1.04,1.04,1.04,1.04,1.04
CL-PFU,v3.0b1,current,World,Refinery gas,Total energy supply; Total final consumption; Non-energy use; Non-energy use industry/transformation/energy,1.04,1.04,1.04,1.04,1.04,1.04,1.04,1.04,1.04,1.04,1.04,1.04,1.04,1.04,1.04,1.04,1.04,1.04,1.04,1.04,1.04,1.04,1.04,1.04,1.04,1.04
CL-PFU,v3.0b1,current,World,Refinery gas,Total energy supply; Total final consumption; Non-energy use; Non-energy use in transport,1.04,1.04,1.04,1.04,1.04,1.04,1.04,1.04,1.04,1.04,1.04,1.04,1.04,1.04,1.04,1.04,1.04,1.04,1.04,1.04,1.04,1.04,1.04,1.04,1.04,1.04
CL-PFU,v3.0b1,current,World,Refinery gas,Total energy supply; Total final consumption; Non-energy use; Non-energy use in other,1.04,1.04,1.04,1.04,1.04,1.04,1.04,1.04,1.04,1.04,1.04,1.04,1.04,1.04,1.04,1.04,1.04,1.04,1.04,1.04,1.04,1.04,1.04,1.04,1.04,1.04
CL-PFU,v3.0b1,current,World,Solar photovoltaics,Total energy supply; Energy industry own use; Coal mines,1,1,1,1,1,1,1,1,1,1,1,1,1,1,1,1,1,1,1,1,1,1,1,1,1,1
CL-PFU,v3.0b1,current,World,Solar photovoltaics,Total energy supply; Energy industry own use; Oil and gas extraction,1,1,1,1,1,1,1,1,1,1,1,1,1,1,1,1,1,1,1,1,1,1,1,1,1,1
CL-PFU,v3.0b1,current,World,Solar photovoltaics,Total energy supply; Energy industry own use; Blast furnaces,1,1,1,1,1,1,1,1,1,1,1,1,1,1,1,1,1,1,1,1,1,1,1,1,1,1
CL-PFU,v3.0b1,current,World,Solar photovoltaics,Total energy supply; Energy industry own use; Gas works,1,1,1,1,1,1,1,1,1,1,1,1,1,1,1,1,1,1,1,1,1,1,1,1,1,1
CL-PFU,v3.0b1,current,World,Solar photovoltaics,Total energy supply; Energy industry own use; Gasification plants for biogases,1,1,1,1,1,1,1,1,1,1,1,1,1,1,1,1,1,1,1,1,1,1,1,1,1,1
CL-PFU,v3.0b1,current,World,Solar photovoltaics,Total energy supply; Energy industry own use; Coke ovens,1,1,1,1,1,1,1,1,1,1,1,1,1,1,1,1,1,1,1,1,1,1,1,1,1,1
CL-PFU,v3.0b1,current,World,Solar photovoltaics,Total energy supply; Energy industry own use; Patent fuel plants,1,1,1,1,1,1,1,1,1,1,1,1,1,1,1,1,1,1,1,1,1,1,1,1,1,1
CL-PFU,v3.0b1,current,World,Solar photovoltaics,Total energy supply; Energy industry own use; BKB/peat briquette plants,1,1,1,1,1,1,1,1,1,1,1,1,1,1,1,1,1,1,1,1,1,1,1,1,1,1
CL-PFU,v3.0b1,current,World,Solar photovoltaics,Total energy supply; Energy industry own use; Oil refineries,1,1,1,1,1,1,1,1,1,1,1,1,1,1,1,1,1,1,1,1,1,1,1,1,1,1
CL-PFU,v3.0b1,current,World,Solar photovoltaics,Total energy supply; Energy industry own use; Coal liquefaction plants,1,1,1,1,1,1,1,1,1,1,1,1,1,1,1,1,1,1,1,1,1,1,1,1,1,1
CL-PFU,v3.0b1,current,World,Solar photovoltaics,Total energy supply; Energy industry own use; Liquefaction (LNG) / regasification plants,1,1,1,1,1,1,1,1,1,1,1,1,1,1,1,1,1,1,1,1,1,1,1,1,1,1
CL-PFU,v3.0b1,current,World,Solar photovoltaics,Total energy supply; Energy industry own use; Gas-to-liquids (GTL) plants,1,1,1,1,1,1,1,1,1,1,1,1,1,1,1,1,1,1,1,1,1,1,1,1,1,1
CL-PFU,v3.0b1,current,World,Solar photovoltaics,"Total energy supply; Energy industry own use; Own use in electricity, CHP and heat plants",1,1,1,1,1,1,1,1,1,1,1,1,1,1,1,1,1,1,1,1,1,1,1,1,1,1
CL-PFU,v3.0b1,current,World,Solar photovoltaics,Total energy supply; Energy industry own use; Pumped storage plants,1,1,1,1,1,1,1,1,1,1,1,1,1,1,1,1,1,1,1,1,1,1,1,1,1,1
CL-PFU,v3.0b1,current,World,Solar photovoltaics,Total energy supply; Energy industry own use; Nuclear industry,1,1,1,1,1,1,1,1,1,1,1,1,1,1,1,1,1,1,1,1,1,1,1,1,1,1
CL-PFU,v3.0b1,current,World,Solar photovoltaics,Total energy supply; Energy industry own use; Charcoal production plants,1,1,1,1,1,1,1,1,1,1,1,1,1,1,1,1,1,1,1,1,1,1,1,1,1,1
CL-PFU,v3.0b1,current,World,Solar photovoltaics,Total energy supply; Energy industry own use; Non-specified (energy),1,1,1,1,1,1,1,1,1,1,1,1,1,1,1,1,1,1,1,1,1,1,1,1,1,1
CL-PFU,v3.0b1,current,World,Solar photovoltaics,Total energy supply; Losses,1,1,1,1,1,1,1,1,1,1,1,1,1,1,1,1,1,1,1,1,1,1,1,1,1,1
CL-PFU,v3.0b1,current,World,Solar photovoltaics,Total energy supply; Total final consumption; Industry; Mining and quarrying,1,1,1,1,1,1,1,1,1,1,1,1,1,1,1,1,1,1,1,1,1,1,1,1,1,1
CL-PFU,v3.0b1,current,World,Solar photovoltaics,Total energy supply; Total final consumption; Industry; Construction,1,1,1,1,1,1,1,1,1,1,1,1,1,1,1,1,1,1,1,1,1,1,1,1,1,1
CL-PFU,v3.0b1,current,World,Solar photovoltaics,Total energy supply; Total final consumption; Industry; Manufacturing; Iron and steel,1,1,1,1,1,1,1,1,1,1,1,1,1,1,1,1,1,1,1,1,1,1,1,1,1,1
CL-PFU,v3.0b1,current,World,Solar photovoltaics,Total energy supply; Total final consumption; Industry; Manufacturing; Chemical and petrochemical,1,1,1,1,1,1,1,1,1,1,1,1,1,1,1,1,1,1,1,1,1,1,1,1,1,1
CL-PFU,v3.0b1,current,World,Solar photovoltaics,Total energy supply; Total final consumption; Industry; Manufacturing; Non-ferrous metals,1,1,1,1,1,1,1,1,1,1,1,1,1,1,1,1,1,1,1,1,1,1,1,1,1,1
CL-PFU,v3.0b1,current,World,Solar photovoltaics,Total energy supply; Total final consumption; Industry; Manufacturing; Non-metallic minerals,1,1,1,1,1,1,1,1,1,1,1,1,1,1,1,1,1,1,1,1,1,1,1,1,1,1
CL-PFU,v3.0b1,current,World,Solar photovoltaics,Total energy supply; Total final consumption; Industry; Manufacturing; Transport equipment,1,1,1,1,1,1,1,1,1,1,1,1,1,1,1,1,1,1,1,1,1,1,1,1,1,1
CL-PFU,v3.0b1,current,World,Solar photovoltaics,Total energy supply; Total final consumption; Industry; Manufacturing; Machinery,1,1,1,1,1,1,1,1,1,1,1,1,1,1,1,1,1,1,1,1,1,1,1,1,1,1
CL-PFU,v3.0b1,current,World,Solar photovoltaics,Total energy supply; Total final consumption; Industry; Manufacturing; Food and tobacco,1,1,1,1,1,1,1,1,1,1,1,1,1,1,1,1,1,1,1,1,1,1,1,1,1,1
CL-PFU,v3.0b1,current,World,Solar photovoltaics,"Total energy supply; Total final consumption; Industry; Manufacturing; Paper, pulp and printing",1,1,1,1,1,1,1,1,1,1,1,1,1,1,1,1,1,1,1,1,1,1,1,1,1,1
CL-PFU,v3.0b1,current,World,Solar photovoltaics,Total energy supply; Total final consumption; Industry; Manufacturing; Wood and wood products,1,1,1,1,1,1,1,1,1,1,1,1,1,1,1,1,1,1,1,1,1,1,1,1,1,1
CL-PFU,v3.0b1,current,World,Solar photovoltaics,Total energy supply; Total final consumption; Industry; Manufacturing; Textile and leather,1,1,1,1,1,1,1,1,1,1,1,1,1,1,1,1,1,1,1,1,1,1,1,1,1,1
CL-PFU,v3.0b1,current,World,Solar photovoltaics,Total energy supply; Total final consumption; Industry; Industry not elsewhere specified,1,1,1,1,1,1,1,1,1,1,1,1,1,1,1,1,1,1,1,1,1,1,1,1,1,1
CL-PFU,v3.0b1,current,World,Solar photovoltaics,Total energy supply; Total final consumption; Transport; World aviation bunkers,1,1,1,1,1,1,1,1,1,1,1,1,1,1,1,1,1,1,1,1,1,1,1,1,1,1
CL-PFU,v3.0b1,current,World,Solar photovoltaics,Total energy supply; Total final consumption; Transport; Domestic aviation,1,1,1,1,1,1,1,1,1,1,1,1,1,1,1,1,1,1,1,1,1,1,1,1,1,1
CL-PFU,v3.0b1,current,World,Solar photovoltaics,Total energy supply; Total final consumption; Transport; Road,1,1,1,1,1,1,1,1,1,1,1,1,1,1,1,1,1,1,1,1,1,1,1,1,1,1
CL-PFU,v3.0b1,current,World,Solar photovoltaics,Total energy supply; Total final consumption; Transport; Rail,1,1,1,1,1,1,1,1,1,1,1,1,1,1,1,1,1,1,1,1,1,1,1,1,1,1
CL-PFU,v3.0b1,current,World,Solar photovoltaics,Total energy supply; Total final consumption; Transport; Pipeline transport,1,1,1,1,1,1,1,1,1,1,1,1,1,1,1,1,1,1,1,1,1,1,1,1,1,1
CL-PFU,v3.0b1,current,World,Solar photovoltaics,Total energy supply; Total final consumption; Transport; World marine bunkers,1,1,1,1,1,1,1,1,1,1,1,1,1,1,1,1,1,1,1,1,1,1,1,1,1,1
CL-PFU,v3.0b1,current,World,Solar photovoltaics,Total energy supply; Total final consumption; Transport; Domestic navigation,1,1,1,1,1,1,1,1,1,1,1,1,1,1,1,1,1,1,1,1,1,1,1,1,1,1
CL-PFU,v3.0b1,current,World,Solar photovoltaics,Total energy supply; Total final consumption; Transport; Transport not elsewhere specified,1,1,1,1,1,1,1,1,1,1,1,1,1,1,1,1,1,1,1,1,1,1,1,1,1,1
CL-PFU,v3.0b1,current,World,Solar photovoltaics,Total energy supply; Total final consumption; Residential,1,1,1,1,1,1,1,1,1,1,1,1,1,1,1,1,1,1,1,1,1,1,1,1,1,1
CL-PFU,v3.0b1,current,World,Solar photovoltaics,Total energy supply; Total final consumption; Commercial and public services,1,1,1,1,1,1,1,1,1,1,1,1,1,1,1,1,1,1,1,1,1,1,1,1,1,1
CL-PFU,v3.0b1,current,World,Solar photovoltaics,Total energy supply; Total final consumption; Agriculture/forestry,1,1,1,1,1,1,1,1,1,1,1,1,1,1,1,1,1,1,1,1,1,1,1,1,1,1
CL-PFU,v3.0b1,current,World,Solar photovoltaics,Total energy supply; Total final consumption; Fishing,1,1,1,1,1,1,1,1,1,1,1,1,1,1,1,1,1,1,1,1,1,1,1,1,1,1
CL-PFU,v3.0b1,current,World,Solar photovoltaics,Total energy supply; Total final consumption; Final consumption not elsewhere specified,1,1,1,1,1,1,1,1,1,1,1,1,1,1,1,1,1,1,1,1,1,1,1,1,1,1
CL-PFU,v3.0b1,current,World,Solar photovoltaics,Total energy supply; Total final consumption; Non-energy use; Non-energy use industry/transformation/energy,1,1,1,1,1,1,1,1,1,1,1,1,1,1,1,1,1,1,1,1,1,1,1,1,1,1
CL-PFU,v3.0b1,current,World,Solar photovoltaics,Total energy supply; Total final consumption; Non-energy use; Non-energy use in transport,1,1,1,1,1,1,1,1,1,1,1,1,1,1,1,1,1,1,1,1,1,1,1,1,1,1
CL-PFU,v3.0b1,current,World,Solar photovoltaics,Total energy supply; Total final consumption; Non-energy use; Non-energy use in other,1,1,1,1,1,1,1,1,1,1,1,1,1,1,1,1,1,1,1,1,1,1,1,1,1,1
CL-PFU,v3.0b1,current,World,Solar thermal,Total energy supply; Energy industry own use; Coal mines,0.25,0.25,0.25,0.25,0.25,0.25,0.25,0.25,0.25,0.25,0.25,0.25,0.25,0.25,0.25,0.25,0.25,0.25,0.25,0.25,0.25,0.25,0.25,0.25,0.25,0.25
CL-PFU,v3.0b1,current,World,Solar thermal,Total energy supply; Energy industry own use; Oil and gas extraction,0.25,0.25,0.25,0.25,0.25,0.25,0.25,0.25,0.25,0.25,0.25,0.25,0.25,0.25,0.25,0.25,0.25,0.25,0.25,0.25,0.25,0.25,0.25,0.25,0.25,0.25
CL-PFU,v3.0b1,current,World,Solar thermal,Total energy supply; Energy industry own use; Blast furnaces,0.25,0.25,0.25,0.25,0.25,0.25,0.25,0.25,0.25,0.25,0.25,0.25,0.25,0.25,0.25,0.25,0.25,0.25,0.25,0.25,0.25,0.25,0.25,0.25,0.25,0.25
CL-PFU,v3.0b1,current,World,Solar thermal,Total energy supply; Energy industry own use; Gas works,0.25,0.25,0.25,0.25,0.25,0.25,0.25,0.25,0.25,0.25,0.25,0.25,0.25,0.25,0.25,0.25,0.25,0.25,0.25,0.25,0.25,0.25,0.25,0.25,0.25,0.25
CL-PFU,v3.0b1,current,World,Solar thermal,Total energy supply; Energy industry own use; Gasification plants for biogases,0.25,0.25,0.25,0.25,0.25,0.25,0.25,0.25,0.25,0.25,0.25,0.25,0.25,0.25,0.25,0.25,0.25,0.25,0.25,0.25,0.25,0.25,0.25,0.25,0.25,0.25
CL-PFU,v3.0b1,current,World,Solar thermal,Total energy supply; Energy industry own use; Coke ovens,0.25,0.25,0.25,0.25,0.25,0.25,0.25,0.25,0.25,0.25,0.25,0.25,0.25,0.25,0.25,0.25,0.25,0.25,0.25,0.25,0.25,0.25,0.25,0.25,0.25,0.25
CL-PFU,v3.0b1,current,World,Solar thermal,Total energy supply; Energy industry own use; Patent fuel plants,0.25,0.25,0.25,0.25,0.25,0.25,0.25,0.25,0.25,0.25,0.25,0.25,0.25,0.25,0.25,0.25,0.25,0.25,0.25,0.25,0.25,0.25,0.25,0.25,0.25,0.25
CL-PFU,v3.0b1,current,World,Solar thermal,Total energy supply; Energy industry own use; BKB/peat briquette plants,0.25,0.25,0.25,0.25,0.25,0.25,0.25,0.25,0.25,0.25,0.25,0.25,0.25,0.25,0.25,0.25,0.25,0.25,0.25,0.25,0.25,0.25,0.25,0.25,0.25,0.25
CL-PFU,v3.0b1,current,World,Solar thermal,Total energy supply; Energy industry own use; Oil refineries,0.25,0.25,0.25,0.25,0.25,0.25,0.25,0.25,0.25,0.25,0.25,0.25,0.25,0.25,0.25,0.25,0.25,0.25,0.25,0.25,0.25,0.25,0.25,0.25,0.25,0.25
CL-PFU,v3.0b1,current,World,Solar thermal,Total energy supply; Energy industry own use; Coal liquefaction plants,0.25,0.25,0.25,0.25,0.25,0.25,0.25,0.25,0.25,0.25,0.25,0.25,0.25,0.25,0.25,0.25,0.25,0.25,0.25,0.25,0.25,0.25,0.25,0.25,0.25,0.25
CL-PFU,v3.0b1,current,World,Solar thermal,Total energy supply; Energy industry own use; Liquefaction (LNG) / regasification plants,0.25,0.25,0.25,0.25,0.25,0.25,0.25,0.25,0.25,0.25,0.25,0.25,0.25,0.25,0.25,0.25,0.25,0.25,0.25,0.25,0.25,0.25,0.25,0.25,0.25,0.25
CL-PFU,v3.0b1,current,World,Solar thermal,Total energy supply; Energy industry own use; Gas-to-liquids (GTL) plants,0.25,0.25,0.25,0.25,0.25,0.25,0.25,0.25,0.25,0.25,0.25,0.25,0.25,0.25,0.25,0.25,0.25,0.25,0.25,0.25,0.25,0.25,0.25,0.25,0.25,0.25
CL-PFU,v3.0b1,current,World,Solar thermal,"Total energy supply; Energy industry own use; Own use in electricity, CHP and heat plants",0.25,0.25,0.25,0.25,0.25,0.25,0.25,0.25,0.25,0.25,0.25,0.25,0.25,0.25,0.25,0.25,0.25,0.25,0.25,0.25,0.25,0.25,0.25,0.25,0.25,0.25
CL-PFU,v3.0b1,current,World,Solar thermal,Total energy supply; Energy industry own use; Pumped storage plants,0.25,0.25,0.25,0.25,0.25,0.25,0.25,0.25,0.25,0.25,0.25,0.25,0.25,0.25,0.25,0.25,0.25,0.25,0.25,0.25,0.25,0.25,0.25,0.25,0.25,0.25
CL-PFU,v3.0b1,current,World,Solar thermal,Total energy supply; Energy industry own use; Nuclear industry,0.25,0.25,0.25,0.25,0.25,0.25,0.25,0.25,0.25,0.25,0.25,0.25,0.25,0.25,0.25,0.25,0.25,0.25,0.25,0.25,0.25,0.25,0.25,0.25,0.25,0.25
CL-PFU,v3.0b1,current,World,Solar thermal,Total energy supply; Energy industry own use; Charcoal production plants,0.25,0.25,0.25,0.25,0.25,0.25,0.25,0.25,0.25,0.25,0.25,0.25,0.25,0.25,0.25,0.25,0.25,0.25,0.25,0.25,0.25,0.25,0.25,0.25,0.25,0.25
CL-PFU,v3.0b1,current,World,Solar thermal,Total energy supply; Energy industry own use; Non-specified (energy),0.25,0.25,0.25,0.25,0.25,0.25,0.25,0.25,0.25,0.25,0.25,0.25,0.25,0.25,0.25,0.25,0.25,0.25,0.25,0.25,0.25,0.25,0.25,0.25,0.25,0.25
CL-PFU,v3.0b1,current,World,Solar thermal,Total energy supply; Losses,0.25,0.25,0.25,0.25,0.25,0.25,0.25,0.25,0.25,0.25,0.25,0.25,0.25,0.25,0.25,0.25,0.25,0.25,0.25,0.25,0.25,0.25,0.25,0.25,0.25,0.25
CL-PFU,v3.0b1,current,World,Solar thermal,Total energy supply; Total final consumption; Industry; Mining and quarrying,0.25,0.25,0.25,0.25,0.25,0.25,0.25,0.25,0.25,0.25,0.25,0.25,0.25,0.25,0.25,0.25,0.25,0.25,0.25,0.25,0.25,0.25,0.25,0.25,0.25,0.25
CL-PFU,v3.0b1,current,World,Solar thermal,Total energy supply; Total final consumption; Industry; Construction,0.25,0.25,0.25,0.25,0.25,0.25,0.25,0.25,0.25,0.25,0.25,0.25,0.25,0.25,0.25,0.25,0.25,0.25,0.25,0.25,0.25,0.25,0.25,0.25,0.25,0.25
CL-PFU,v3.0b1,current,World,Solar thermal,Total energy supply; Total final consumption; Industry; Manufacturing; Iron and steel,0.25,0.25,0.25,0.25,0.25,0.25,0.25,0.25,0.25,0.25,0.25,0.25,0.25,0.25,0.25,0.25,0.25,0.25,0.25,0.25,0.25,0.25,0.25,0.25,0.25,0.25
CL-PFU,v3.0b1,current,World,Solar thermal,Total energy supply; Total final consumption; Industry; Manufacturing; Chemical and petrochemical,0.25,0.25,0.25,0.25,0.25,0.25,0.25,0.25,0.25,0.25,0.25,0.25,0.25,0.25,0.25,0.25,0.25,0.25,0.25,0.25,0.25,0.25,0.25,0.25,0.25,0.25
CL-PFU,v3.0b1,current,World,Solar thermal,Total energy supply; Total final consumption; Industry; Manufacturing; Non-ferrous metals,0.25,0.25,0.25,0.25,0.25,0.25,0.25,0.25,0.25,0.25,0.25,0.25,0.25,0.25,0.25,0.25,0.25,0.25,0.25,0.25,0.25,0.25,0.25,0.25,0.25,0.25
CL-PFU,v3.0b1,current,World,Solar thermal,Total energy supply; Total final consumption; Industry; Manufacturing; Non-metallic minerals,0.25,0.25,0.25,0.25,0.25,0.25,0.25,0.25,0.25,0.25,0.25,0.25,0.25,0.25,0.25,0.25,0.25,0.25,0.25,0.25,0.25,0.25,0.25,0.25,0.25,0.25
CL-PFU,v3.0b1,current,World,Solar thermal,Total energy supply; Total final consumption; Industry; Manufacturing; Transport equipment,0.25,0.25,0.25,0.25,0.25,0.25,0.25,0.25,0.25,0.25,0.25,0.25,0.25,0.25,0.25,0.25,0.25,0.25,0.25,0.25,0.25,0.25,0.25,0.25,0.25,0.25
CL-PFU,v3.0b1,current,World,Solar thermal,Total energy supply; Total final consumption; Industry; Manufacturing; Machinery,0.25,0.25,0.25,0.25,0.25,0.25,0.25,0.25,0.25,0.25,0.25,0.25,0.25,0.25,0.25,0.25,0.25,0.25,0.25,0.25,0.25,0.25,0.25,0.25,0.25,0.25
CL-PFU,v3.0b1,current,World,Solar thermal,Total energy supply; Total final consumption; Industry; Manufacturing; Food and tobacco,0.25,0.25,0.25,0.25,0.25,0.25,0.25,0.25,0.25,0.25,0.25,0.25,0.25,0.25,0.25,0.25,0.25,0.25,0.25,0.25,0.25,0.25,0.25,0.25,0.25,0.25
CL-PFU,v3.0b1,current,World,Solar thermal,"Total energy supply; Total final consumption; Industry; Manufacturing; Paper, pulp and printing",0.25,0.25,0.25,0.25,0.25,0.25,0.25,0.25,0.25,0.25,0.25,0.25,0.25,0.25,0.25,0.25,0.25,0.25,0.25,0.25,0.25,0.25,0.25,0.25,0.25,0.25
CL-PFU,v3.0b1,current,World,Solar thermal,Total energy supply; Total final consumption; Industry; Manufacturing; Wood and wood products,0.25,0.25,0.25,0.25,0.25,0.25,0.25,0.25,0.25,0.25,0.25,0.25,0.25,0.25,0.25,0.25,0.25,0.25,0.25,0.25,0.25,0.25,0.25,0.25,0.25,0.25
CL-PFU,v3.0b1,current,World,Solar thermal,Total energy supply; Total final consumption; Industry; Manufacturing; Textile and leather,0.25,0.25,0.25,0.25,0.25,0.25,0.25,0.25,0.25,0.25,0.25,0.25,0.25,0.25,0.25,0.25,0.25,0.25,0.25,0.25,0.25,0.25,0.25,0.25,0.25,0.25
CL-PFU,v3.0b1,current,World,Solar thermal,Total energy supply; Total final consumption; Industry; Industry not elsewhere specified,0.25,0.25,0.25,0.25,0.25,0.25,0.25,0.25,0.25,0.25,0.25,0.25,0.25,0.25,0.25,0.25,0.25,0.25,0.25,0.25,0.25,0.25,0.25,0.25,0.25,0.25
CL-PFU,v3.0b1,current,World,Solar thermal,Total energy supply; Total final consumption; Transport; World aviation bunkers,0.25,0.25,0.25,0.25,0.25,0.25,0.25,0.25,0.25,0.25,0.25,0.25,0.25,0.25,0.25,0.25,0.25,0.25,0.25,0.25,0.25,0.25,0.25,0.25,0.25,0.25
CL-PFU,v3.0b1,current,World,Solar thermal,Total energy supply; Total final consumption; Transport; Domestic aviation,0.25,0.25,0.25,0.25,0.25,0.25,0.25,0.25,0.25,0.25,0.25,0.25,0.25,0.25,0.25,0.25,0.25,0.25,0.25,0.25,0.25,0.25,0.25,0.25,0.25,0.25
CL-PFU,v3.0b1,current,World,Solar thermal,Total energy supply; Total final consumption; Transport; Road,0.25,0.25,0.25,0.25,0.25,0.25,0.25,0.25,0.25,0.25,0.25,0.25,0.25,0.25,0.25,0.25,0.25,0.25,0.25,0.25,0.25,0.25,0.25,0.25,0.25,0.25
CL-PFU,v3.0b1,current,World,Solar thermal,Total energy supply; Total final consumption; Transport; Rail,0.25,0.25,0.25,0.25,0.25,0.25,0.25,0.25,0.25,0.25,0.25,0.25,0.25,0.25,0.25,0.25,0.25,0.25,0.25,0.25,0.25,0.25,0.25,0.25,0.25,0.25
CL-PFU,v3.0b1,current,World,Solar thermal,Total energy supply; Total final consumption; Transport; Pipeline transport,0.25,0.25,0.25,0.25,0.25,0.25,0.25,0.25,0.25,0.25,0.25,0.25,0.25,0.25,0.25,0.25,0.25,0.25,0.25,0.25,0.25,0.25,0.25,0.25,0.25,0.25
CL-PFU,v3.0b1,current,World,Solar thermal,Total energy supply; Total final consumption; Transport; World marine bunkers,0.25,0.25,0.25,0.25,0.25,0.25,0.25,0.25,0.25,0.25,0.25,0.25,0.25,0.25,0.25,0.25,0.25,0.25,0.25,0.25,0.25,0.25,0.25,0.25,0.25,0.25
CL-PFU,v3.0b1,current,World,Solar thermal,Total energy supply; Total final consumption; Transport; Domestic navigation,0.25,0.25,0.25,0.25,0.25,0.25,0.25,0.25,0.25,0.25,0.25,0.25,0.25,0.25,0.25,0.25,0.25,0.25,0.25,0.25,0.25,0.25,0.25,0.25,0.25,0.25
CL-PFU,v3.0b1,current,World,Solar thermal,Total energy supply; Total final consumption; Transport; Transport not elsewhere specified,0.25,0.25,0.25,0.25,0.25,0.25,0.25,0.25,0.25,0.25,0.25,0.25,0.25,0.25,0.25,0.25,0.25,0.25,0.25,0.25,0.25,0.25,0.25,0.25,0.25,0.25
CL-PFU,v3.0b1,current,World,Solar thermal,Total energy supply; Total final consumption; Residential,0.25,0.25,0.25,0.25,0.25,0.25,0.25,0.25,0.25,0.25,0.25,0.25,0.25,0.25,0.25,0.25,0.25,0.25,0.25,0.25,0.25,0.25,0.25,0.25,0.25,0.25
CL-PFU,v3.0b1,current,World,Solar thermal,Total energy supply; Total final consumption; Commercial and public services,0.25,0.25,0.25,0.25,0.25,0.25,0.25,0.25,0.25,0.25,0.25,0.25,0.25,0.25,0.25,0.25,0.25,0.25,0.25,0.25,0.25,0.25,0.25,0.25,0.25,0.25
CL-PFU,v3.0b1,current,World,Solar thermal,Total energy supply; Total final consumption; Agriculture/forestry,0.25,0.25,0.25,0.25,0.25,0.25,0.25,0.25,0.25,0.25,0.25,0.25,0.25,0.25,0.25,0.25,0.25,0.25,0.25,0.25,0.25,0.25,0.25,0.25,0.25,0.25
CL-PFU,v3.0b1,current,World,Solar thermal,Total energy supply; Total final consumption; Fishing,0.25,0.25,0.25,0.25,0.25,0.25,0.25,0.25,0.25,0.25,0.25,0.25,0.25,0.25,0.25,0.25,0.25,0.25,0.25,0.25,0.25,0.25,0.25,0.25,0.25,0.25
CL-PFU,v3.0b1,current,World,Solar thermal,Total energy supply; Total final consumption; Final consumption not elsewhere specified,0.25,0.25,0.25,0.25,0.25,0.25,0.25,0.25,0.25,0.25,0.25,0.25,0.25,0.25,0.25,0.25,0.25,0.25,0.25,0.25,0.25,0.25,0.25,0.25,0.25,0.25
CL-PFU,v3.0b1,current,World,Solar thermal,Total energy supply; Total final consumption; Non-energy use; Non-energy use industry/transformation/energy,0.25,0.25,0.25,0.25,0.25,0.25,0.25,0.25,0.25,0.25,0.25,0.25,0.25,0.25,0.25,0.25,0.25,0.25,0.25,0.25,0.25,0.25,0.25,0.25,0.25,0.25
CL-PFU,v3.0b1,current,World,Solar thermal,Total energy supply; Total final consumption; Non-energy use; Non-energy use in transport,0.25,0.25,0.25,0.25,0.25,0.25,0.25,0.25,0.25,0.25,0.25,0.25,0.25,0.25,0.25,0.25,0.25,0.25,0.25,0.25,0.25,0.25,0.25,0.25,0.25,0.25
CL-PFU,v3.0b1,current,World,Solar thermal,Total energy supply; Total final consumption; Non-energy use; Non-energy use in other,0.25,0.25,0.25,0.25,0.25,0.25,0.25,0.25,0.25,0.25,0.25,0.25,0.25,0.25,0.25,0.25,0.25,0.25,0.25,0.25,0.25,0.25,0.25,0.25,0.25,0.25
CL-PFU,v3.0b1,current,World,Sub-bituminous coal,Total energy supply; Energy industry own use; Coal mines,1.06,1.06,1.06,1.06,1.06,1.06,1.06,1.06,1.06,1.06,1.06,1.06,1.06,1.06,1.06,1.06,1.06,1.06,1.06,1.06,1.06,1.06,1.06,1.06,1.06,1.06
CL-PFU,v3.0b1,current,World,Sub-bituminous coal,Total energy supply; Energy industry own use; Oil and gas extraction,1.06,1.06,1.06,1.06,1.06,1.06,1.06,1.06,1.06,1.06,1.06,1.06,1.06,1.06,1.06,1.06,1.06,1.06,1.06,1.06,1.06,1.06,1.06,1.06,1.06,1.06
CL-PFU,v3.0b1,current,World,Sub-bituminous coal,Total energy supply; Energy industry own use; Blast furnaces,1.06,1.06,1.06,1.06,1.06,1.06,1.06,1.06,1.06,1.06,1.06,1.06,1.06,1.06,1.06,1.06,1.06,1.06,1.06,1.06,1.06,1.06,1.06,1.06,1.06,1.06
CL-PFU,v3.0b1,current,World,Sub-bituminous coal,Total energy supply; Energy industry own use; Gas works,1.06,1.06,1.06,1.06,1.06,1.06,1.06,1.06,1.06,1.06,1.06,1.06,1.06,1.06,1.06,1.06,1.06,1.06,1.06,1.06,1.06,1.06,1.06,1.06,1.06,1.06
CL-PFU,v3.0b1,current,World,Sub-bituminous coal,Total energy supply; Energy industry own use; Gasification plants for biogases,1.06,1.06,1.06,1.06,1.06,1.06,1.06,1.06,1.06,1.06,1.06,1.06,1.06,1.06,1.06,1.06,1.06,1.06,1.06,1.06,1.06,1.06,1.06,1.06,1.06,1.06
CL-PFU,v3.0b1,current,World,Sub-bituminous coal,Total energy supply; Energy industry own use; Coke ovens,1.06,1.06,1.06,1.06,1.06,1.06,1.06,1.06,1.06,1.06,1.06,1.06,1.06,1.06,1.06,1.06,1.06,1.06,1.06,1.06,1.06,1.06,1.06,1.06,1.06,1.06
CL-PFU,v3.0b1,current,World,Sub-bituminous coal,Total energy supply; Energy industry own use; Patent fuel plants,1.06,1.06,1.06,1.06,1.06,1.06,1.06,1.06,1.06,1.06,1.06,1.06,1.06,1.06,1.06,1.06,1.06,1.06,1.06,1.06,1.06,1.06,1.06,1.06,1.06,1.06
CL-PFU,v3.0b1,current,World,Sub-bituminous coal,Total energy supply; Energy industry own use; BKB/peat briquette plants,1.06,1.06,1.06,1.06,1.06,1.06,1.06,1.06,1.06,1.06,1.06,1.06,1.06,1.06,1.06,1.06,1.06,1.06,1.06,1.06,1.06,1.06,1.06,1.06,1.06,1.06
CL-PFU,v3.0b1,current,World,Sub-bituminous coal,Total energy supply; Energy industry own use; Oil refineries,1.06,1.06,1.06,1.06,1.06,1.06,1.06,1.06,1.06,1.06,1.06,1.06,1.06,1.06,1.06,1.06,1.06,1.06,1.06,1.06,1.06,1.06,1.06,1.06,1.06,1.06
CL-PFU,v3.0b1,current,World,Sub-bituminous coal,Total energy supply; Energy industry own use; Coal liquefaction plants,1.06,1.06,1.06,1.06,1.06,1.06,1.06,1.06,1.06,1.06,1.06,1.06,1.06,1.06,1.06,1.06,1.06,1.06,1.06,1.06,1.06,1.06,1.06,1.06,1.06,1.06
CL-PFU,v3.0b1,current,World,Sub-bituminous coal,Total energy supply; Energy industry own use; Liquefaction (LNG) / regasification plants,1.06,1.06,1.06,1.06,1.06,1.06,1.06,1.06,1.06,1.06,1.06,1.06,1.06,1.06,1.06,1.06,1.06,1.06,1.06,1.06,1.06,1.06,1.06,1.06,1.06,1.06
CL-PFU,v3.0b1,current,World,Sub-bituminous coal,Total energy supply; Energy industry own use; Gas-to-liquids (GTL) plants,1.06,1.06,1.06,1.06,1.06,1.06,1.06,1.06,1.06,1.06,1.06,1.06,1.06,1.06,1.06,1.06,1.06,1.06,1.06,1.06,1.06,1.06,1.06,1.06,1.06,1.06
CL-PFU,v3.0b1,current,World,Sub-bituminous coal,"Total energy supply; Energy industry own use; Own use in electricity, CHP and heat plants",1.06,1.06,1.06,1.06,1.06,1.06,1.06,1.06,1.06,1.06,1.06,1.06,1.06,1.06,1.06,1.06,1.06,1.06,1.06,1.06,1.06,1.06,1.06,1.06,1.06,1.06
CL-PFU,v3.0b1,current,World,Sub-bituminous coal,Total energy supply; Energy industry own use; Pumped storage plants,1.06,1.06,1.06,1.06,1.06,1.06,1.06,1.06,1.06,1.06,1.06,1.06,1.06,1.06,1.06,1.06,1.06,1.06,1.06,1.06,1.06,1.06,1.06,1.06,1.06,1.06
CL-PFU,v3.0b1,current,World,Sub-bituminous coal,Total energy supply; Energy industry own use; Nuclear industry,1.06,1.06,1.06,1.06,1.06,1.06,1.06,1.06,1.06,1.06,1.06,1.06,1.06,1.06,1.06,1.06,1.06,1.06,1.06,1.06,1.06,1.06,1.06,1.06,1.06,1.06
CL-PFU,v3.0b1,current,World,Sub-bituminous coal,Total energy supply; Energy industry own use; Charcoal production plants,1.06,1.06,1.06,1.06,1.06,1.06,1.06,1.06,1.06,1.06,1.06,1.06,1.06,1.06,1.06,1.06,1.06,1.06,1.06,1.06,1.06,1.06,1.06,1.06,1.06,1.06
CL-PFU,v3.0b1,current,World,Sub-bituminous coal,Total energy supply; Energy industry own use; Non-specified (energy),1.06,1.06,1.06,1.06,1.06,1.06,1.06,1.06,1.06,1.06,1.06,1.06,1.06,1.06,1.06,1.06,1.06,1.06,1.06,1.06,1.06,1.06,1.06,1.06,1.06,1.06
CL-PFU,v3.0b1,current,World,Sub-bituminous coal,Total energy supply; Losses,1.06,1.06,1.06,1.06,1.06,1.06,1.06,1.06,1.06,1.06,1.06,1.06,1.06,1.06,1.06,1.06,1.06,1.06,1.06,1.06,1.06,1.06,1.06,1.06,1.06,1.06
CL-PFU,v3.0b1,current,World,Sub-bituminous coal,Total energy supply; Total final consumption; Industry; Mining and quarrying,1.06,1.06,1.06,1.06,1.06,1.06,1.06,1.06,1.06,1.06,1.06,1.06,1.06,1.06,1.06,1.06,1.06,1.06,1.06,1.06,1.06,1.06,1.06,1.06,1.06,1.06
CL-PFU,v3.0b1,current,World,Sub-bituminous coal,Total energy supply; Total final consumption; Industry; Construction,1.06,1.06,1.06,1.06,1.06,1.06,1.06,1.06,1.06,1.06,1.06,1.06,1.06,1.06,1.06,1.06,1.06,1.06,1.06,1.06,1.06,1.06,1.06,1.06,1.06,1.06
CL-PFU,v3.0b1,current,World,Sub-bituminous coal,Total energy supply; Total final consumption; Industry; Manufacturing; Iron and steel,1.06,1.06,1.06,1.06,1.06,1.06,1.06,1.06,1.06,1.06,1.06,1.06,1.06,1.06,1.06,1.06,1.06,1.06,1.06,1.06,1.06,1.06,1.06,1.06,1.06,1.06
CL-PFU,v3.0b1,current,World,Sub-bituminous coal,Total energy supply; Total final consumption; Industry; Manufacturing; Chemical and petrochemical,1.06,1.06,1.06,1.06,1.06,1.06,1.06,1.06,1.06,1.06,1.06,1.06,1.06,1.06,1.06,1.06,1.06,1.06,1.06,1.06,1.06,1.06,1.06,1.06,1.06,1.06
CL-PFU,v3.0b1,current,World,Sub-bituminous coal,Total energy supply; Total final consumption; Industry; Manufacturing; Non-ferrous metals,1.06,1.06,1.06,1.06,1.06,1.06,1.06,1.06,1.06,1.06,1.06,1.06,1.06,1.06,1.06,1.06,1.06,1.06,1.06,1.06,1.06,1.06,1.06,1.06,1.06,1.06
CL-PFU,v3.0b1,current,World,Sub-bituminous coal,Total energy supply; Total final consumption; Industry; Manufacturing; Non-metallic minerals,1.06,1.06,1.06,1.06,1.06,1.06,1.06,1.06,1.06,1.06,1.06,1.06,1.06,1.06,1.06,1.06,1.06,1.06,1.06,1.06,1.06,1.06,1.06,1.06,1.06,1.06
CL-PFU,v3.0b1,current,World,Sub-bituminous coal,Total energy supply; Total final consumption; Industry; Manufacturing; Transport equipment,1.06,1.06,1.06,1.06,1.06,1.06,1.06,1.06,1.06,1.06,1.06,1.06,1.06,1.06,1.06,1.06,1.06,1.06,1.06,1.06,1.06,1.06,1.06,1.06,1.06,1.06
CL-PFU,v3.0b1,current,World,Sub-bituminous coal,Total energy supply; Total final consumption; Industry; Manufacturing; Machinery,1.06,1.06,1.06,1.06,1.06,1.06,1.06,1.06,1.06,1.06,1.06,1.06,1.06,1.06,1.06,1.06,1.06,1.06,1.06,1.06,1.06,1.06,1.06,1.06,1.06,1.06
CL-PFU,v3.0b1,current,World,Sub-bituminous coal,Total energy supply; Total final consumption; Industry; Manufacturing; Food and tobacco,1.06,1.06,1.06,1.06,1.06,1.06,1.06,1.06,1.06,1.06,1.06,1.06,1.06,1.06,1.06,1.06,1.06,1.06,1.06,1.06,1.06,1.06,1.06,1.06,1.06,1.06
CL-PFU,v3.0b1,current,World,Sub-bituminous coal,"Total energy supply; Total final consumption; Industry; Manufacturing; Paper, pulp and printing",1.06,1.06,1.06,1.06,1.06,1.06,1.06,1.06,1.06,1.06,1.06,1.06,1.06,1.06,1.06,1.06,1.06,1.06,1.06,1.06,1.06,1.06,1.06,1.06,1.06,1.06
CL-PFU,v3.0b1,current,World,Sub-bituminous coal,Total energy supply; Total final consumption; Industry; Manufacturing; Wood and wood products,1.06,1.06,1.06,1.06,1.06,1.06,1.06,1.06,1.06,1.06,1.06,1.06,1.06,1.06,1.06,1.06,1.06,1.06,1.06,1.06,1.06,1.06,1.06,1.06,1.06,1.06
CL-PFU,v3.0b1,current,World,Sub-bituminous coal,Total energy supply; Total final consumption; Industry; Manufacturing; Textile and leather,1.06,1.06,1.06,1.06,1.06,1.06,1.06,1.06,1.06,1.06,1.06,1.06,1.06,1.06,1.06,1.06,1.06,1.06,1.06,1.06,1.06,1.06,1.06,1.06,1.06,1.06
CL-PFU,v3.0b1,current,World,Sub-bituminous coal,Total energy supply; Total final consumption; Industry; Industry not elsewhere specified,1.06,1.06,1.06,1.06,1.06,1.06,1.06,1.06,1.06,1.06,1.06,1.06,1.06,1.06,1.06,1.06,1.06,1.06,1.06,1.06,1.06,1.06,1.06,1.06,1.06,1.06
CL-PFU,v3.0b1,current,World,Sub-bituminous coal,Total energy supply; Total final consumption; Transport; World aviation bunkers,1.06,1.06,1.06,1.06,1.06,1.06,1.06,1.06,1.06,1.06,1.06,1.06,1.06,1.06,1.06,1.06,1.06,1.06,1.06,1.06,1.06,1.06,1.06,1.06,1.06,1.06
CL-PFU,v3.0b1,current,World,Sub-bituminous coal,Total energy supply; Total final consumption; Transport; Domestic aviation,1.06,1.06,1.06,1.06,1.06,1.06,1.06,1.06,1.06,1.06,1.06,1.06,1.06,1.06,1.06,1.06,1.06,1.06,1.06,1.06,1.06,1.06,1.06,1.06,1.06,1.06
CL-PFU,v3.0b1,current,World,Sub-bituminous coal,Total energy supply; Total final consumption; Transport; Road,1.06,1.06,1.06,1.06,1.06,1.06,1.06,1.06,1.06,1.06,1.06,1.06,1.06,1.06,1.06,1.06,1.06,1.06,1.06,1.06,1.06,1.06,1.06,1.06,1.06,1.06
CL-PFU,v3.0b1,current,World,Sub-bituminous coal,Total energy supply; Total final consumption; Transport; Rail,1.06,1.06,1.06,1.06,1.06,1.06,1.06,1.06,1.06,1.06,1.06,1.06,1.06,1.06,1.06,1.06,1.06,1.06,1.06,1.06,1.06,1.06,1.06,1.06,1.06,1.06
CL-PFU,v3.0b1,current,World,Sub-bituminous coal,Total energy supply; Total final consumption; Transport; Pipeline transport,1.06,1.06,1.06,1.06,1.06,1.06,1.06,1.06,1.06,1.06,1.06,1.06,1.06,1.06,1.06,1.06,1.06,1.06,1.06,1.06,1.06,1.06,1.06,1.06,1.06,1.06
CL-PFU,v3.0b1,current,World,Sub-bituminous coal,Total energy supply; Total final consumption; Transport; World marine bunkers,1.06,1.06,1.06,1.06,1.06,1.06,1.06,1.06,1.06,1.06,1.06,1.06,1.06,1.06,1.06,1.06,1.06,1.06,1.06,1.06,1.06,1.06,1.06,1.06,1.06,1.06
CL-PFU,v3.0b1,current,World,Sub-bituminous coal,Total energy supply; Total final consumption; Transport; Domestic navigation,1.06,1.06,1.06,1.06,1.06,1.06,1.06,1.06,1.06,1.06,1.06,1.06,1.06,1.06,1.06,1.06,1.06,1.06,1.06,1.06,1.06,1.06,1.06,1.06,1.06,1.06
CL-PFU,v3.0b1,current,World,Sub-bituminous coal,Total energy supply; Total final consumption; Transport; Transport not elsewhere specified,1.06,1.06,1.06,1.06,1.06,1.06,1.06,1.06,1.06,1.06,1.06,1.06,1.06,1.06,1.06,1.06,1.06,1.06,1.06,1.06,1.06,1.06,1.06,1.06,1.06,1.06
CL-PFU,v3.0b1,current,World,Sub-bituminous coal,Total energy supply; Total final consumption; Residential,1.06,1.06,1.06,1.06,1.06,1.06,1.06,1.06,1.06,1.06,1.06,1.06,1.06,1.06,1.06,1.06,1.06,1.06,1.06,1.06,1.06,1.06,1.06,1.06,1.06,1.06
CL-PFU,v3.0b1,current,World,Sub-bituminous coal,Total energy supply; Total final consumption; Commercial and public services,1.06,1.06,1.06,1.06,1.06,1.06,1.06,1.06,1.06,1.06,1.06,1.06,1.06,1.06,1.06,1.06,1.06,1.06,1.06,1.06,1.06,1.06,1.06,1.06,1.06,1.06
CL-PFU,v3.0b1,current,World,Sub-bituminous coal,Total energy supply; Total final consumption; Agriculture/forestry,1.06,1.06,1.06,1.06,1.06,1.06,1.06,1.06,1.06,1.06,1.06,1.06,1.06,1.06,1.06,1.06,1.06,1.06,1.06,1.06,1.06,1.06,1.06,1.06,1.06,1.06
CL-PFU,v3.0b1,current,World,Sub-bituminous coal,Total energy supply; Total final consumption; Fishing,1.06,1.06,1.06,1.06,1.06,1.06,1.06,1.06,1.06,1.06,1.06,1.06,1.06,1.06,1.06,1.06,1.06,1.06,1.06,1.06,1.06,1.06,1.06,1.06,1.06,1.06
CL-PFU,v3.0b1,current,World,Sub-bituminous coal,Total energy supply; Total final consumption; Final consumption not elsewhere specified,1.06,1.06,1.06,1.06,1.06,1.06,1.06,1.06,1.06,1.06,1.06,1.06,1.06,1.06,1.06,1.06,1.06,1.06,1.06,1.06,1.06,1.06,1.06,1.06,1.06,1.06
CL-PFU,v3.0b1,current,World,Sub-bituminous coal,Total energy supply; Total final consumption; Non-energy use; Non-energy use industry/transformation/energy,1.06,1.06,1.06,1.06,1.06,1.06,1.06,1.06,1.06,1.06,1.06,1.06,1.06,1.06,1.06,1.06,1.06,1.06,1.06,1.06,1.06,1.06,1.06,1.06,1.06,1.06
CL-PFU,v3.0b1,current,World,Sub-bituminous coal,Total energy supply; Total final consumption; Non-energy use; Non-energy use in transport,1.06,1.06,1.06,1.06,1.06,1.06,1.06,1.06,1.06,1.06,1.06,1.06,1.06,1.06,1.06,1.06,1.06,1.06,1.06,1.06,1.06,1.06,1.06,1.06,1.06,1.06
CL-PFU,v3.0b1,current,World,Sub-bituminous coal,Total energy supply; Total final consumption; Non-energy use; Non-energy use in other,1.06,1.06,1.06,1.06,1.06,1.06,1.06,1.06,1.06,1.06,1.06,1.06,1.06,1.06,1.06,1.06,1.06,1.06,1.06,1.06,1.06,1.06,1.06,1.06,1.06,1.06
CL-PFU,v3.0b1,current,World,"Tide, wave and ocean",Total energy supply; Energy industry own use; Coal mines,1,1,1,1,1,1,1,1,1,1,1,1,1,1,1,1,1,1,1,1,1,1,1,1,1,1
CL-PFU,v3.0b1,current,World,"Tide, wave and ocean",Total energy supply; Energy industry own use; Oil and gas extraction,1,1,1,1,1,1,1,1,1,1,1,1,1,1,1,1,1,1,1,1,1,1,1,1,1,1
CL-PFU,v3.0b1,current,World,"Tide, wave and ocean",Total energy supply; Energy industry own use; Blast furnaces,1,1,1,1,1,1,1,1,1,1,1,1,1,1,1,1,1,1,1,1,1,1,1,1,1,1
CL-PFU,v3.0b1,current,World,"Tide, wave and ocean",Total energy supply; Energy industry own use; Gas works,1,1,1,1,1,1,1,1,1,1,1,1,1,1,1,1,1,1,1,1,1,1,1,1,1,1
CL-PFU,v3.0b1,current,World,"Tide, wave and ocean",Total energy supply; Energy industry own use; Gasification plants for biogases,1,1,1,1,1,1,1,1,1,1,1,1,1,1,1,1,1,1,1,1,1,1,1,1,1,1
CL-PFU,v3.0b1,current,World,"Tide, wave and ocean",Total energy supply; Energy industry own use; Coke ovens,1,1,1,1,1,1,1,1,1,1,1,1,1,1,1,1,1,1,1,1,1,1,1,1,1,1
CL-PFU,v3.0b1,current,World,"Tide, wave and ocean",Total energy supply; Energy industry own use; Patent fuel plants,1,1,1,1,1,1,1,1,1,1,1,1,1,1,1,1,1,1,1,1,1,1,1,1,1,1
CL-PFU,v3.0b1,current,World,"Tide, wave and ocean",Total energy supply; Energy industry own use; BKB/peat briquette plants,1,1,1,1,1,1,1,1,1,1,1,1,1,1,1,1,1,1,1,1,1,1,1,1,1,1
CL-PFU,v3.0b1,current,World,"Tide, wave and ocean",Total energy supply; Energy industry own use; Oil refineries,1,1,1,1,1,1,1,1,1,1,1,1,1,1,1,1,1,1,1,1,1,1,1,1,1,1
CL-PFU,v3.0b1,current,World,"Tide, wave and ocean",Total energy supply; Energy industry own use; Coal liquefaction plants,1,1,1,1,1,1,1,1,1,1,1,1,1,1,1,1,1,1,1,1,1,1,1,1,1,1
CL-PFU,v3.0b1,current,World,"Tide, wave and ocean",Total energy supply; Energy industry own use; Liquefaction (LNG) / regasification plants,1,1,1,1,1,1,1,1,1,1,1,1,1,1,1,1,1,1,1,1,1,1,1,1,1,1
CL-PFU,v3.0b1,current,World,"Tide, wave and ocean",Total energy supply; Energy industry own use; Gas-to-liquids (GTL) plants,1,1,1,1,1,1,1,1,1,1,1,1,1,1,1,1,1,1,1,1,1,1,1,1,1,1
CL-PFU,v3.0b1,current,World,"Tide, wave and ocean","Total energy supply; Energy industry own use; Own use in electricity, CHP and heat plants",1,1,1,1,1,1,1,1,1,1,1,1,1,1,1,1,1,1,1,1,1,1,1,1,1,1
CL-PFU,v3.0b1,current,World,"Tide, wave and ocean",Total energy supply; Energy industry own use; Pumped storage plants,1,1,1,1,1,1,1,1,1,1,1,1,1,1,1,1,1,1,1,1,1,1,1,1,1,1
CL-PFU,v3.0b1,current,World,"Tide, wave and ocean",Total energy supply; Energy industry own use; Nuclear industry,1,1,1,1,1,1,1,1,1,1,1,1,1,1,1,1,1,1,1,1,1,1,1,1,1,1
CL-PFU,v3.0b1,current,World,"Tide, wave and ocean",Total energy supply; Energy industry own use; Charcoal production plants,1,1,1,1,1,1,1,1,1,1,1,1,1,1,1,1,1,1,1,1,1,1,1,1,1,1
CL-PFU,v3.0b1,current,World,"Tide, wave and ocean",Total energy supply; Energy industry own use; Non-specified (energy),1,1,1,1,1,1,1,1,1,1,1,1,1,1,1,1,1,1,1,1,1,1,1,1,1,1
CL-PFU,v3.0b1,current,World,"Tide, wave and ocean",Total energy supply; Losses,1,1,1,1,1,1,1,1,1,1,1,1,1,1,1,1,1,1,1,1,1,1,1,1,1,1
CL-PFU,v3.0b1,current,World,"Tide, wave and ocean",Total energy supply; Total final consumption; Industry; Mining and quarrying,1,1,1,1,1,1,1,1,1,1,1,1,1,1,1,1,1,1,1,1,1,1,1,1,1,1
CL-PFU,v3.0b1,current,World,"Tide, wave and ocean",Total energy supply; Total final consumption; Industry; Construction,1,1,1,1,1,1,1,1,1,1,1,1,1,1,1,1,1,1,1,1,1,1,1,1,1,1
CL-PFU,v3.0b1,current,World,"Tide, wave and ocean",Total energy supply; Total final consumption; Industry; Manufacturing; Iron and steel,1,1,1,1,1,1,1,1,1,1,1,1,1,1,1,1,1,1,1,1,1,1,1,1,1,1
CL-PFU,v3.0b1,current,World,"Tide, wave and ocean",Total energy supply; Total final consumption; Industry; Manufacturing; Chemical and petrochemical,1,1,1,1,1,1,1,1,1,1,1,1,1,1,1,1,1,1,1,1,1,1,1,1,1,1
CL-PFU,v3.0b1,current,World,"Tide, wave and ocean",Total energy supply; Total final consumption; Industry; Manufacturing; Non-ferrous metals,1,1,1,1,1,1,1,1,1,1,1,1,1,1,1,1,1,1,1,1,1,1,1,1,1,1
CL-PFU,v3.0b1,current,World,"Tide, wave and ocean",Total energy supply; Total final consumption; Industry; Manufacturing; Non-metallic minerals,1,1,1,1,1,1,1,1,1,1,1,1,1,1,1,1,1,1,1,1,1,1,1,1,1,1
CL-PFU,v3.0b1,current,World,"Tide, wave and ocean",Total energy supply; Total final consumption; Industry; Manufacturing; Transport equipment,1,1,1,1,1,1,1,1,1,1,1,1,1,1,1,1,1,1,1,1,1,1,1,1,1,1
CL-PFU,v3.0b1,current,World,"Tide, wave and ocean",Total energy supply; Total final consumption; Industry; Manufacturing; Machinery,1,1,1,1,1,1,1,1,1,1,1,1,1,1,1,1,1,1,1,1,1,1,1,1,1,1
CL-PFU,v3.0b1,current,World,"Tide, wave and ocean",Total energy supply; Total final consumption; Industry; Manufacturing; Food and tobacco,1,1,1,1,1,1,1,1,1,1,1,1,1,1,1,1,1,1,1,1,1,1,1,1,1,1
CL-PFU,v3.0b1,current,World,"Tide, wave and ocean","Total energy supply; Total final consumption; Industry; Manufacturing; Paper, pulp and printing",1,1,1,1,1,1,1,1,1,1,1,1,1,1,1,1,1,1,1,1,1,1,1,1,1,1
CL-PFU,v3.0b1,current,World,"Tide, wave and ocean",Total energy supply; Total final consumption; Industry; Manufacturing; Wood and wood products,1,1,1,1,1,1,1,1,1,1,1,1,1,1,1,1,1,1,1,1,1,1,1,1,1,1
CL-PFU,v3.0b1,current,World,"Tide, wave and ocean",Total energy supply; Total final consumption; Industry; Manufacturing; Textile and leather,1,1,1,1,1,1,1,1,1,1,1,1,1,1,1,1,1,1,1,1,1,1,1,1,1,1
CL-PFU,v3.0b1,current,World,"Tide, wave and ocean",Total energy supply; Total final consumption; Industry; Industry not elsewhere specified,1,1,1,1,1,1,1,1,1,1,1,1,1,1,1,1,1,1,1,1,1,1,1,1,1,1
CL-PFU,v3.0b1,current,World,"Tide, wave and ocean",Total energy supply; Total final consumption; Transport; World aviation bunkers,1,1,1,1,1,1,1,1,1,1,1,1,1,1,1,1,1,1,1,1,1,1,1,1,1,1
CL-PFU,v3.0b1,current,World,"Tide, wave and ocean",Total energy supply; Total final consumption; Transport; Domestic aviation,1,1,1,1,1,1,1,1,1,1,1,1,1,1,1,1,1,1,1,1,1,1,1,1,1,1
CL-PFU,v3.0b1,current,World,"Tide, wave and ocean",Total energy supply; Total final consumption; Transport; Road,1,1,1,1,1,1,1,1,1,1,1,1,1,1,1,1,1,1,1,1,1,1,1,1,1,1
CL-PFU,v3.0b1,current,World,"Tide, wave and ocean",Total energy supply; Total final consumption; Transport; Rail,1,1,1,1,1,1,1,1,1,1,1,1,1,1,1,1,1,1,1,1,1,1,1,1,1,1
CL-PFU,v3.0b1,current,World,"Tide, wave and ocean",Total energy supply; Total final consumption; Transport; Pipeline transport,1,1,1,1,1,1,1,1,1,1,1,1,1,1,1,1,1,1,1,1,1,1,1,1,1,1
CL-PFU,v3.0b1,current,World,"Tide, wave and ocean",Total energy supply; Total final consumption; Transport; World marine bunkers,1,1,1,1,1,1,1,1,1,1,1,1,1,1,1,1,1,1,1,1,1,1,1,1,1,1
CL-PFU,v3.0b1,current,World,"Tide, wave and ocean",Total energy supply; Total final consumption; Transport; Domestic navigation,1,1,1,1,1,1,1,1,1,1,1,1,1,1,1,1,1,1,1,1,1,1,1,1,1,1
CL-PFU,v3.0b1,current,World,"Tide, wave and ocean",Total energy supply; Total final consumption; Transport; Transport not elsewhere specified,1,1,1,1,1,1,1,1,1,1,1,1,1,1,1,1,1,1,1,1,1,1,1,1,1,1
CL-PFU,v3.0b1,current,World,"Tide, wave and ocean",Total energy supply; Total final consumption; Residential,1,1,1,1,1,1,1,1,1,1,1,1,1,1,1,1,1,1,1,1,1,1,1,1,1,1
CL-PFU,v3.0b1,current,World,"Tide, wave and ocean",Total energy supply; Total final consumption; Commercial and public services,1,1,1,1,1,1,1,1,1,1,1,1,1,1,1,1,1,1,1,1,1,1,1,1,1,1
CL-PFU,v3.0b1,current,World,"Tide, wave and ocean",Total energy supply; Total final consumption; Agriculture/forestry,1,1,1,1,1,1,1,1,1,1,1,1,1,1,1,1,1,1,1,1,1,1,1,1,1,1
CL-PFU,v3.0b1,current,World,"Tide, wave and ocean",Total energy supply; Total final consumption; Fishing,1,1,1,1,1,1,1,1,1,1,1,1,1,1,1,1,1,1,1,1,1,1,1,1,1,1
CL-PFU,v3.0b1,current,World,"Tide, wave and ocean",Total energy supply; Total final consumption; Final consumption not elsewhere specified,1,1,1,1,1,1,1,1,1,1,1,1,1,1,1,1,1,1,1,1,1,1,1,1,1,1
CL-PFU,v3.0b1,current,World,"Tide, wave and ocean",Total energy supply; Total final consumption; Non-energy use; Non-energy use industry/transformation/energy,1,1,1,1,1,1,1,1,1,1,1,1,1,1,1,1,1,1,1,1,1,1,1,1,1,1
CL-PFU,v3.0b1,current,World,"Tide, wave and ocean",Total energy supply; Total final consumption; Non-energy use; Non-energy use in transport,1,1,1,1,1,1,1,1,1,1,1,1,1,1,1,1,1,1,1,1,1,1,1,1,1,1
CL-PFU,v3.0b1,current,World,"Tide, wave and ocean",Total energy supply; Total final consumption; Non-energy use; Non-energy use in other,1,1,1,1,1,1,1,1,1,1,1,1,1,1,1,1,1,1,1,1,1,1,1,1,1,1
CL-PFU,v3.0b1,current,World,White spirit & SBP,Total energy supply; Energy industry own use; Coal mines,1.06,1.06,1.06,1.06,1.06,1.06,1.06,1.06,1.06,1.06,1.06,1.06,1.06,1.06,1.06,1.06,1.06,1.06,1.06,1.06,1.06,1.06,1.06,1.06,1.06,1.06
CL-PFU,v3.0b1,current,World,White spirit & SBP,Total energy supply; Energy industry own use; Oil and gas extraction,1.06,1.06,1.06,1.06,1.06,1.06,1.06,1.06,1.06,1.06,1.06,1.06,1.06,1.06,1.06,1.06,1.06,1.06,1.06,1.06,1.06,1.06,1.06,1.06,1.06,1.06
CL-PFU,v3.0b1,current,World,White spirit & SBP,Total energy supply; Energy industry own use; Blast furnaces,1.06,1.06,1.06,1.06,1.06,1.06,1.06,1.06,1.06,1.06,1.06,1.06,1.06,1.06,1.06,1.06,1.06,1.06,1.06,1.06,1.06,1.06,1.06,1.06,1.06,1.06
CL-PFU,v3.0b1,current,World,White spirit & SBP,Total energy supply; Energy industry own use; Gas works,1.06,1.06,1.06,1.06,1.06,1.06,1.06,1.06,1.06,1.06,1.06,1.06,1.06,1.06,1.06,1.06,1.06,1.06,1.06,1.06,1.06,1.06,1.06,1.06,1.06,1.06
CL-PFU,v3.0b1,current,World,White spirit & SBP,Total energy supply; Energy industry own use; Gasification plants for biogases,1.06,1.06,1.06,1.06,1.06,1.06,1.06,1.06,1.06,1.06,1.06,1.06,1.06,1.06,1.06,1.06,1.06,1.06,1.06,1.06,1.06,1.06,1.06,1.06,1.06,1.06
CL-PFU,v3.0b1,current,World,White spirit & SBP,Total energy supply; Energy industry own use; Coke ovens,1.06,1.06,1.06,1.06,1.06,1.06,1.06,1.06,1.06,1.06,1.06,1.06,1.06,1.06,1.06,1.06,1.06,1.06,1.06,1.06,1.06,1.06,1.06,1.06,1.06,1.06
CL-PFU,v3.0b1,current,World,White spirit & SBP,Total energy supply; Energy industry own use; Patent fuel plants,1.06,1.06,1.06,1.06,1.06,1.06,1.06,1.06,1.06,1.06,1.06,1.06,1.06,1.06,1.06,1.06,1.06,1.06,1.06,1.06,1.06,1.06,1.06,1.06,1.06,1.06
CL-PFU,v3.0b1,current,World,White spirit & SBP,Total energy supply; Energy industry own use; BKB/peat briquette plants,1.06,1.06,1.06,1.06,1.06,1.06,1.06,1.06,1.06,1.06,1.06,1.06,1.06,1.06,1.06,1.06,1.06,1.06,1.06,1.06,1.06,1.06,1.06,1.06,1.06,1.06
CL-PFU,v3.0b1,current,World,White spirit & SBP,Total energy supply; Energy industry own use; Oil refineries,1.06,1.06,1.06,1.06,1.06,1.06,1.06,1.06,1.06,1.06,1.06,1.06,1.06,1.06,1.06,1.06,1.06,1.06,1.06,1.06,1.06,1.06,1.06,1.06,1.06,1.06
CL-PFU,v3.0b1,current,World,White spirit & SBP,Total energy supply; Energy industry own use; Coal liquefaction plants,1.06,1.06,1.06,1.06,1.06,1.06,1.06,1.06,1.06,1.06,1.06,1.06,1.06,1.06,1.06,1.06,1.06,1.06,1.06,1.06,1.06,1.06,1.06,1.06,1.06,1.06
CL-PFU,v3.0b1,current,World,White spirit & SBP,Total energy supply; Energy industry own use; Liquefaction (LNG) / regasification plants,1.06,1.06,1.06,1.06,1.06,1.06,1.06,1.06,1.06,1.06,1.06,1.06,1.06,1.06,1.06,1.06,1.06,1.06,1.06,1.06,1.06,1.06,1.06,1.06,1.06,1.06
CL-PFU,v3.0b1,current,World,White spirit & SBP,Total energy supply; Energy industry own use; Gas-to-liquids (GTL) plants,1.06,1.06,1.06,1.06,1.06,1.06,1.06,1.06,1.06,1.06,1.06,1.06,1.06,1.06,1.06,1.06,1.06,1.06,1.06,1.06,1.06,1.06,1.06,1.06,1.06,1.06
CL-PFU,v3.0b1,current,World,White spirit & SBP,"Total energy supply; Energy industry own use; Own use in electricity, CHP and heat plants",1.06,1.06,1.06,1.06,1.06,1.06,1.06,1.06,1.06,1.06,1.06,1.06,1.06,1.06,1.06,1.06,1.06,1.06,1.06,1.06,1.06,1.06,1.06,1.06,1.06,1.06
CL-PFU,v3.0b1,current,World,White spirit & SBP,Total energy supply; Energy industry own use; Pumped storage plants,1.06,1.06,1.06,1.06,1.06,1.06,1.06,1.06,1.06,1.06,1.06,1.06,1.06,1.06,1.06,1.06,1.06,1.06,1.06,1.06,1.06,1.06,1.06,1.06,1.06,1.06
CL-PFU,v3.0b1,current,World,White spirit & SBP,Total energy supply; Energy industry own use; Nuclear industry,1.06,1.06,1.06,1.06,1.06,1.06,1.06,1.06,1.06,1.06,1.06,1.06,1.06,1.06,1.06,1.06,1.06,1.06,1.06,1.06,1.06,1.06,1.06,1.06,1.06,1.06
CL-PFU,v3.0b1,current,World,White spirit & SBP,Total energy supply; Energy industry own use; Charcoal production plants,1.06,1.06,1.06,1.06,1.06,1.06,1.06,1.06,1.06,1.06,1.06,1.06,1.06,1.06,1.06,1.06,1.06,1.06,1.06,1.06,1.06,1.06,1.06,1.06,1.06,1.06
CL-PFU,v3.0b1,current,World,White spirit & SBP,Total energy supply; Energy industry own use; Non-specified (energy),1.06,1.06,1.06,1.06,1.06,1.06,1.06,1.06,1.06,1.06,1.06,1.06,1.06,1.06,1.06,1.06,1.06,1.06,1.06,1.06,1.06,1.06,1.06,1.06,1.06,1.06
CL-PFU,v3.0b1,current,World,White spirit & SBP,Total energy supply; Losses,1.06,1.06,1.06,1.06,1.06,1.06,1.06,1.06,1.06,1.06,1.06,1.06,1.06,1.06,1.06,1.06,1.06,1.06,1.06,1.06,1.06,1.06,1.06,1.06,1.06,1.06
CL-PFU,v3.0b1,current,World,White spirit & SBP,Total energy supply; Total final consumption; Industry; Mining and quarrying,1.06,1.06,1.06,1.06,1.06,1.06,1.06,1.06,1.06,1.06,1.06,1.06,1.06,1.06,1.06,1.06,1.06,1.06,1.06,1.06,1.06,1.06,1.06,1.06,1.06,1.06
CL-PFU,v3.0b1,current,World,White spirit & SBP,Total energy supply; Total final consumption; Industry; Construction,1.06,1.06,1.06,1.06,1.06,1.06,1.06,1.06,1.06,1.06,1.06,1.06,1.06,1.06,1.06,1.06,1.06,1.06,1.06,1.06,1.06,1.06,1.06,1.06,1.06,1.06
CL-PFU,v3.0b1,current,World,White spirit & SBP,Total energy supply; Total final consumption; Industry; Manufacturing; Iron and steel,1.06,1.06,1.06,1.06,1.06,1.06,1.06,1.06,1.06,1.06,1.06,1.06,1.06,1.06,1.06,1.06,1.06,1.06,1.06,1.06,1.06,1.06,1.06,1.06,1.06,1.06
CL-PFU,v3.0b1,current,World,White spirit & SBP,Total energy supply; Total final consumption; Industry; Manufacturing; Chemical and petrochemical,1.06,1.06,1.06,1.06,1.06,1.06,1.06,1.06,1.06,1.06,1.06,1.06,1.06,1.06,1.06,1.06,1.06,1.06,1.06,1.06,1.06,1.06,1.06,1.06,1.06,1.06
CL-PFU,v3.0b1,current,World,White spirit & SBP,Total energy supply; Total final consumption; Industry; Manufacturing; Non-ferrous metals,1.06,1.06,1.06,1.06,1.06,1.06,1.06,1.06,1.06,1.06,1.06,1.06,1.06,1.06,1.06,1.06,1.06,1.06,1.06,1.06,1.06,1.06,1.06,1.06,1.06,1.06
CL-PFU,v3.0b1,current,World,White spirit & SBP,Total energy supply; Total final consumption; Industry; Manufacturing; Non-metallic minerals,1.06,1.06,1.06,1.06,1.06,1.06,1.06,1.06,1.06,1.06,1.06,1.06,1.06,1.06,1.06,1.06,1.06,1.06,1.06,1.06,1.06,1.06,1.06,1.06,1.06,1.06
CL-PFU,v3.0b1,current,World,White spirit & SBP,Total energy supply; Total final consumption; Industry; Manufacturing; Transport equipment,1.06,1.06,1.06,1.06,1.06,1.06,1.06,1.06,1.06,1.06,1.06,1.06,1.06,1.06,1.06,1.06,1.06,1.06,1.06,1.06,1.06,1.06,1.06,1.06,1.06,1.06
CL-PFU,v3.0b1,current,World,White spirit & SBP,Total energy supply; Total final consumption; Industry; Manufacturing; Machinery,1.06,1.06,1.06,1.06,1.06,1.06,1.06,1.06,1.06,1.06,1.06,1.06,1.06,1.06,1.06,1.06,1.06,1.06,1.06,1.06,1.06,1.06,1.06,1.06,1.06,1.06
CL-PFU,v3.0b1,current,World,White spirit & SBP,Total energy supply; Total final consumption; Industry; Manufacturing; Food and tobacco,1.06,1.06,1.06,1.06,1.06,1.06,1.06,1.06,1.06,1.06,1.06,1.06,1.06,1.06,1.06,1.06,1.06,1.06,1.06,1.06,1.06,1.06,1.06,1.06,1.06,1.06
CL-PFU,v3.0b1,current,World,White spirit & SBP,"Total energy supply; Total final consumption; Industry; Manufacturing; Paper, pulp and printing",1.06,1.06,1.06,1.06,1.06,1.06,1.06,1.06,1.06,1.06,1.06,1.06,1.06,1.06,1.06,1.06,1.06,1.06,1.06,1.06,1.06,1.06,1.06,1.06,1.06,1.06
CL-PFU,v3.0b1,current,World,White spirit & SBP,Total energy supply; Total final consumption; Industry; Manufacturing; Wood and wood products,1.06,1.06,1.06,1.06,1.06,1.06,1.06,1.06,1.06,1.06,1.06,1.06,1.06,1.06,1.06,1.06,1.06,1.06,1.06,1.06,1.06,1.06,1.06,1.06,1.06,1.06
CL-PFU,v3.0b1,current,World,White spirit & SBP,Total energy supply; Total final consumption; Industry; Manufacturing; Textile and leather,1.06,1.06,1.06,1.06,1.06,1.06,1.06,1.06,1.06,1.06,1.06,1.06,1.06,1.06,1.06,1.06,1.06,1.06,1.06,1.06,1.06,1.06,1.06,1.06,1.06,1.06
CL-PFU,v3.0b1,current,World,White spirit & SBP,Total energy supply; Total final consumption; Industry; Industry not elsewhere specified,1.06,1.06,1.06,1.06,1.06,1.06,1.06,1.06,1.06,1.06,1.06,1.06,1.06,1.06,1.06,1.06,1.06,1.06,1.06,1.06,1.06,1.06,1.06,1.06,1.06,1.06
CL-PFU,v3.0b1,current,World,White spirit & SBP,Total energy supply; Total final consumption; Transport; World aviation bunkers,1.06,1.06,1.06,1.06,1.06,1.06,1.06,1.06,1.06,1.06,1.06,1.06,1.06,1.06,1.06,1.06,1.06,1.06,1.06,1.06,1.06,1.06,1.06,1.06,1.06,1.06
CL-PFU,v3.0b1,current,World,White spirit & SBP,Total energy supply; Total final consumption; Transport; Domestic aviation,1.06,1.06,1.06,1.06,1.06,1.06,1.06,1.06,1.06,1.06,1.06,1.06,1.06,1.06,1.06,1.06,1.06,1.06,1.06,1.06,1.06,1.06,1.06,1.06,1.06,1.06
CL-PFU,v3.0b1,current,World,White spirit & SBP,Total energy supply; Total final consumption; Transport; Road,1.06,1.06,1.06,1.06,1.06,1.06,1.06,1.06,1.06,1.06,1.06,1.06,1.06,1.06,1.06,1.06,1.06,1.06,1.06,1.06,1.06,1.06,1.06,1.06,1.06,1.06
CL-PFU,v3.0b1,current,World,White spirit & SBP,Total energy supply; Total final consumption; Transport; Rail,1.06,1.06,1.06,1.06,1.06,1.06,1.06,1.06,1.06,1.06,1.06,1.06,1.06,1.06,1.06,1.06,1.06,1.06,1.06,1.06,1.06,1.06,1.06,1.06,1.06,1.06
CL-PFU,v3.0b1,current,World,White spirit & SBP,Total energy supply; Total final consumption; Transport; Pipeline transport,1.06,1.06,1.06,1.06,1.06,1.06,1.06,1.06,1.06,1.06,1.06,1.06,1.06,1.06,1.06,1.06,1.06,1.06,1.06,1.06,1.06,1.06,1.06,1.06,1.06,1.06
CL-PFU,v3.0b1,current,World,White spirit & SBP,Total energy supply; Total final consumption; Transport; World marine bunkers,1.06,1.06,1.06,1.06,1.06,1.06,1.06,1.06,1.06,1.06,1.06,1.06,1.06,1.06,1.06,1.06,1.06,1.06,1.06,1.06,1.06,1.06,1.06,1.06,1.06,1.06
CL-PFU,v3.0b1,current,World,White spirit & SBP,Total energy supply; Total final consumption; Transport; Domestic navigation,1.06,1.06,1.06,1.06,1.06,1.06,1.06,1.06,1.06,1.06,1.06,1.06,1.06,1.06,1.06,1.06,1.06,1.06,1.06,1.06,1.06,1.06,1.06,1.06,1.06,1.06
CL-PFU,v3.0b1,current,World,White spirit & SBP,Total energy supply; Total final consumption; Transport; Transport not elsewhere specified,1.06,1.06,1.06,1.06,1.06,1.06,1.06,1.06,1.06,1.06,1.06,1.06,1.06,1.06,1.06,1.06,1.06,1.06,1.06,1.06,1.06,1.06,1.06,1.06,1.06,1.06
CL-PFU,v3.0b1,current,World,White spirit & SBP,Total energy supply; Total final consumption; Residential,1.06,1.06,1.06,1.06,1.06,1.06,1.06,1.06,1.06,1.06,1.06,1.06,1.06,1.06,1.06,1.06,1.06,1.06,1.06,1.06,1.06,1.06,1.06,1.06,1.06,1.06
CL-PFU,v3.0b1,current,World,White spirit & SBP,Total energy supply; Total final consumption; Commercial and public services,1.06,1.06,1.06,1.06,1.06,1.06,1.06,1.06,1.06,1.06,1.06,1.06,1.06,1.06,1.06,1.06,1.06,1.06,1.06,1.06,1.06,1.06,1.06,1.06,1.06,1.06
CL-PFU,v3.0b1,current,World,White spirit & SBP,Total energy supply; Total final consumption; Agriculture/forestry,1.06,1.06,1.06,1.06,1.06,1.06,1.06,1.06,1.06,1.06,1.06,1.06,1.06,1.06,1.06,1.06,1.06,1.06,1.06,1.06,1.06,1.06,1.06,1.06,1.06,1.06
CL-PFU,v3.0b1,current,World,White spirit & SBP,Total energy supply; Total final consumption; Fishing,1.06,1.06,1.06,1.06,1.06,1.06,1.06,1.06,1.06,1.06,1.06,1.06,1.06,1.06,1.06,1.06,1.06,1.06,1.06,1.06,1.06,1.06,1.06,1.06,1.06,1.06
CL-PFU,v3.0b1,current,World,White spirit & SBP,Total energy supply; Total final consumption; Final consumption not elsewhere specified,1.06,1.06,1.06,1.06,1.06,1.06,1.06,1.06,1.06,1.06,1.06,1.06,1.06,1.06,1.06,1.06,1.06,1.06,1.06,1.06,1.06,1.06,1.06,1.06,1.06,1.06
CL-PFU,v3.0b1,current,World,White spirit & SBP,Total energy supply; Total final consumption; Non-energy use; Non-energy use industry/transformation/energy,1.06,1.06,1.06,1.06,1.06,1.06,1.06,1.06,1.06,1.06,1.06,1.06,1.06,1.06,1.06,1.06,1.06,1.06,1.06,1.06,1.06,1.06,1.06,1.06,1.06,1.06
CL-PFU,v3.0b1,current,World,White spirit & SBP,Total energy supply; Total final consumption; Non-energy use; Non-energy use in transport,1.06,1.06,1.06,1.06,1.06,1.06,1.06,1.06,1.06,1.06,1.06,1.06,1.06,1.06,1.06,1.06,1.06,1.06,1.06,1.06,1.06,1.06,1.06,1.06,1.06,1.06
CL-PFU,v3.0b1,current,World,White spirit & SBP,Total energy supply; Total final consumption; Non-energy use; Non-energy use in other,1.06,1.06,1.06,1.06,1.06,1.06,1.06,1.06,1.06,1.06,1.06,1.06,1.06,1.06,1.06,1.06,1.06,1.06,1.06,1.06,1.06,1.06,1.06,1.06,1.06,1.06
CL-PFU,v3.0b1,current,World,Wind,Total energy supply; Energy industry own use; Coal mines,1,1,1,1,1,1,1,1,1,1,1,1,1,1,1,1,1,1,1,1,1,1,1,1,1,1
CL-PFU,v3.0b1,current,World,Wind,Total energy supply; Energy industry own use; Oil and gas extraction,1,1,1,1,1,1,1,1,1,1,1,1,1,1,1,1,1,1,1,1,1,1,1,1,1,1
CL-PFU,v3.0b1,current,World,Wind,Total energy supply; Energy industry own use; Blast furnaces,1,1,1,1,1,1,1,1,1,1,1,1,1,1,1,1,1,1,1,1,1,1,1,1,1,1
CL-PFU,v3.0b1,current,World,Wind,Total energy supply; Energy industry own use; Gas works,1,1,1,1,1,1,1,1,1,1,1,1,1,1,1,1,1,1,1,1,1,1,1,1,1,1
CL-PFU,v3.0b1,current,World,Wind,Total energy supply; Energy industry own use; Gasification plants for biogases,1,1,1,1,1,1,1,1,1,1,1,1,1,1,1,1,1,1,1,1,1,1,1,1,1,1
CL-PFU,v3.0b1,current,World,Wind,Total energy supply; Energy industry own use; Coke ovens,1,1,1,1,1,1,1,1,1,1,1,1,1,1,1,1,1,1,1,1,1,1,1,1,1,1
CL-PFU,v3.0b1,current,World,Wind,Total energy supply; Energy industry own use; Patent fuel plants,1,1,1,1,1,1,1,1,1,1,1,1,1,1,1,1,1,1,1,1,1,1,1,1,1,1
CL-PFU,v3.0b1,current,World,Wind,Total energy supply; Energy industry own use; BKB/peat briquette plants,1,1,1,1,1,1,1,1,1,1,1,1,1,1,1,1,1,1,1,1,1,1,1,1,1,1
CL-PFU,v3.0b1,current,World,Wind,Total energy supply; Energy industry own use; Oil refineries,1,1,1,1,1,1,1,1,1,1,1,1,1,1,1,1,1,1,1,1,1,1,1,1,1,1
CL-PFU,v3.0b1,current,World,Wind,Total energy supply; Energy industry own use; Coal liquefaction plants,1,1,1,1,1,1,1,1,1,1,1,1,1,1,1,1,1,1,1,1,1,1,1,1,1,1
CL-PFU,v3.0b1,current,World,Wind,Total energy supply; Energy industry own use; Liquefaction (LNG) / regasification plants,1,1,1,1,1,1,1,1,1,1,1,1,1,1,1,1,1,1,1,1,1,1,1,1,1,1
CL-PFU,v3.0b1,current,World,Wind,Total energy supply; Energy industry own use; Gas-to-liquids (GTL) plants,1,1,1,1,1,1,1,1,1,1,1,1,1,1,1,1,1,1,1,1,1,1,1,1,1,1
CL-PFU,v3.0b1,current,World,Wind,"Total energy supply; Energy industry own use; Own use in electricity, CHP and heat plants",1,1,1,1,1,1,1,1,1,1,1,1,1,1,1,1,1,1,1,1,1,1,1,1,1,1
CL-PFU,v3.0b1,current,World,Wind,Total energy supply; Energy industry own use; Pumped storage plants,1,1,1,1,1,1,1,1,1,1,1,1,1,1,1,1,1,1,1,1,1,1,1,1,1,1
CL-PFU,v3.0b1,current,World,Wind,Total energy supply; Energy industry own use; Nuclear industry,1,1,1,1,1,1,1,1,1,1,1,1,1,1,1,1,1,1,1,1,1,1,1,1,1,1
CL-PFU,v3.0b1,current,World,Wind,Total energy supply; Energy industry own use; Charcoal production plants,1,1,1,1,1,1,1,1,1,1,1,1,1,1,1,1,1,1,1,1,1,1,1,1,1,1
CL-PFU,v3.0b1,current,World,Wind,Total energy supply; Energy industry own use; Non-specified (energy),1,1,1,1,1,1,1,1,1,1,1,1,1,1,1,1,1,1,1,1,1,1,1,1,1,1
CL-PFU,v3.0b1,current,World,Wind,Total energy supply; Losses,1,1,1,1,1,1,1,1,1,1,1,1,1,1,1,1,1,1,1,1,1,1,1,1,1,1
CL-PFU,v3.0b1,current,World,Wind,Total energy supply; Total final consumption; Industry; Mining and quarrying,1,1,1,1,1,1,1,1,1,1,1,1,1,1,1,1,1,1,1,1,1,1,1,1,1,1
CL-PFU,v3.0b1,current,World,Wind,Total energy supply; Total final consumption; Industry; Construction,1,1,1,1,1,1,1,1,1,1,1,1,1,1,1,1,1,1,1,1,1,1,1,1,1,1
CL-PFU,v3.0b1,current,World,Wind,Total energy supply; Total final consumption; Industry; Manufacturing; Iron and steel,1,1,1,1,1,1,1,1,1,1,1,1,1,1,1,1,1,1,1,1,1,1,1,1,1,1
CL-PFU,v3.0b1,current,World,Wind,Total energy supply; Total final consumption; Industry; Manufacturing; Chemical and petrochemical,1,1,1,1,1,1,1,1,1,1,1,1,1,1,1,1,1,1,1,1,1,1,1,1,1,1
CL-PFU,v3.0b1,current,World,Wind,Total energy supply; Total final consumption; Industry; Manufacturing; Non-ferrous metals,1,1,1,1,1,1,1,1,1,1,1,1,1,1,1,1,1,1,1,1,1,1,1,1,1,1
CL-PFU,v3.0b1,current,World,Wind,Total energy supply; Total final consumption; Industry; Manufacturing; Non-metallic minerals,1,1,1,1,1,1,1,1,1,1,1,1,1,1,1,1,1,1,1,1,1,1,1,1,1,1
CL-PFU,v3.0b1,current,World,Wind,Total energy supply; Total final consumption; Industry; Manufacturing; Transport equipment,1,1,1,1,1,1,1,1,1,1,1,1,1,1,1,1,1,1,1,1,1,1,1,1,1,1
CL-PFU,v3.0b1,current,World,Wind,Total energy supply; Total final consumption; Industry; Manufacturing; Machinery,1,1,1,1,1,1,1,1,1,1,1,1,1,1,1,1,1,1,1,1,1,1,1,1,1,1
CL-PFU,v3.0b1,current,World,Wind,Total energy supply; Total final consumption; Industry; Manufacturing; Food and tobacco,1,1,1,1,1,1,1,1,1,1,1,1,1,1,1,1,1,1,1,1,1,1,1,1,1,1
CL-PFU,v3.0b1,current,World,Wind,"Total energy supply; Total final consumption; Industry; Manufacturing; Paper, pulp and printing",1,1,1,1,1,1,1,1,1,1,1,1,1,1,1,1,1,1,1,1,1,1,1,1,1,1
CL-PFU,v3.0b1,current,World,Wind,Total energy supply; Total final consumption; Industry; Manufacturing; Wood and wood products,1,1,1,1,1,1,1,1,1,1,1,1,1,1,1,1,1,1,1,1,1,1,1,1,1,1
CL-PFU,v3.0b1,current,World,Wind,Total energy supply; Total final consumption; Industry; Manufacturing; Textile and leather,1,1,1,1,1,1,1,1,1,1,1,1,1,1,1,1,1,1,1,1,1,1,1,1,1,1
CL-PFU,v3.0b1,current,World,Wind,Total energy supply; Total final consumption; Industry; Industry not elsewhere specified,1,1,1,1,1,1,1,1,1,1,1,1,1,1,1,1,1,1,1,1,1,1,1,1,1,1
CL-PFU,v3.0b1,current,World,Wind,Total energy supply; Total final consumption; Transport; World aviation bunkers,1,1,1,1,1,1,1,1,1,1,1,1,1,1,1,1,1,1,1,1,1,1,1,1,1,1
CL-PFU,v3.0b1,current,World,Wind,Total energy supply; Total final consumption; Transport; Domestic aviation,1,1,1,1,1,1,1,1,1,1,1,1,1,1,1,1,1,1,1,1,1,1,1,1,1,1
CL-PFU,v3.0b1,current,World,Wind,Total energy supply; Total final consumption; Transport; Road,1,1,1,1,1,1,1,1,1,1,1,1,1,1,1,1,1,1,1,1,1,1,1,1,1,1
CL-PFU,v3.0b1,current,World,Wind,Total energy supply; Total final consumption; Transport; Rail,1,1,1,1,1,1,1,1,1,1,1,1,1,1,1,1,1,1,1,1,1,1,1,1,1,1
CL-PFU,v3.0b1,current,World,Wind,Total energy supply; Total final consumption; Transport; Pipeline transport,1,1,1,1,1,1,1,1,1,1,1,1,1,1,1,1,1,1,1,1,1,1,1,1,1,1
CL-PFU,v3.0b1,current,World,Wind,Total energy supply; Total final consumption; Transport; World marine bunkers,1,1,1,1,1,1,1,1,1,1,1,1,1,1,1,1,1,1,1,1,1,1,1,1,1,1
CL-PFU,v3.0b1,current,World,Wind,Total energy supply; Total final consumption; Transport; Domestic navigation,1,1,1,1,1,1,1,1,1,1,1,1,1,1,1,1,1,1,1,1,1,1,1,1,1,1
CL-PFU,v3.0b1,current,World,Wind,Total energy supply; Total final consumption; Transport; Transport not elsewhere specified,1,1,1,1,1,1,1,1,1,1,1,1,1,1,1,1,1,1,1,1,1,1,1,1,1,1
CL-PFU,v3.0b1,current,World,Wind,Total energy supply; Total final consumption; Residential,1,1,1,1,1,1,1,1,1,1,1,1,1,1,1,1,1,1,1,1,1,1,1,1,1,1
CL-PFU,v3.0b1,current,World,Wind,Total energy supply; Total final consumption; Commercial and public services,1,1,1,1,1,1,1,1,1,1,1,1,1,1,1,1,1,1,1,1,1,1,1,1,1,1
CL-PFU,v3.0b1,current,World,Wind,Total energy supply; Total final consumption; Agriculture/forestry,1,1,1,1,1,1,1,1,1,1,1,1,1,1,1,1,1,1,1,1,1,1,1,1,1,1
CL-PFU,v3.0b1,current,World,Wind,Total energy supply; Total final consumption; Fishing,1,1,1,1,1,1,1,1,1,1,1,1,1,1,1,1,1,1,1,1,1,1,1,1,1,1
CL-PFU,v3.0b1,current,World,Wind,Total energy supply; Total final consumption; Final consumption not elsewhere specified,1,1,1,1,1,1,1,1,1,1,1,1,1,1,1,1,1,1,1,1,1,1,1,1,1,1
CL-PFU,v3.0b1,current,World,Wind,Total energy supply; Total final consumption; Non-energy use; Non-energy use industry/transformation/energy,1,1,1,1,1,1,1,1,1,1,1,1,1,1,1,1,1,1,1,1,1,1,1,1,1,1
CL-PFU,v3.0b1,current,World,Wind,Total energy supply; Total final consumption; Non-energy use; Non-energy use in transport,1,1,1,1,1,1,1,1,1,1,1,1,1,1,1,1,1,1,1,1,1,1,1,1,1,1
CL-PFU,v3.0b1,current,World,Wind,Total energy supply; Total final consumption; Non-energy use; Non-energy use in other,1,1,1,1,1,1,1,1,1,1,1,1,1,1,1,1,1,1,1,1,1,1,1,1,1,1
