Row,i01.a,i01.b,i01.c,i01.d,i01.e,i01.f,i01.g,i01.h,i01.i,i01.j,i01.k,i01.l,i01.m,i01.n,i01.o,i01.w.1,i01.w.2,i02,i05,i10,i11.a,i11.b,i11.c,i12,i13.1,i13.20.11,i13.20.12,i13.20.13,i13.20.14,i13.20.15,i13.20.16,i14.1,i14.2,i14.3,i15.a,i15.b,i15.c,i15.d,i15.e,i15.f,i15.g,i15.h,i15.i,i15.j,i15.k,i16,i17,i18,i19,i20,i20.w,i21.1,i21.w.1,i21.2,i22,i23.1,i23.2,i23.3,i24.a,i24.a.w,i24.b,i24.c,i24.d,i25,i26.a,i26.a.w,i26.b,i26.c,i26.d,i26.d.w,i26.e,i27.a,i27.a.w,i27.41,i27.41.w,i27.42,i27.42.w,i27.43,i27.43.w,i27.44,i27.44.w,i27.45,i27.45.w,i27.5,i28,i29,i30,i31,i32,i33,i34,i35,i36,i37,i37.w.1,i40.11.a,i40.11.b,i40.11.c,i40.11.d,i40.11.e,i40.11.f,i40.11.g,i40.11.h,i40.11.i,i40.11.j,i40.11.k,i40.11.l,i40.12,i40.13,i40.2,i40.3,i41,i45,i45.w,i50.a,i50.b,i51,i52,i55,i60.1,i60.2,i60.3,i61.1,i61.2,i62,i63,i64,i65,i66,i67,i70,i71,i72,i73,i74,i75,i80,i85,i90.1.a,i90.1.b,i90.1.c,i90.1.d,i90.1.e,i90.1.f,i90.1.g,i90.2.a,i90.2.b,i90.2.c,i90.3.a,i90.3.b,i90.4.a,i90.4.b,i90.5.a,i90.5.b,i90.5.c,i90.5.d,i90.5.e,i90.5.f,i91,i92,i93,i95,i99,m01
p01.a,7.99,30.79,3.61,50.76,72.59,18.85,13.40,72.60,44.22,70.47,59.07,91.29,61.38,50.60,88.62,27.31,40.20,87.40,28.63,49.50,98.46,1.76,3.20,89.42,79.63,42.65,93.82,54.69,78.75,51.28,50.11,94.24,44.42,63.01,19.77,74.84,29.18,33.04,63.28,38.33,73.91,66.46,10.31,88.63,1.02,53.85,90.06,1.95,87.36,17.50,46.37,15.92,37.16,45.95,75.77,72.85,62.39,57.78,36.88,37.37,65.73,28.61,51.02,72.15,20.81,23.35,64.40,47.72,28.17,35.97,11.94,54.59,34.61,25.93,90.86,73.31,8.68,66.54,44.88,58.47,11.74,34.36,40.06,18.26,11.75,97.92,37.23,23.28,80.49,97.53,29.30,17.00,67.18,60.19,11.72,99.44,57.79,27.13,93.38,31.85,80.06,33.97,71.77,24.63,91.03,96.14,48.06,72.20,2.99,84.03,77.42,87.66,55.83,29.96,15.08,51.36,39.55,54.76,68.32,52.63,33.52,37.04,19.98,86.82,56.72,8.05,40.07,2.94,31.14,26.65,10.23,62.98,23.68,93.95,80.58,85.88,89.54,58.87,14.67,46.59,86.42,26.64,65.64,55.33,93.25,16.94,38.02,4.34,66.53,16.71,12.13,88.89,78.24,78.93,66.03,51.53,22.41,19.78,52.25,78.19,64.24,59.93,8.85,14.14
p01.b,61.56,8.38,33.10,37.30,64.22,28.10,7.01,30.73,60.50,41.09,43.80,32.75,46.76,34.30,27.32,79.43,28.31,85.19,21.63,94.91,96.14,99.30,11.46,61.22,12.33,1.91,81.04,62.76,97.92,82.95,18.40,74.08,8.21,1.83,72.61,15.50,85.15,34.47,91.08,61.25,66.81,34.96,16.68,51.57,74.39,21.54,13.99,21.42,15.39,54.61,75.17,89.29,9.73,56.57,92.78,77.27,37.47,80.21,26.55,27.74,97.59,68.21,25.06,23.67,40.38,13.19,18.41,84.93,26.65,40.23,60.75,12.50,35.16,42.96,36.01,20.27,45.10,14.63,4.62,65.41,96.01,73.61,39.20,20.54,37.79,67.38,73.87,20.84,49.97,55.71,76.32,93.30,64.89,23.01,99.99,23.65,50.75,85.64,15.28,13.81,53.38,21.74,85.93,90.09,11.34,87.63,73.83,18.94,12.97,42.13,84.44,78.11,97.88,81.64,22.90,64.82,10.62,76.99,7.61,77.37,76.47,74.10,89.10,98.46,41.55,23.98,44.58,40.32,13.65,8.19,82.67,70.83,51.48,9.44,64.90,94.15,37.07,2.27,29.10,97.80,52.41,30.38,10.09,64.56,10.99,26.67,97.83,75.95,41.41,3.48,97.43,6.71,6.10,97.51,48.13,89.56,48.41,99.20,77.67,88.53,32.00,82.82,79.10,52.10
p01.c,85.38,89.44,93.01,42.85,26.11,31.23,73.51,12.65,43.15,46.63,7.85,25.81,68.07,34.57,45.24,33.92,48.04,95.13,62.09,61.30,92.40,35.33,91.29,76.17,47.82,2.12,22.18,3.99,79.25,73.75,83.54,16.25,4.65,69.79,14.32,6.21,95.33,77.05,39.77,88.15,42.02,85.49,44.64,24.38,95.78,91.81,7.55,94.39,53.67,57.37,85.69,61.93,38.59,82.99,79.25,67.20,46.94,21.01,39.06,18.28,47.12,91.81,65.89,60.24,10.04,45.69,46.62,59.59,7.68,72.51,56.23,76.09,97.88,45.61,36.32,86.20,32.80,16.96,7.21,73.56,13.63,79.15,38.85,22.30,36.17,55.89,0.32,33.31,96.32,31.65,77.56,0.23,94.99,44.08,29.32,96.13,65.38,62.07,24.29,91.63,66.82,10.33,60.33,67.08,93.22,77.42,96.14,73.17,28.61,25.82,85.92,14.67,85.09,33.95,3.14,69.30,7.53,97.18,56.87,61.36,15.10,4.96,14.81,52.23,32.48,17.92,30.73,50.55,56.32,15.27,51.18,96.52,65.09,40.29,6.76,26.03,98.67,88.81,17.35,0.00,14.69,38.34,57.83,11.83,31.62,0.98,49.66,4.33,56.72,68.66,23.57,19.60,70.83,76.67,84.32,26.00,61.23,92.55,98.18,0.35,62.25,80.55,77.33,35.58
p01.d,92.18,38.79,97.27,22.65,61.08,58.36,73.19,88.29,64.22,81.91,94.46,53.76,39.07,49.41,56.94,37.06,79.11,25.21,63.50,43.33,48.29,44.17,65.26,22.02,93.25,21.22,62.32,23.55,96.56,87.24,68.68,98.96,25.79,38.91,50.97,50.24,77.69,27.66,20.91,39.65,46.21,84.52,13.54,3.68,22.62,80.81,90.00,36.80,14.20,91.90,96.59,55.72,23.97,49.30,30.31,98.36,70.10,5.83,61.39,88.50,12.04,56.24,23.35,75.68,96.43,22.43,64.51,70.62,18.87,13.80,95.93,76.36,72.06,96.64,36.23,51.42,20.49,99.29,75.15,48.56,29.76,27.79,94.21,19.28,25.95,71.37,98.70,16.45,62.10,43.42,31.03,25.91,91.22,45.75,53.81,64.38,54.27,3.00,73.73,92.04,26.95,49.89,89.81,52.34,13.12,2.89,84.50,7.52,76.87,79.79,93.20,69.62,29.47,10.45,66.20,36.46,32.90,2.22,10.34,34.93,51.04,97.26,6.37,16.81,60.64,83.08,50.93,82.24,66.30,28.48,47.76,47.44,89.26,55.81,35.20,76.49,30.94,71.09,26.10,97.55,21.92,39.87,72.46,62.69,37.78,26.90,99.06,32.66,30.19,55.74,34.86,15.11,73.45,26.75,0.21,52.69,39.20,65.90,91.99,50.97,79.26,7.36,49.76,86.76
p01.e,5.25,46.75,61.16,56.84,70.06,45.10,96.24,33.60,60.65,20.99,86.40,49.04,15.81,10.97,92.34,57.33,42.32,64.70,70.66,66.75,38.80,64.61,62.96,49.27,34.39,90.20,72.52,16.47,82.86,85.69,17.22,57.02,24.14,73.67,44.08,62.71,97.28,51.01,17.14,47.56,6.48,23.56,49.11,49.21,46.40,11.42,99.52,70.16,33.41,64.54,11.57,83.32,44.68,94.43,20.01,82.88,74.71,76.57,78.75,50.63,2.01,8.71,85.94,39.21,76.32,44.05,65.60,76.59,98.19,68.83,40.68,54.20,37.33,8.42,66.24,68.72,94.68,22.50,12.74,10.84,51.55,95.97,68.40,58.97,88.00,3.61,82.31,29.91,20.10,58.49,51.06,29.93,29.08,97.60,57.68,89.60,62.75,96.57,35.94,69.13,63.74,67.68,42.22,34.72,0.81,62.30,87.98,39.69,88.64,26.91,22.72,72.91,95.63,74.09,40.25,62.91,84.25,79.71,50.68,23.53,31.03,6.32,64.83,7.49,23.72,94.35,93.17,8.32,32.68,89.75,32.07,39.37,94.54,79.19,51.20,43.84,25.49,36.11,9.29,29.98,100.00,50.91,30.94,35.76,27.77,1.12,46.20,97.52,33.95,14.42,69.51,93.56,79.53,2.51,5.13,16.28,45.75,73.28,16.95,62.31,9.45,99.57,70.66,25.11
p01.f,22.66,40.13,81.34,69.58,62.75,58.68,9.78,80.80,19.44,15.36,47.68,21.85,4.88,95.38,88.74,43.53,69.05,89.83,90.62,56.11,76.44,69.22,50.10,88.78,62.61,35.12,81.14,81.24,69.84,46.44,71.32,66.05,43.21,64.30,37.05,98.72,38.62,42.18,22.29,3.12,81.33,13.55,53.94,75.26,83.64,7.51,39.60,34.89,90.96,72.80,36.41,19.54,40.62,79.32,22.94,17.50,77.40,9.01,71.92,17.71,15.03,83.09,26.90,84.67,21.80,46.78,90.51,25.54,42.19,99.24,54.84,3.19,73.20,34.88,41.89,57.73,25.19,71.66,22.63,75.52,26.03,25.63,18.35,28.71,11.51,89.96,16.45,99.40,31.52,73.74,62.34,3.43,41.30,83.54,26.71,76.43,48.26,90.06,58.00,24.53,8.47,57.78,18.44,57.98,84.88,38.27,6.16,34.96,41.01,3.30,37.82,77.08,8.07,21.74,40.22,69.82,48.41,71.71,5.53,32.93,4.71,36.10,66.76,42.50,86.60,90.80,33.64,51.21,76.50,20.94,34.34,81.90,42.99,15.22,14.55,49.48,21.39,6.15,53.00,6.88,53.94,5.86,99.82,97.55,51.86,96.41,2.49,38.49,78.66,61.97,55.62,31.53,18.92,3.92,73.98,95.30,9.64,76.94,24.93,0.80,36.78,70.13,47.99,89.87
p01.g,8.39,65.07,75.22,5.02,55.32,43.98,99.81,50.04,59.93,93.60,38.97,28.93,54.92,22.58,93.64,33.74,64.84,39.83,8.90,44.86,57.23,29.56,63.40,37.80,65.53,35.11,59.29,40.53,48.77,18.14,86.80,15.82,6.83,66.60,87.53,59.00,46.08,42.00,5.92,76.89,39.19,78.89,13.35,32.62,35.34,27.18,94.51,65.40,67.94,51.71,47.96,38.26,44.90,13.80,74.73,38.93,71.91,25.77,77.53,44.20,49.01,17.00,51.97,16.68,40.10,77.40,34.85,87.05,74.02,22.96,71.16,11.62,58.20,56.18,21.71,57.46,43.55,93.76,29.40,68.91,90.59,20.55,68.22,89.90,76.22,23.26,17.09,49.77,40.06,72.28,48.17,87.71,13.53,76.87,61.09,36.17,87.57,10.67,77.64,55.68,94.66,68.28,71.01,0.61,77.90,17.43,54.75,65.01,27.17,18.68,7.49,23.34,17.31,60.56,68.33,43.13,67.46,45.62,10.26,40.43,5.51,6.93,17.74,51.45,25.59,73.97,29.60,78.23,50.51,40.74,99.81,64.56,1.79,85.67,66.28,90.90,94.76,36.99,81.08,85.74,43.42,49.87,6.60,9.84,16.39,36.02,18.06,11.52,0.70,55.04,13.41,98.37,29.20,49.88,36.31,85.38,2.45,29.60,48.77,38.67,53.57,61.95,7.17,26.76
p01.h,89.83,20.21,35.86,24.83,10.57,44.60,12.11,10.58,40.33,2.64,14.87,30.62,75.64,97.73,21.93,83.07,87.63,39.34,46.15,69.73,67.17,87.19,9.03,73.94,45.31,31.89,55.26,99.03,50.94,9.17,10.21,94.29,89.23,80.30,40.24,65.43,56.59,29.63,31.93,22.00,75.70,36.03,73.05,20.64,73.80,70.30,79.93,42.91,54.95,34.76,36.34,53.59,87.82,36.76,29.65,41.41,71.24,17.20,0.57,93.34,92.60,82.82,72.48,67.22,14.73,10.19,53.85,90.17,89.89,87.47,88.07,81.00,63.80,59.13,55.74,65.33,40.68,39.30,18.15,44.41,84.70,56.03,2.68,76.00,3.83,97.69,69.97,63.96,99.84,23.83,76.62,86.43,81.61,83.75,63.24,80.28,11.51,8.85,40.77,40.90,75.37,49.01,66.80,53.64,5.02,22.52,44.57,85.31,86.56,83.20,94.02,66.81,65.37,65.56,33.70,51.89,83.90,16.62,94.67,47.14,4.69,33.17,79.79,73.33,48.87,30.17,9.82,2.53,87.69,2.44,15.99,38.66,12.04,72.23,36.79,94.45,50.60,91.51,36.63,39.93,41.20,1.96,92.23,53.28,73.96,90.65,87.42,8.87,9.05,84.49,15.05,63.27,5.75,67.67,54.68,61.58,48.25,98.23,36.93,74.02,19.05,3.21,11.76,29.19
p01.i,37.16,4.30,71.57,16.80,82.97,4.73,36.91,32.60,44.20,88.44,74.29,50.09,20.12,86.94,72.42,73.90,60.27,6.18,46.97,1.99,23.59,60.75,19.05,63.19,45.13,87.50,41.20,58.47,19.87,2.31,87.75,81.28,57.41,30.82,74.12,30.20,67.91,49.53,87.78,71.77,86.02,90.62,8.17,3.16,5.15,6.40,44.06,61.45,32.53,70.79,65.77,25.03,72.09,61.91,99.47,83.50,86.73,53.57,51.49,87.61,95.54,17.30,22.30,3.20,17.61,36.39,20.63,88.95,26.05,17.16,75.15,17.65,36.09,89.80,13.76,51.21,22.92,55.00,54.88,21.77,83.84,69.43,2.94,25.65,50.80,57.53,61.48,33.56,88.90,5.85,82.52,64.07,9.83,22.12,42.26,58.27,17.22,41.32,83.39,24.39,84.31,68.67,70.47,13.66,78.44,66.63,31.39,23.32,43.89,65.41,35.65,47.81,8.50,74.80,80.17,97.07,96.90,26.56,55.77,8.41,54.11,84.03,29.28,27.45,43.85,9.12,21.70,86.50,24.72,19.65,83.70,62.86,96.73,11.06,31.01,31.60,48.86,45.23,68.70,11.32,67.39,4.39,83.44,22.30,65.05,72.30,53.29,99.15,15.66,25.76,46.71,50.91,33.61,39.68,92.54,0.93,11.34,21.23,74.04,50.01,47.97,38.83,33.20,22.99
p01.j,81.48,17.55,12.43,33.41,50.74,64.76,77.63,63.59,58.44,4.83,33.09,90.73,88.12,6.27,97.79,16.52,40.31,65.61,19.67,11.22,3.26,65.50,66.19,28.35,17.76,83.07,33.22,23.80,83.18,34.01,50.74,88.88,52.85,53.98,30.96,82.75,55.17,34.64,50.13,79.10,41.87,77.13,40.87,10.87,93.69,2.11,7.69,17.09,91.44,54.10,41.36,62.71,33.40,98.50,40.03,11.27,13.16,74.83,1.91,73.87,60.18,84.35,66.12,84.46,84.84,17.02,0.83,90.05,13.01,90.50,81.04,84.64,69.13,80.42,64.43,51.69,62.49,13.70,84.59,11.08,38.17,46.98,22.21,24.42,72.41,41.22,32.15,16.06,1.71,52.94,95.13,57.41,76.23,41.47,64.85,80.34,72.95,52.80,11.14,80.18,90.16,13.59,5.39,14.51,6.22,8.62,9.47,91.14,25.52,81.85,26.70,14.88,59.58,76.73,83.36,27.82,50.07,35.39,65.80,19.32,86.42,45.11,6.38,94.84,48.37,5.78,51.18,75.17,13.13,45.37,85.80,51.18,20.12,7.02,26.75,49.51,16.08,68.83,98.48,52.45,82.02,15.06,32.62,61.35,16.39,39.50,94.72,44.28,50.21,79.79,12.23,41.52,23.36,47.77,66.12,95.96,47.68,68.67,7.35,65.11,9.97,43.52,56.75,95.84
p01.k,34.03,93.49,36.02,44.20,39.77,63.81,44.99,71.29,14.50,50.41,1.73,3.25,7.81,55.26,26.62,94.00,5.64,75.72,6.62,1.09,87.81,20.01,41.20,41.65,31.81,57.31,98.76,75.81,78.60,90.66,51.21,60.33,29.87,68.78,37.31,19.16,7.17,89.45,29.42,10.88,9.19,65.09,44.45,78.26,76.05,36.75,41.64,99.29,19.60,80.69,77.94,94.51,26.73,66.49,82.74,60.90,88.44,22.33,78.29,5.42,96.22,19.89,84.07,72.06,39.67,57.09,68.14,83.02,20.39,45.75,91.92,8.56,33.65,22.46,44.03,40.18,34.96,9.92,15.73,69.37,1.58,45.14,25.55,44.01,1.07,5.28,90.39,67.15,84.45,32.35,8.64,79.69,54.88,13.18,94.20,62.93,45.37,95.29,83.40,90.24,34.23,5.70,35.83,71.70,92.73,92.01,95.87,79.21,71.87,40.92,55.76,53.68,41.77,40.06,79.73,94.50,29.38,76.40,65.10,46.80,59.52,15.51,47.20,14.61,28.30,99.70,30.87,72.26,17.88,50.34,26.90,65.07,9.70,4.40,62.61,35.94,15.05,28.07,60.53,96.68,2.52,81.66,18.55,59.89,40.03,19.75,61.31,9.66,50.92,88.46,76.59,89.15,55.72,93.87,70.45,45.84,96.10,11.90,3.29,45.06,95.37,72.62,65.12,21.67
p01.l,83.81,87.15,37.42,36.76,61.01,45.00,16.70,64.94,47.85,71.40,53.90,80.85,92.57,98.14,25.55,4.68,96.80,8.34,22.15,5.88,53.14,48.23,12.56,95.74,50.72,63.19,18.71,54.61,0.50,6.83,40.92,74.73,13.26,6.79,14.89,12.02,83.54,17.11,90.34,3.34,82.18,19.36,71.76,63.61,23.23,26.36,97.67,15.92,69.66,29.49,90.32,61.60,13.64,10.69,51.36,71.60,3.56,11.83,81.15,93.43,8.29,50.80,87.35,82.99,32.11,90.74,15.93,4.31,8.70,41.24,41.64,91.73,95.69,10.27,44.93,5.31,90.03,40.69,40.54,42.59,67.72,97.17,26.53,80.27,85.28,39.39,83.50,20.54,16.31,84.11,9.67,67.22,57.97,20.85,22.91,29.34,66.84,20.28,11.88,12.15,49.84,47.18,40.27,51.63,27.00,2.86,44.53,72.18,33.84,35.77,21.15,88.38,74.20,48.37,25.15,59.81,99.81,72.68,3.97,66.00,64.74,77.91,45.21,21.69,54.63,53.46,51.25,16.29,41.21,14.40,93.69,88.72,28.02,19.46,68.32,64.27,30.66,60.91,41.13,2.06,57.45,6.58,84.68,3.38,63.76,86.96,5.89,13.02,9.49,67.59,55.15,89.59,31.27,14.71,79.18,1.49,18.00,21.13,46.96,1.16,28.51,43.98,36.98,65.03
p01.m,27.05,85.17,21.57,71.85,44.26,19.35,79.65,90.51,98.64,75.31,88.78,97.39,44.76,96.31,76.28,22.36,73.17,26.39,27.46,76.22,65.43,1.74,74.30,42.03,84.22,33.16,70.23,10.26,73.38,32.14,29.72,20.71,77.36,53.17,30.45,15.23,65.77,55.14,46.17,54.76,34.24,86.88,25.16,47.26,46.06,53.69,39.89,91.64,4.29,49.59,38.88,24.80,81.89,90.02,96.10,35.19,57.36,91.95,69.77,74.55,89.54,87.19,74.29,46.13,39.39,14.15,10.46,7.39,23.69,22.90,65.43,93.84,14.26,9.57,43.12,43.17,5.80,6.93,50.91,68.52,57.89,24.78,32.33,45.60,92.63,2.61,65.67,59.10,88.07,21.88,22.49,95.62,46.00,93.72,84.77,34.98,38.46,36.00,47.68,66.49,35.33,29.06,77.93,3.42,19.52,59.32,67.69,77.73,84.30,91.64,19.70,27.72,73.22,83.14,25.94,80.95,23.50,93.46,17.39,14.63,31.09,85.26,11.88,60.41,80.44,87.79,78.26,26.09,38.60,27.60,52.42,84.40,50.30,13.11,34.41,30.15,80.20,99.04,24.13,77.44,65.90,72.74,22.14,76.56,90.98,59.14,61.47,1.79,40.14,85.36,95.78,90.85,17.43,69.88,88.52,53.29,83.61,75.38,35.15,66.44,64.61,72.86,3.46,12.12
p01.n,0.66,81.32,58.19,62.68,71.07,74.01,58.93,39.30,81.66,77.13,9.40,22.77,9.01,38.35,66.47,0.64,66.68,23.28,80.56,76.07,61.06,56.71,53.87,21.32,35.62,72.95,96.68,85.43,66.82,47.79,15.59,42.74,94.75,68.19,97.53,14.62,4.86,16.91,85.82,89.35,25.03,85.90,58.38,53.85,91.52,33.37,34.85,27.30,96.71,93.23,66.33,77.75,29.80,79.47,97.10,62.57,98.33,56.02,25.31,61.46,76.34,18.00,46.10,37.02,35.68,25.10,15.58,97.31,1.97,69.32,41.48,83.41,41.20,41.32,74.86,76.07,63.44,30.57,87.60,96.24,40.94,62.15,40.53,24.16,47.83,4.34,71.57,71.12,41.42,39.79,77.03,16.87,73.26,16.31,69.82,47.00,33.69,12.56,49.79,89.01,60.51,49.36,99.54,93.40,30.12,36.56,7.93,22.16,92.00,47.20,87.09,52.49,92.28,6.54,94.57,43.07,24.59,62.69,46.82,77.10,64.97,28.05,98.61,87.12,76.08,90.20,64.71,40.40,69.60,58.04,0.17,19.36,27.89,49.09,33.18,96.35,34.35,44.75,85.06,25.25,93.76,24.16,28.18,74.64,91.55,55.72,79.16,2.04,99.92,31.66,55.29,63.36,84.55,34.97,48.08,27.09,61.84,16.55,41.78,18.76,73.76,44.22,1.31,43.14
p01.o,84.01,29.41,17.84,1.04,45.73,61.61,32.76,89.27,93.07,66.54,9.23,65.15,58.20,18.15,72.62,36.51,24.08,27.59,1.92,34.34,34.86,52.44,85.84,15.35,42.08,85.63,98.56,45.54,94.11,34.18,0.66,3.77,56.93,55.29,75.84,99.61,92.14,59.04,19.15,98.71,16.81,73.12,46.25,52.16,14.06,18.42,65.85,19.34,1.69,46.23,80.43,49.37,79.14,43.53,16.75,64.04,70.07,36.08,77.17,33.82,76.97,46.89,8.24,72.63,69.08,12.33,63.77,53.50,83.83,90.69,76.69,97.53,38.79,31.26,61.18,85.22,98.00,67.76,2.08,4.40,57.70,65.53,63.04,69.91,82.91,37.45,96.69,99.68,80.74,77.03,75.59,33.30,14.57,20.03,54.92,47.59,59.08,86.03,9.47,51.76,70.95,88.32,27.81,78.24,52.88,25.61,9.46,13.14,17.04,20.89,93.49,72.38,63.38,38.53,59.25,44.42,3.16,70.11,5.62,43.14,90.33,2.85,44.02,66.79,26.37,84.82,62.72,74.13,63.38,22.58,69.85,19.05,78.64,80.44,61.01,23.94,66.00,72.83,97.25,26.48,90.51,8.58,51.63,94.04,47.26,52.20,11.19,86.32,1.17,27.13,21.22,17.26,48.91,64.64,37.83,38.05,42.61,49.31,82.93,91.39,77.14,69.69,35.43,46.07
p01.w.1,85.11,35.34,52.22,0.42,59.94,93.86,78.15,98.24,25.40,66.02,92.28,3.99,58.86,47.97,59.99,12.35,17.30,40.49,90.87,53.01,86.43,39.53,52.23,88.91,36.24,90.19,91.35,92.19,79.27,35.66,93.10,72.46,36.68,8.25,34.38,22.61,81.02,32.13,13.98,81.30,97.07,37.44,69.90,83.67,99.82,77.92,38.73,8.86,38.96,16.37,89.53,62.83,54.10,60.03,8.28,18.25,60.42,16.07,18.84,64.49,28.63,68.91,44.90,24.83,13.03,73.10,62.77,6.72,61.61,3.32,63.54,10.11,79.29,27.51,40.28,24.00,22.72,56.17,30.89,31.75,74.69,37.21,47.20,6.14,42.33,99.17,64.36,81.41,97.80,40.82,76.03,65.19,4.83,76.07,92.05,53.96,26.41,11.83,13.46,82.15,82.31,32.23,48.86,87.01,58.82,1.22,74.08,66.70,24.41,24.92,61.12,24.34,75.98,41.99,15.05,81.42,34.31,74.47,60.72,5.67,74.83,56.30,84.53,50.52,94.27,21.69,66.57,21.73,38.12,40.24,29.70,45.83,92.69,60.90,79.54,83.49,72.54,10.39,28.13,82.74,88.82,93.10,48.79,47.46,99.59,71.30,43.06,19.51,41.41,80.88,52.43,24.66,9.71,35.00,3.71,92.72,37.52,75.75,15.09,61.39,85.60,72.55,49.76,67.56
p01.w.2,20.03,74.57,90.97,47.82,3.63,50.01,5.60,93.75,57.61,95.05,97.74,23.65,16.46,20.28,32.81,96.88,13.88,23.35,10.47,35.01,20.34,91.12,18.19,5.45,81.81,31.09,43.40,66.89,17.82,33.52,83.45,45.28,6.75,83.67,39.45,96.50,33.99,94.77,90.75,15.94,26.95,91.00,98.75,79.58,12.18,59.66,85.10,16.02,7.64,39.04,21.70,23.26,96.47,80.07,86.92,73.34,57.50,14.41,87.10,7.77,62.94,44.85,43.48,37.06,57.52,11.80,19.95,71.65,6.97,15.63,9.68,10.44,96.24,15.94,67.08,7.15,70.10,16.27,24.46,49.19,10.65,46.56,19.32,27.29,43.26,35.38,52.43,7.62,86.95,40.44,69.74,74.80,72.97,86.42,55.14,94.10,18.77,44.95,68.85,70.75,0.50,21.85,83.63,73.62,53.03,3.98,75.38,96.74,79.39,30.83,90.44,98.12,18.76,55.20,97.45,12.58,9.97,53.16,90.96,84.39,48.61,96.77,94.87,98.63,93.74,40.92,1.38,50.23,83.64,57.57,77.60,36.33,81.69,72.39,26.30,71.08,72.72,91.86,57.11,22.61,65.17,95.93,29.76,99.46,97.52,82.48,38.17,58.25,0.73,76.92,99.84,5.24,79.97,32.58,14.92,17.53,11.27,91.75,85.07,46.09,89.31,49.51,37.54,5.25
p02,69.71,67.57,53.05,11.90,49.94,88.84,9.87,51.82,23.97,91.45,61.08,48.13,42.58,12.05,71.86,80.24,81.23,53.26,54.59,69.92,5.57,39.52,69.64,76.38,31.24,99.39,41.65,86.89,17.48,94.68,85.62,48.68,19.34,77.85,36.43,72.46,33.84,19.91,95.43,21.66,4.72,17.50,54.31,0.78,29.83,85.02,90.78,89.36,67.64,83.82,15.93,22.18,72.39,85.76,42.54,47.83,37.12,13.05,95.57,38.75,89.98,47.84,46.00,90.99,12.27,10.13,57.47,12.67,54.34,0.01,41.61,51.97,41.38,77.67,70.76,95.21,97.85,44.95,74.22,79.26,6.97,29.67,62.19,69.63,91.39,74.85,73.68,83.49,89.86,79.42,84.47,41.55,14.90,13.98,81.74,36.99,29.08,31.44,93.63,32.33,59.95,59.16,44.19,75.68,44.57,93.86,87.44,32.85,79.57,13.52,79.57,40.97,93.87,21.72,9.96,97.74,29.57,28.29,36.38,12.47,99.12,46.35,62.65,63.89,42.94,64.90,44.45,97.41,94.59,98.84,40.34,26.32,71.89,59.26,45.13,19.57,5.64,11.38,68.34,55.75,83.12,28.37,65.20,24.58,75.47,56.73,82.15,32.39,53.89,77.45,98.13,64.44,68.37,28.20,89.00,63.34,36.78,78.83,5.72,77.56,35.99,95.84,64.08,1.21
p05,72.01,39.36,0.23,30.04,3.69,66.60,49.55,92.69,91.30,30.45,70.68,55.99,79.44,75.42,5.63,59.99,59.85,41.17,75.25,72.29,51.65,89.17,47.98,54.04,33.88,88.15,88.81,85.54,54.02,48.48,90.57,76.21,53.51,11.62,77.34,26.28,97.62,5.76,60.25,2.99,33.49,60.34,49.96,20.22,78.44,86.78,75.26,45.24,56.67,84.27,11.39,23.85,27.67,1.01,2.84,75.93,49.29,40.01,33.69,42.85,0.71,81.26,64.64,54.35,94.30,60.80,7.81,7.21,27.83,46.52,41.42,94.05,69.89,64.09,18.51,94.83,64.99,36.50,82.28,59.94,61.16,91.70,91.93,63.58,86.70,71.26,41.07,67.64,49.52,59.64,8.09,77.76,40.56,54.20,0.62,74.59,40.16,55.36,32.65,96.54,46.30,37.90,11.91,20.96,23.16,24.75,52.23,90.20,8.65,3.93,35.07,71.96,26.87,96.09,63.06,44.04,12.02,65.71,31.19,66.45,22.66,81.02,47.29,47.67,13.19,23.52,85.54,50.62,97.41,25.05,9.20,70.36,58.73,0.10,5.46,43.85,77.99,70.12,74.84,45.84,3.86,80.29,90.71,61.29,94.89,24.64,0.68,38.60,40.16,37.67,12.10,76.60,29.34,28.13,76.67,72.39,28.68,56.67,86.34,78.74,69.48,8.60,70.21,95.17
p10.a,40.76,6.15,11.42,38.48,32.09,34.46,27.30,56.07,74.11,81.38,24.93,38.03,94.72,96.65,42.39,59.15,59.72,62.43,4.83,57.20,33.79,31.26,64.59,42.27,96.60,65.14,5.10,12.99,32.56,55.92,77.88,80.84,77.48,82.09,2.09,19.60,43.81,92.72,33.05,55.48,11.29,97.58,54.00,61.51,94.54,26.65,26.09,86.98,0.58,96.06,41.45,4.01,59.69,90.19,89.31,75.80,88.59,91.41,79.59,83.56,63.49,97.18,27.11,52.59,72.48,74.07,18.21,8.60,72.69,62.12,11.44,77.89,30.14,91.09,48.42,54.49,57.82,74.65,31.27,82.84,10.39,91.20,14.98,0.58,41.07,98.59,14.74,88.55,14.95,53.89,63.09,3.31,61.04,8.58,32.03,23.36,83.95,8.90,85.71,71.95,97.40,35.30,26.11,18.85,49.26,12.21,92.72,46.22,87.59,22.43,30.43,75.50,9.59,2.79,50.71,73.27,54.89,12.12,71.52,72.68,48.90,81.90,47.84,48.67,44.90,94.82,93.93,93.90,30.40,49.17,19.47,86.85,1.44,54.86,54.03,97.51,8.16,30.96,6.67,45.14,71.13,21.67,3.15,59.93,88.55,87.75,52.25,1.99,53.07,5.46,52.68,15.20,49.93,95.61,98.62,43.29,2.58,81.17,6.29,52.90,57.17,90.53,20.09,39.06
p10.b,78.99,87.70,36.66,55.96,62.66,39.16,35.77,80.07,15.01,60.39,73.53,86.89,23.00,96.02,38.29,9.09,6.84,17.13,66.88,99.03,44.10,6.58,31.47,77.63,33.63,12.48,83.23,21.97,46.84,17.75,43.15,99.42,26.86,68.41,41.33,37.70,14.83,46.19,65.47,72.54,63.25,71.65,14.26,13.33,39.78,37.63,72.67,78.20,52.42,41.30,38.54,24.80,55.24,34.53,11.29,33.88,49.96,37.42,12.94,1.97,53.46,92.21,21.47,51.07,17.65,43.72,66.11,19.49,5.41,57.40,55.92,81.73,5.79,12.11,46.33,4.59,9.95,8.48,80.72,59.39,62.33,8.35,66.71,50.49,54.59,29.79,14.19,4.49,54.56,94.70,23.60,10.22,69.83,51.53,15.45,56.14,53.15,23.01,23.85,39.17,37.88,80.33,86.69,73.35,5.98,69.26,46.94,18.63,93.99,47.63,48.24,53.05,5.67,92.52,30.68,75.41,15.99,46.80,89.70,19.14,17.17,58.54,34.41,64.58,41.46,94.95,22.00,91.74,9.08,5.77,86.77,47.09,96.65,38.40,5.67,86.96,22.17,10.69,63.58,67.06,65.99,77.23,93.98,86.57,27.27,36.20,10.79,68.60,49.11,26.00,23.44,97.40,62.72,71.48,31.88,65.87,23.99,81.53,81.45,1.09,70.68,64.69,21.81,84.31
p10.c,87.23,14.08,35.63,67.72,92.55,76.28,28.73,2.07,61.30,75.52,79.41,86.94,26.43,14.12,65.39,54.98,33.00,63.70,41.01,17.83,61.72,24.99,17.07,80.37,4.15,13.30,22.85,33.85,55.22,26.84,21.70,96.47,1.86,84.96,35.53,54.04,83.57,34.42,72.37,13.43,76.41,18.28,49.49,24.68,40.69,40.20,47.54,15.33,61.64,91.88,50.43,17.67,55.73,72.30,95.19,40.00,88.33,37.36,39.53,92.21,20.86,34.26,2.94,49.27,69.58,84.58,12.24,33.36,0.30,9.24,43.70,12.93,51.61,76.36,94.67,50.69,18.22,20.80,32.16,70.68,33.48,18.13,76.59,7.11,39.05,97.41,15.91,8.57,72.92,27.52,21.93,71.48,51.23,87.71,79.11,71.96,37.86,54.72,78.20,0.40,95.27,24.00,50.95,37.98,54.45,80.85,72.86,32.48,58.61,3.73,32.77,25.78,80.26,88.66,31.72,58.89,1.39,55.48,43.47,84.02,8.76,7.11,68.51,23.40,82.00,25.59,40.23,95.72,18.25,77.36,13.68,7.79,90.97,93.23,87.67,40.92,87.79,91.04,37.86,56.51,96.39,58.96,76.45,55.11,72.63,12.15,88.96,33.36,20.82,33.57,89.39,37.30,5.56,22.42,52.97,74.42,80.11,82.73,41.71,57.46,21.46,50.68,32.06,78.10
p10.d,15.66,97.20,47.79,11.06,40.95,59.23,8.08,43.10,82.76,8.60,47.09,46.01,68.00,66.51,58.50,71.40,46.18,5.10,88.16,48.14,46.10,53.52,25.11,10.01,67.66,31.41,11.01,80.71,64.84,98.07,29.64,96.16,11.43,85.84,92.22,73.84,15.24,81.86,22.70,91.27,23.05,38.02,25.09,68.69,28.13,75.93,95.63,71.76,8.57,96.57,18.65,30.65,17.12,32.41,73.57,87.42,11.70,68.21,36.28,64.37,44.93,21.07,66.28,9.35,63.40,24.83,17.44,37.09,82.77,48.78,6.82,17.79,86.29,22.55,46.85,23.30,38.40,63.59,88.25,85.97,19.67,53.65,1.51,88.28,31.10,50.83,29.77,87.84,64.01,34.09,56.37,62.99,30.15,86.04,91.79,90.67,82.22,97.68,6.06,82.39,4.69,74.01,53.89,79.39,7.64,18.06,19.65,63.09,14.27,34.65,41.86,32.51,75.60,58.39,43.17,17.05,74.97,6.99,80.43,81.08,78.36,29.76,51.10,26.10,61.98,41.43,80.26,56.84,60.46,13.74,99.08,25.72,79.50,66.69,77.21,5.41,45.37,33.70,5.24,21.93,0.79,92.84,39.77,4.88,4.79,5.09,26.93,20.34,33.99,5.31,53.86,11.53,78.95,81.95,55.77,65.96,29.88,98.33,33.66,96.29,11.90,54.37,21.86,31.04
p10.e,76.75,32.00,91.03,50.51,64.95,87.44,71.13,64.96,15.16,53.37,81.26,76.56,26.79,37.08,15.07,20.40,63.94,29.36,19.66,51.18,32.81,68.94,17.20,76.78,94.12,68.74,50.26,10.48,59.64,45.52,58.74,75.64,60.00,61.75,72.38,68.05,37.09,91.26,17.75,20.06,9.99,3.41,64.39,35.59,1.43,53.11,24.67,42.84,61.07,67.93,25.37,61.09,4.76,3.96,66.96,97.68,22.81,71.88,1.53,69.85,68.53,33.87,85.50,48.27,52.46,26.55,95.23,4.51,63.01,62.99,96.24,50.21,77.71,44.65,29.17,85.31,89.86,42.10,54.01,49.43,27.33,55.53,85.52,35.80,69.24,96.84,60.80,82.57,55.64,33.40,24.08,75.25,31.54,53.00,32.20,10.52,69.96,25.81,13.00,0.82,0.18,36.34,53.75,32.16,28.02,83.16,18.69,61.63,86.85,38.81,79.12,35.60,46.81,28.39,53.18,12.78,65.18,38.41,69.50,12.52,56.32,83.88,63.09,27.84,62.62,21.78,85.56,24.09,43.03,96.25,72.04,50.73,63.24,24.58,78.37,93.45,44.02,17.98,9.92,0.13,72.12,59.22,99.74,42.25,99.93,15.12,10.69,23.17,93.20,87.75,69.90,59.52,46.08,29.44,94.64,39.86,8.86,93.37,43.04,13.91,35.15,74.64,34.57,62.67
p10.f,18.88,15.56,82.07,41.29,95.30,63.80,84.59,3.61,11.02,68.43,36.10,44.44,30.02,0.51,99.56,22.89,53.34,51.91,26.92,61.94,93.38,2.71,25.51,41.20,36.62,42.81,59.97,89.78,27.14,68.02,58.06,14.21,0.06,8.94,96.58,79.92,57.88,36.10,82.11,64.14,64.30,85.60,65.29,6.58,31.74,96.39,81.09,51.49,61.82,3.53,29.23,35.81,28.79,50.44,63.28,42.33,65.35,37.41,40.68,65.98,85.41,16.06,17.41,37.82,19.66,52.07,27.54,70.73,90.01,63.67,22.77,35.75,53.81,64.35,96.34,5.70,61.66,33.68,20.73,53.69,30.94,35.83,5.94,17.64,9.01,70.92,1.33,72.00,99.99,78.17,53.99,72.72,56.87,3.16,76.48,52.57,83.81,9.70,78.11,72.11,93.68,8.25,99.75,98.88,24.67,82.88,35.20,29.71,20.50,41.62,35.53,16.06,9.34,4.27,2.64,46.74,77.22,10.97,71.15,97.89,38.70,15.29,41.72,84.12,44.08,45.73,84.86,58.47,17.65,91.68,33.91,85.94,32.53,49.65,93.64,11.06,71.39,13.49,91.16,61.79,69.95,27.49,48.00,64.90,28.88,85.39,87.21,99.51,10.68,99.64,92.98,58.69,9.03,69.17,13.73,62.79,13.55,87.09,60.26,25.47,74.84,24.42,67.75,8.86
p10.g,83.75,44.64,0.17,10.33,20.20,36.49,16.54,46.48,41.04,35.07,97.74,51.52,64.16,33.82,85.83,97.13,42.02,39.07,26.14,80.64,67.72,79.28,20.95,34.70,81.85,1.98,5.03,50.21,91.08,15.87,31.48,99.32,27.38,14.00,91.75,12.74,79.29,48.22,71.17,19.25,40.38,81.65,15.36,8.21,16.01,85.97,77.90,74.16,76.22,4.20,96.45,73.05,99.39,49.07,64.39,26.11,78.05,58.57,55.69,28.78,4.19,85.62,44.63,77.68,22.71,59.29,60.89,69.84,11.01,20.37,14.44,65.51,91.96,25.97,7.52,35.34,88.65,97.01,69.33,91.39,6.59,41.39,52.15,79.41,11.59,58.41,97.19,64.96,77.22,6.03,31.21,83.25,86.72,2.78,52.40,53.17,12.09,92.20,42.66,77.85,95.71,16.38,59.72,95.04,44.60,57.09,94.25,62.25,59.93,71.78,0.16,71.97,35.44,34.76,4.97,94.94,37.73,75.24,25.14,72.20,32.21,56.52,36.12,59.26,35.10,30.83,2.19,54.33,90.25,22.37,29.59,21.34,31.13,11.73,52.02,14.31,32.73,56.92,48.33,51.95,37.77,17.78,49.73,13.30,91.97,98.09,0.97,7.28,39.11,30.55,57.63,95.49,24.82,2.68,68.42,29.39,23.07,18.26,54.79,90.80,19.03,43.25,7.90,8.06
p10.h,79.24,98.36,15.34,69.49,79.50,77.75,4.47,90.26,28.72,22.24,95.07,14.09,90.88,71.74,56.37,50.49,93.62,52.53,10.20,24.41,50.34,41.28,24.00,13.45,15.08,78.30,36.39,88.15,12.53,41.21,11.93,7.73,37.98,33.92,73.35,85.00,71.47,32.59,60.07,24.68,87.64,78.53,92.33,4.26,25.66,53.32,16.68,13.81,45.47,25.02,62.23,7.33,65.44,17.84,1.74,4.96,12.87,14.60,29.81,96.75,9.49,47.26,26.50,0.37,86.23,80.16,6.89,14.35,35.54,94.99,93.60,96.72,19.89,40.41,74.75,37.12,60.84,46.33,93.60,0.54,98.38,23.34,18.07,17.42,40.92,20.23,47.79,61.37,2.43,65.17,3.23,85.98,6.38,94.81,23.30,90.27,88.78,69.42,19.20,1.86,80.86,30.49,5.03,19.31,32.00,74.63,6.58,81.52,99.55,81.52,18.30,0.16,88.59,16.27,73.51,98.42,62.37,94.47,14.55,15.48,48.75,52.17,92.32,38.43,38.59,42.89,55.61,47.31,51.57,70.19,31.60,88.57,43.62,52.85,67.40,51.34,31.30,42.70,37.74,76.88,12.42,1.45,79.79,36.03,28.86,44.22,86.35,80.33,37.82,87.83,49.00,34.77,95.63,99.02,73.59,45.65,1.70,27.17,57.45,26.07,73.63,52.99,4.69,4.18
p11.a,50.57,61.39,50.08,94.21,54.67,57.48,96.20,38.29,39.04,46.24,8.60,68.39,5.34,80.54,33.65,27.59,45.14,82.05,40.54,20.28,76.10,80.87,77.48,53.76,25.85,91.21,6.13,40.08,98.38,60.10,26.07,10.79,25.49,83.99,87.02,26.66,81.00,25.93,70.30,4.90,58.21,1.11,64.25,92.95,88.67,79.83,87.49,62.35,87.96,12.86,15.31,90.50,78.10,88.48,40.47,85.58,68.55,95.70,41.15,39.07,81.09,55.94,35.22,0.32,46.19,74.94,41.98,34.44,14.85,61.60,3.40,82.64,46.67,16.39,63.50,52.22,75.30,42.08,87.51,98.12,0.59,66.98,34.22,99.41,80.16,19.10,34.34,82.44,23.97,64.48,21.45,18.60,89.04,17.93,46.29,53.86,53.22,71.39,26.98,35.91,6.09,8.23,20.76,11.16,71.39,43.57,7.04,86.01,33.70,60.18,85.74,42.86,1.13,28.74,25.95,61.76,3.50,99.62,50.58,75.10,80.68,52.88,79.07,41.55,98.75,9.77,35.19,87.17,98.62,89.89,91.03,21.71,2.18,84.49,22.08,30.64,7.09,62.79,94.65,98.21,42.28,15.38,61.74,43.43,76.75,66.68,14.21,33.28,87.82,31.65,39.58,30.70,52.89,49.05,67.80,64.63,77.13,39.30,81.89,47.02,65.54,21.01,56.34,99.33
p11.b,38.10,14.29,13.59,63.60,98.16,11.44,1.60,0.04,42.99,27.56,71.91,21.22,42.29,57.90,87.62,35.59,97.24,78.57,63.59,12.31,94.21,66.01,51.89,5.21,4.07,36.19,81.11,41.65,60.39,45.48,30.34,66.35,24.61,95.86,37.47,30.89,38.69,92.14,40.86,30.79,49.12,72.48,27.00,28.08,37.86,48.54,4.80,65.45,76.62,8.14,28.41,57.68,27.05,49.74,41.08,45.12,46.02,2.37,65.79,64.50,57.96,44.53,22.34,49.04,45.95,36.63,61.51,30.01,27.30,23.04,72.66,60.99,29.53,83.78,38.48,72.72,45.89,72.04,4.53,73.64,24.59,56.89,93.00,48.32,52.96,2.01,50.90,97.62,55.08,14.21,78.69,76.35,38.06,46.29,31.48,18.35,93.34,86.95,48.12,65.91,61.01,33.16,60.78,6.34,49.15,85.12,13.78,39.22,69.11,41.82,23.76,45.14,60.66,3.80,87.03,47.15,33.13,4.47,88.66,17.47,36.79,52.87,36.22,53.34,84.76,84.53,44.10,69.19,74.40,82.10,41.57,53.03,23.75,82.53,16.58,94.77,71.93,34.74,12.39,4.44,25.32,58.03,26.46,39.49,23.16,23.77,7.31,40.26,6.84,31.13,48.64,71.06,27.28,22.94,74.35,68.69,36.21,14.06,41.24,92.00,78.09,38.26,23.73,12.49
p11.b.1,36.08,97.56,57.01,13.79,61.28,73.38,4.50,89.60,11.71,54.11,3.68,66.72,51.37,8.86,91.64,29.81,69.49,31.64,7.32,2.91,46.23,16.38,45.13,26.84,40.41,77.99,14.04,15.12,75.71,73.59,5.70,28.77,93.97,94.84,89.48,48.01,49.61,39.25,7.83,91.21,14.07,3.54,88.70,62.13,31.69,66.98,32.92,2.44,61.43,20.00,72.63,0.90,3.77,13.65,40.32,74.43,86.29,14.14,70.97,29.08,57.82,26.59,26.51,12.60,57.88,29.09,76.07,1.01,15.05,42.48,31.50,5.94,29.75,63.53,81.87,82.49,44.41,34.23,33.53,34.00,73.52,69.08,47.93,82.96,30.27,17.65,18.96,17.08,60.62,25.73,49.23,63.80,37.86,21.72,25.96,48.03,43.15,24.53,66.09,6.47,32.05,63.89,91.43,98.56,36.69,43.14,53.50,2.43,14.26,41.10,54.83,28.02,72.33,15.81,40.37,8.43,57.66,92.97,47.49,49.43,98.68,83.67,23.60,4.95,17.48,97.42,9.87,46.45,63.35,88.43,43.71,90.47,69.72,23.51,94.63,40.17,69.42,17.20,23.86,97.94,50.93,98.95,56.94,90.86,9.18,43.44,30.75,8.10,0.92,1.15,37.09,46.96,71.86,11.42,88.26,24.11,81.03,69.91,88.44,17.86,72.24,26.62,38.62,55.49
p11.c,49.37,54.35,5.27,38.91,93.86,6.78,13.88,65.73,14.76,52.24,15.87,83.27,91.54,55.53,74.10,26.87,63.22,8.70,7.83,95.35,85.62,53.16,6.88,86.54,69.60,10.21,68.67,41.46,6.96,80.50,84.05,56.49,19.93,0.78,47.39,37.55,71.75,83.16,26.24,86.01,40.61,39.97,26.26,98.31,79.25,25.15,39.37,69.46,26.64,85.52,20.63,49.22,54.82,99.43,40.23,0.42,19.13,57.88,22.32,12.53,97.18,95.06,13.54,35.74,64.31,2.45,78.46,8.94,91.17,65.99,51.63,15.83,76.12,62.31,48.98,98.62,28.97,45.02,97.12,15.94,87.51,7.20,91.40,15.69,77.38,65.20,59.56,84.36,5.75,26.04,84.42,2.40,48.25,27.06,2.59,76.64,10.40,76.89,17.89,63.58,58.53,26.81,55.43,78.17,41.29,69.77,34.98,52.82,62.15,97.59,49.71,16.90,25.67,47.42,51.03,64.42,13.87,9.06,79.94,14.84,54.34,44.76,41.36,92.00,43.52,67.82,72.06,67.48,37.35,9.91,2.21,54.35,54.36,26.55,40.88,92.77,15.26,96.56,41.00,70.39,30.97,10.62,28.91,81.76,38.76,61.29,75.89,44.28,65.04,94.92,87.39,3.34,52.80,64.85,59.70,14.67,41.31,14.95,78.85,63.57,21.94,57.13,9.18,33.33
p12,87.80,25.95,41.86,93.57,44.78,3.83,93.95,25.17,87.47,40.03,28.92,16.15,52.54,89.79,14.50,77.56,25.93,95.60,31.21,7.41,33.63,18.40,94.48,34.62,37.68,80.77,14.49,53.87,2.02,60.95,78.32,32.80,47.74,68.72,45.01,44.29,84.49,0.17,67.90,91.72,96.50,84.44,42.40,29.07,8.15,80.61,25.72,28.95,32.41,37.46,51.08,10.21,66.24,6.46,72.42,64.76,76.17,58.29,59.84,25.55,54.86,34.85,37.07,35.99,3.04,38.27,12.01,20.08,32.06,4.15,53.44,25.61,51.67,23.06,42.89,51.41,45.25,68.35,96.78,95.63,15.98,50.80,37.98,78.70,57.15,2.99,29.60,79.24,71.71,88.85,85.53,66.34,87.69,26.27,89.93,36.40,16.92,50.62,16.24,1.77,76.79,11.85,93.80,28.77,25.92,78.69,74.33,69.76,48.78,99.96,34.96,32.39,22.29,74.19,54.42,64.05,79.39,82.61,67.03,64.58,56.14,34.14,94.40,51.76,8.63,58.29,80.30,91.30,8.21,46.62,57.30,64.76,91.03,75.42,97.85,13.23,78.97,25.55,24.28,16.94,95.00,7.78,65.12,52.05,90.24,38.15,23.28,63.28,81.41,76.09,93.71,18.68,63.42,37.11,68.32,43.15,18.05,51.64,57.83,92.19,5.54,33.55,77.02,48.97
p13.1,1.22,59.63,66.50,91.89,15.66,30.84,36.79,33.04,55.96,45.88,36.36,24.30,21.89,3.63,42.29,64.79,12.27,39.03,95.91,64.85,78.18,12.62,1.37,2.92,25.42,65.86,12.70,28.57,22.45,21.17,61.12,21.22,28.10,27.55,73.22,51.24,74.65,92.72,45.88,33.35,34.00,31.43,58.23,57.98,74.12,43.27,19.17,79.95,26.19,60.62,87.23,38.81,61.25,60.49,77.17,92.16,26.04,27.50,3.59,20.94,0.87,57.00,66.48,12.47,7.41,32.81,3.37,58.82,97.27,63.67,59.39,56.19,14.45,61.22,58.99,24.05,26.91,85.85,68.01,22.26,89.48,33.09,15.85,96.12,11.97,27.30,22.63,66.17,0.48,73.65,15.31,47.19,34.83,10.68,24.95,59.84,60.64,61.61,37.18,33.14,75.47,14.20,4.43,0.56,56.34,49.73,25.88,80.29,71.14,62.00,55.10,58.01,69.17,97.79,11.80,21.99,25.70,50.33,2.49,5.62,39.83,99.42,55.21,52.23,57.28,99.45,66.74,43.34,30.99,64.76,19.13,0.52,39.35,54.66,40.35,77.12,61.42,80.80,43.13,43.19,21.44,39.60,75.09,19.56,56.40,35.38,77.81,74.86,16.79,30.98,44.44,36.44,66.12,35.10,70.56,29.89,75.08,11.42,43.39,53.67,36.29,0.32,17.53,45.93
p13.20.11,89.57,93.91,96.10,96.79,57.64,33.59,47.36,37.10,94.20,54.49,65.04,15.36,61.13,31.38,74.86,55.53,49.98,70.33,49.66,98.98,38.42,48.34,82.19,89.97,90.66,6.86,26.43,98.73,15.85,95.98,92.28,1.18,95.13,29.47,28.15,13.51,45.78,61.98,77.10,16.64,13.42,6.92,58.59,57.27,93.02,8.59,27.55,45.53,26.61,80.32,68.34,57.77,4.09,67.96,35.18,8.00,60.13,25.35,66.13,42.96,83.62,0.90,50.16,40.27,47.48,82.55,81.14,77.31,41.11,79.17,46.36,61.13,3.74,78.26,72.49,37.71,64.95,83.06,97.34,48.16,10.29,89.30,35.65,65.05,42.77,40.98,32.84,82.60,74.47,77.94,15.61,62.13,97.92,5.85,67.88,95.97,96.98,57.74,19.73,95.84,59.32,82.72,39.57,33.65,23.50,26.82,40.79,85.38,40.39,19.10,99.63,24.22,90.11,37.54,17.94,69.41,20.86,71.74,95.98,13.79,48.21,81.33,88.64,4.35,37.52,32.18,19.96,39.87,89.20,72.78,62.29,71.55,99.71,90.03,95.96,9.16,45.45,33.86,92.08,41.09,34.60,11.99,87.95,85.44,24.16,96.48,46.22,1.30,99.37,31.66,14.84,41.86,7.67,28.89,8.94,15.19,46.06,36.07,16.93,26.95,85.84,97.37,70.65,73.91
p13.20.12,18.32,18.14,36.41,54.19,36.20,37.02,9.94,12.34,5.81,61.17,23.18,12.03,98.26,49.48,90.58,53.46,49.61,90.50,54.26,46.29,67.98,10.52,73.46,98.50,72.16,13.89,30.81,56.08,50.01,68.06,74.13,73.60,6.83,37.90,57.09,11.82,73.06,64.03,29.09,15.45,38.37,47.11,58.24,72.24,78.26,61.88,30.79,27.00,30.34,57.53,55.80,77.84,79.00,4.31,75.53,79.32,69.92,2.04,96.73,6.68,79.28,10.83,67.70,41.01,21.39,19.83,42.79,65.66,98.51,35.91,86.14,20.01,85.34,30.48,59.36,90.58,33.64,55.62,15.28,49.41,78.21,48.09,57.89,19.29,97.91,81.04,35.84,85.12,6.39,88.98,28.11,70.30,89.67,85.89,8.57,51.32,18.53,30.67,5.30,64.14,25.50,48.38,7.51,73.97,59.47,29.70,48.50,0.29,2.09,47.91,52.09,48.97,69.87,56.27,16.32,68.87,38.96,68.03,3.41,19.41,20.30,64.35,88.27,2.96,45.98,73.65,29.97,77.45,65.99,50.28,22.22,39.43,13.27,0.25,98.91,73.56,65.85,66.83,73.49,97.66,93.53,98.66,79.40,93.69,35.30,92.79,59.63,72.01,84.20,68.86,68.09,40.69,66.61,59.35,4.84,15.19,70.53,92.90,30.31,26.80,28.02,81.59,42.19,58.45
p13.20.13,50.25,78.88,42.74,32.11,28.58,47.83,49.00,67.63,16.07,54.50,66.27,94.31,4.85,6.55,45.69,19.84,31.83,29.99,31.86,36.80,97.93,58.61,83.53,22.93,3.77,96.92,89.42,64.99,18.57,48.24,33.98,7.68,89.49,24.77,43.83,57.28,46.71,93.17,8.32,50.58,19.25,72.73,9.29,51.69,89.21,18.90,85.87,95.69,64.59,81.07,25.28,8.92,54.92,63.27,85.52,56.74,15.25,49.02,76.27,80.86,99.33,86.07,86.95,46.47,92.98,8.75,58.09,2.66,34.29,98.89,44.59,48.63,12.70,99.99,49.80,30.47,78.37,55.27,4.05,55.56,80.01,8.77,89.85,15.58,34.81,29.03,9.19,55.61,81.19,35.07,17.73,0.63,70.17,85.49,83.58,87.23,93.15,14.45,99.24,97.61,14.16,47.55,13.33,8.56,77.19,88.48,56.32,60.27,56.40,56.14,18.15,56.07,12.90,57.69,91.27,81.48,34.66,85.08,44.60,66.56,51.48,90.70,89.95,49.23,86.91,39.07,53.38,22.41,67.29,68.84,24.41,64.75,22.56,88.80,21.07,24.28,87.00,36.51,87.18,45.20,53.91,17.34,3.85,25.16,82.24,90.69,37.44,33.38,57.89,4.06,67.84,32.66,51.18,23.79,52.78,14.66,77.30,0.07,5.14,67.53,48.24,37.48,66.89,20.82
p13.20.14,55.66,36.90,20.38,12.05,25.04,16.70,41.24,49.02,61.99,34.60,23.34,9.32,92.36,44.76,76.21,81.36,90.75,48.99,14.44,50.24,13.67,58.95,40.87,49.31,2.63,3.56,71.10,85.81,31.75,8.52,67.39,30.89,57.40,27.75,34.91,90.53,26.88,49.20,85.34,44.63,82.83,4.42,10.98,18.19,9.40,98.13,74.20,47.58,14.79,71.21,65.35,72.01,16.83,38.25,98.96,5.07,42.05,61.19,73.41,12.69,91.30,17.79,81.03,0.73,59.53,92.73,60.78,52.82,12.07,2.07,53.61,24.95,69.23,77.16,62.25,0.14,78.33,94.14,52.72,41.83,28.27,63.72,14.61,91.92,45.38,29.95,95.85,23.03,25.38,69.82,14.61,25.15,95.31,6.76,88.10,31.20,30.28,8.70,86.92,67.03,48.73,85.20,53.60,10.09,19.47,20.85,48.41,31.97,39.42,88.26,63.37,54.13,1.78,77.05,81.79,65.75,33.78,28.28,43.44,86.89,83.44,54.17,34.98,56.32,75.78,10.26,0.37,54.81,65.71,84.29,82.18,80.47,83.21,68.59,93.53,90.43,28.87,75.01,66.21,61.75,36.84,98.74,35.02,3.40,82.52,72.51,20.80,82.18,84.22,29.69,86.74,46.27,46.99,96.57,83.71,31.54,96.56,85.14,35.02,78.27,70.67,63.95,67.96,57.03
p13.20.15,31.26,66.45,90.48,38.90,59.97,0.71,4.44,9.57,86.22,38.33,20.60,16.35,78.15,19.90,81.57,8.04,27.58,10.56,16.43,77.16,76.92,97.12,66.37,35.24,36.24,5.16,3.44,23.26,11.69,29.65,58.70,33.96,47.46,29.29,90.67,52.20,35.76,9.06,20.44,83.63,75.85,98.47,33.12,62.20,8.62,61.92,50.45,50.84,54.99,17.11,0.58,15.31,35.65,55.70,55.83,84.18,40.55,52.79,8.41,53.29,11.09,29.54,20.81,74.63,48.35,34.46,43.01,40.00,18.02,29.75,42.42,92.85,19.85,84.12,33.26,81.45,43.06,17.37,16.84,17.67,29.09,27.94,49.17,84.54,81.43,10.76,9.75,55.71,32.88,82.26,76.71,64.42,70.76,66.90,49.05,57.02,59.38,49.42,56.47,75.40,82.50,99.33,93.39,38.45,43.91,73.72,80.05,6.62,62.12,35.27,66.93,61.13,54.77,50.53,56.57,20.31,83.16,56.68,22.73,8.83,95.89,10.27,97.79,50.03,79.46,53.78,85.15,16.34,21.66,46.99,32.25,14.33,77.34,29.31,52.11,5.07,88.93,85.14,92.33,84.67,31.49,90.14,16.96,59.43,25.06,23.39,97.56,76.74,20.39,39.88,39.30,15.10,89.60,77.74,7.08,44.09,46.23,97.51,52.89,84.20,58.93,20.07,39.81,86.17
p13.20.16,55.12,46.35,11.43,54.96,23.90,57.38,1.89,17.97,3.75,23.93,52.80,4.33,62.71,12.17,0.03,20.40,69.54,15.68,94.86,44.83,51.11,94.52,86.67,17.43,1.10,64.99,35.03,49.68,79.22,98.92,99.89,88.50,25.41,55.10,52.22,82.26,65.96,35.55,33.82,53.49,37.77,57.40,60.44,22.18,13.43,3.70,81.87,25.52,82.02,45.70,93.33,14.38,81.44,76.07,56.04,28.62,41.38,75.84,26.06,58.28,70.78,43.47,35.31,32.83,21.31,41.04,17.06,93.97,47.58,37.72,80.76,47.31,76.70,3.13,17.97,37.58,56.71,9.94,62.52,29.51,39.25,60.91,92.12,59.09,84.27,99.09,4.66,0.71,54.79,34.19,72.58,24.84,0.12,74.74,40.43,73.86,93.31,88.98,2.05,23.53,13.82,87.32,45.76,92.95,70.80,80.56,69.50,32.06,99.89,88.90,70.68,33.28,39.05,52.53,3.52,65.70,71.26,94.63,96.59,8.41,49.99,75.70,45.84,3.09,12.99,81.00,59.20,54.35,76.21,83.60,29.70,4.38,44.79,22.05,34.03,33.12,42.12,55.88,77.34,42.04,43.63,49.08,88.67,78.09,93.04,33.11,42.17,93.00,96.72,31.41,87.09,28.36,56.34,94.67,32.52,54.57,37.58,25.32,53.33,88.95,95.75,95.82,96.59,78.40
p14.1,69.25,9.58,28.32,41.61,27.77,26.50,15.65,74.90,68.93,64.87,82.29,0.96,89.40,25.37,45.16,22.08,63.89,73.31,81.73,64.27,0.89,43.86,38.37,20.80,18.08,90.26,52.96,65.18,62.50,67.82,71.43,59.83,85.09,52.01,30.57,93.98,3.61,54.99,73.51,56.31,99.54,51.97,31.94,19.66,51.85,72.52,9.18,37.98,82.24,20.99,74.22,6.72,71.39,72.01,41.50,64.45,86.92,73.21,60.38,78.74,16.27,92.80,10.67,19.33,43.74,84.23,69.11,16.22,12.31,84.15,68.01,63.71,65.83,74.10,40.65,53.44,53.12,85.04,37.17,25.19,98.18,11.31,53.04,53.12,90.46,21.87,17.97,93.50,94.51,75.69,73.49,44.22,17.64,55.50,88.13,64.20,4.52,13.72,84.43,97.69,94.30,52.00,84.27,55.81,7.32,35.68,99.95,8.73,88.97,47.68,23.19,14.58,13.79,45.70,30.04,69.05,75.86,53.25,61.26,48.05,37.02,10.74,8.72,69.97,6.63,74.84,78.82,56.99,50.24,22.36,75.27,59.17,82.11,72.49,28.02,11.61,65.20,76.70,93.09,36.28,20.54,29.85,11.55,89.25,75.39,52.01,3.76,14.08,39.99,73.99,16.89,38.97,7.69,94.15,22.37,56.14,59.83,43.31,95.57,77.51,45.09,13.71,41.39,54.78
p14.2,51.79,17.64,1.67,90.87,86.15,30.39,81.07,24.47,87.47,99.14,72.18,59.11,8.11,73.55,65.73,75.84,74.68,91.34,72.27,64.49,56.42,15.66,17.03,14.37,10.78,68.17,27.43,90.58,92.57,35.55,71.11,48.37,83.92,78.22,25.86,31.28,38.93,59.34,41.34,25.33,94.60,98.61,16.71,82.91,4.36,30.75,33.90,42.44,55.09,86.05,96.49,81.99,33.70,92.41,38.23,10.69,75.71,34.74,95.44,92.75,73.55,59.08,46.64,62.32,74.15,31.98,52.05,84.15,95.23,61.88,66.95,18.48,47.03,63.53,68.42,52.04,75.70,16.96,14.00,68.08,25.16,20.31,85.23,26.27,42.02,97.72,44.29,23.05,16.51,63.33,27.20,45.02,87.94,70.88,85.47,76.81,23.34,18.83,52.51,3.11,97.05,45.38,56.31,6.14,24.71,34.12,25.15,87.29,47.32,14.01,7.82,86.40,7.26,59.77,16.17,78.74,74.19,2.04,44.92,72.80,91.16,4.22,18.66,35.11,92.73,1.87,93.18,34.76,66.03,68.14,23.19,14.88,87.43,51.19,80.49,82.83,25.70,78.11,74.05,82.12,95.10,38.67,83.63,31.56,95.98,72.65,82.47,35.32,52.30,87.14,3.79,87.71,32.31,83.13,19.12,56.06,51.73,57.89,44.45,38.85,14.54,14.00,94.29,94.39
p14.3,37.34,32.55,38.50,56.19,65.09,0.52,30.57,97.86,69.46,36.42,34.00,89.54,60.15,2.67,30.79,72.28,91.19,83.95,1.33,74.92,28.37,60.15,47.24,66.59,22.02,33.61,23.85,65.89,58.81,13.86,65.53,17.78,1.97,34.19,1.92,75.05,1.39,90.01,56.33,49.85,59.05,62.18,52.90,97.93,61.37,67.54,11.30,95.09,8.46,47.62,3.04,28.04,46.70,3.84,97.81,87.78,88.36,2.95,38.87,84.10,63.36,99.58,33.42,95.83,26.46,2.53,56.75,50.44,36.90,67.35,7.57,75.45,88.79,59.22,23.70,2.64,90.80,24.30,97.92,8.20,79.63,64.27,95.79,17.02,59.99,77.84,30.33,74.90,34.26,33.29,27.87,81.54,36.61,87.45,21.59,30.96,51.73,71.82,11.91,73.35,75.39,36.05,42.10,25.09,83.29,14.90,70.87,51.06,94.39,55.04,47.25,56.46,33.08,82.29,6.48,45.09,91.72,90.01,57.92,28.57,89.43,27.67,38.10,49.32,50.14,95.46,16.28,81.09,38.82,21.78,93.93,12.68,72.36,4.47,81.16,15.44,75.22,86.52,72.95,99.75,78.53,7.76,31.75,82.98,93.48,82.06,36.66,66.86,86.38,93.46,24.99,3.68,49.27,8.61,86.18,67.21,51.34,78.48,10.52,44.71,41.17,43.44,31.68,32.41
p15.a,95.89,70.98,37.02,29.87,41.39,77.23,10.42,40.39,23.44,10.07,85.03,88.04,49.71,1.50,35.35,7.01,4.68,98.27,11.59,38.73,34.21,83.63,27.60,24.53,57.42,45.72,57.51,17.44,82.17,61.75,2.25,79.39,96.02,21.05,73.55,46.54,80.20,2.09,54.61,91.78,36.97,85.83,24.75,92.66,44.44,12.01,36.27,92.18,0.75,53.75,52.82,5.03,61.15,81.11,29.64,0.45,40.56,70.01,38.31,72.44,44.02,71.07,91.21,1.27,37.71,19.83,12.08,30.61,4.33,50.01,69.93,17.72,38.82,84.71,63.90,50.59,34.64,31.16,71.95,13.20,69.63,79.11,48.43,67.87,95.42,52.34,23.12,18.05,2.05,61.42,27.42,45.18,33.54,57.20,53.25,22.21,78.30,76.90,16.26,95.83,42.54,74.27,54.84,98.98,91.99,46.08,38.44,5.06,4.71,27.81,77.26,42.06,31.25,22.02,86.01,43.78,74.01,82.37,8.33,91.74,36.84,11.10,85.63,9.78,14.91,56.60,67.18,20.89,80.03,66.61,17.28,69.30,81.67,85.09,86.68,51.72,70.13,37.53,92.60,81.75,21.15,95.74,44.35,38.91,23.35,28.26,94.26,31.41,25.50,61.85,56.95,77.73,41.60,51.53,0.47,65.67,71.39,23.96,13.56,6.30,38.35,65.02,86.83,38.25
p15.b,53.69,87.75,8.47,39.48,37.90,38.86,11.77,42.48,36.52,7.36,88.04,59.87,80.15,81.04,23.21,65.05,10.83,52.40,46.76,39.53,61.84,48.92,34.98,25.86,72.35,51.16,87.75,31.21,36.70,76.65,61.58,78.30,6.23,56.78,50.84,74.52,54.31,70.96,50.15,38.19,3.97,56.04,3.48,74.76,25.68,15.23,98.45,10.78,90.73,92.29,96.31,5.69,80.92,72.38,78.83,91.35,45.53,8.15,33.86,99.91,77.83,32.14,29.76,11.12,48.52,51.79,8.49,77.90,11.10,99.79,15.62,44.21,44.74,16.04,79.46,1.84,34.38,0.73,88.31,44.77,42.39,95.61,2.54,15.67,53.22,45.12,26.11,33.55,54.32,47.64,5.79,86.61,73.58,85.72,44.60,26.87,37.91,41.84,84.85,41.26,55.83,42.20,43.18,76.74,53.68,36.41,72.07,60.14,27.44,18.68,51.36,95.37,19.57,56.91,48.76,47.39,98.21,67.81,88.83,1.54,2.16,52.05,26.46,30.56,57.95,78.53,24.06,46.88,68.49,8.77,63.18,3.59,6.34,68.10,1.72,14.56,97.98,83.84,5.07,82.65,28.14,52.03,15.40,20.11,22.66,47.46,47.96,45.58,80.05,22.63,35.75,65.57,12.11,94.04,7.13,95.22,83.02,48.74,90.55,15.46,80.01,72.57,70.99,11.23
p15.c,56.20,92.20,82.38,36.19,69.79,51.37,4.47,18.73,73.77,56.08,67.10,9.49,61.63,87.34,26.23,26.88,16.64,22.10,92.09,98.34,97.55,15.84,89.28,22.95,11.24,18.62,0.17,81.63,32.90,15.76,92.93,99.48,49.08,58.04,4.87,33.27,88.16,55.97,62.46,96.12,80.23,18.50,57.32,98.92,4.83,55.40,79.21,59.21,14.37,53.04,68.67,87.68,51.07,27.79,68.63,10.81,72.26,70.22,13.04,96.26,96.24,77.02,27.84,62.03,67.86,4.48,82.34,82.30,91.26,83.66,89.84,77.20,23.52,21.73,27.66,56.59,66.54,82.39,54.30,37.33,28.38,35.25,24.60,26.77,37.34,56.81,5.57,83.74,46.21,27.17,97.66,10.81,14.32,79.46,42.09,19.61,13.72,12.30,79.06,47.59,44.19,66.90,71.93,0.54,22.41,96.72,0.82,91.00,30.17,55.13,28.56,22.87,61.91,53.98,76.04,50.83,17.73,60.38,26.74,19.14,12.84,29.40,81.02,77.41,81.98,0.61,93.87,46.37,91.25,74.35,81.86,96.05,80.89,98.47,31.09,95.12,5.08,37.16,48.09,26.76,65.38,75.25,45.72,22.01,88.33,17.28,38.82,11.51,54.90,97.36,2.58,94.63,43.27,12.53,86.35,9.68,7.95,13.97,84.50,93.88,0.82,22.89,73.21,29.18
p15.d,83.13,16.09,31.83,23.10,70.91,86.66,25.46,25.82,76.40,14.27,34.20,83.09,33.65,20.55,78.70,77.74,2.33,85.80,54.78,76.49,80.10,34.42,61.28,12.70,19.97,35.80,14.82,70.91,20.38,80.35,8.40,86.24,20.67,29.19,8.60,20.04,98.42,86.28,92.54,56.61,72.85,0.46,43.27,95.93,69.09,99.01,11.26,69.45,84.59,35.73,54.58,8.33,60.12,17.34,55.50,94.00,33.76,3.03,17.64,67.60,85.70,7.62,15.31,95.29,37.57,76.59,60.13,20.36,57.74,11.20,97.71,86.85,87.41,42.16,5.59,71.60,79.81,10.83,88.78,64.20,68.93,53.30,85.92,34.13,17.90,71.50,30.37,84.39,62.75,34.11,5.62,2.99,4.51,89.41,95.59,69.15,35.45,38.72,17.74,78.72,49.01,53.06,7.79,33.09,37.94,55.70,41.43,1.12,67.53,16.56,32.24,96.29,6.35,79.11,84.61,86.72,24.25,2.34,53.18,70.77,55.30,98.69,12.99,35.87,71.26,72.46,94.91,1.36,35.10,9.08,95.50,54.56,29.67,54.56,14.20,19.75,3.88,62.38,23.48,50.25,8.72,85.25,43.76,48.34,35.01,74.82,41.75,94.73,33.29,19.93,69.32,15.96,44.44,85.98,18.78,92.86,72.41,33.76,74.35,63.43,47.36,21.08,48.00,97.94
p15.e,35.07,97.48,79.33,74.23,81.79,98.44,95.86,91.51,99.93,23.88,91.07,35.27,31.23,58.76,75.15,29.14,62.56,87.93,57.56,20.41,59.91,60.29,15.71,88.40,42.01,16.94,50.46,65.12,68.44,35.03,90.98,68.80,5.09,88.40,59.05,58.46,59.81,46.27,96.83,85.34,32.47,46.43,76.82,51.93,57.08,55.95,97.28,99.22,50.46,66.41,15.29,8.33,1.03,28.75,49.52,20.17,40.09,67.37,94.46,31.60,19.36,37.69,85.98,87.95,67.01,54.68,9.75,81.14,84.71,77.79,48.98,82.91,36.89,22.01,71.37,5.99,61.53,88.61,41.06,83.12,15.80,92.41,63.78,60.40,21.41,72.38,81.06,18.03,5.16,84.21,10.62,67.57,32.37,24.44,66.18,82.19,23.96,34.18,49.00,39.48,54.67,94.71,97.95,57.72,47.96,31.78,63.60,19.48,93.50,74.24,93.28,84.58,7.07,46.77,33.24,51.24,10.50,1.45,76.37,2.75,55.21,2.92,34.52,47.82,3.85,86.14,43.09,35.34,14.08,9.97,65.05,28.91,98.54,89.62,12.21,7.32,54.26,95.47,49.36,50.02,11.32,69.29,53.86,20.30,68.62,85.24,28.00,72.36,61.94,32.01,39.82,90.16,52.83,89.02,11.39,13.34,70.06,37.04,11.13,34.60,30.53,25.19,58.46,34.94
p15.f,24.19,48.47,38.18,72.51,78.07,27.99,54.91,44.12,67.28,88.14,1.14,16.17,88.57,95.30,32.45,76.76,46.23,42.43,32.48,95.28,73.15,99.54,79.75,74.72,97.71,23.53,92.10,64.65,10.42,19.57,26.61,30.97,87.20,10.06,22.10,50.97,39.18,65.43,95.68,85.33,95.73,20.88,15.17,67.59,60.68,62.17,67.66,23.82,98.37,58.66,61.78,85.02,99.10,59.19,64.46,16.02,81.82,57.56,66.01,14.26,75.15,80.14,79.61,90.97,50.26,33.98,51.42,81.77,47.85,92.23,39.85,20.05,77.53,30.99,0.59,84.17,56.33,5.44,11.57,36.36,47.88,96.73,67.18,53.94,32.88,1.87,9.29,19.25,45.32,45.24,46.56,27.67,92.22,92.53,21.64,48.07,78.15,51.56,61.36,84.28,69.98,36.51,8.93,90.61,38.03,89.77,19.23,98.93,64.52,74.02,2.85,11.41,33.34,57.33,66.41,90.53,15.04,34.94,67.94,8.95,69.97,61.98,94.63,59.13,51.82,84.03,48.38,18.19,60.75,58.37,74.10,28.25,22.27,24.70,29.80,68.73,99.91,98.86,95.38,3.19,89.93,35.31,39.66,43.49,30.56,69.31,16.73,57.66,8.31,5.38,74.57,64.59,24.50,84.66,3.19,13.26,77.87,7.28,44.14,95.76,52.99,10.88,23.89,65.70
p15.g,91.14,95.69,26.44,64.80,98.64,31.18,46.17,49.03,32.85,28.19,11.84,84.23,94.94,87.18,18.31,47.43,11.57,40.30,54.66,54.06,88.50,86.44,85.50,2.80,96.71,60.58,0.36,18.89,65.70,96.84,54.04,44.45,70.84,92.39,68.14,48.99,68.41,9.52,94.10,7.87,73.11,27.20,47.42,16.07,37.12,19.46,52.49,78.52,9.25,28.76,13.62,9.18,43.17,22.50,96.06,10.32,44.16,95.52,45.40,0.13,34.15,53.82,63.04,17.40,37.06,53.79,3.35,35.10,65.03,76.81,57.80,38.01,84.63,24.83,1.45,30.40,0.54,60.47,78.23,48.17,44.25,93.28,19.61,45.90,44.57,90.34,40.41,55.67,60.05,35.01,97.21,31.21,61.48,82.52,82.74,91.56,75.74,8.38,8.99,6.45,53.30,2.32,86.97,23.41,81.93,19.75,61.83,97.47,6.75,45.66,74.37,25.17,79.96,69.23,29.08,71.82,68.79,82.98,71.37,51.88,30.55,19.98,12.49,5.81,7.58,79.91,7.03,53.29,52.46,95.07,57.59,69.94,4.75,70.58,52.56,62.50,96.32,42.87,20.26,63.41,11.15,86.63,37.93,52.70,53.68,66.63,67.82,35.40,99.10,22.66,74.36,14.43,29.56,27.21,57.05,18.98,1.01,61.67,82.44,45.24,68.04,19.76,35.39,67.02
p15.h,12.18,53.76,75.38,27.36,90.06,67.99,16.20,64.33,80.12,47.56,3.46,7.74,43.04,81.33,71.17,62.52,0.46,41.36,3.73,18.95,83.04,86.00,68.37,76.62,4.88,34.93,35.96,37.51,59.22,5.73,98.52,45.31,72.97,93.73,73.74,16.21,75.67,86.82,92.54,16.26,87.14,46.34,90.94,56.26,44.59,34.39,51.45,55.61,20.49,14.52,51.61,78.33,62.52,58.16,46.59,59.78,99.99,73.71,71.82,17.34,95.25,34.98,5.82,73.00,70.17,56.82,10.98,97.92,36.42,20.44,16.62,23.87,8.83,96.89,67.46,42.12,7.25,65.63,40.13,48.27,44.01,1.44,69.87,6.74,9.08,55.80,9.70,89.45,23.35,31.51,95.80,45.42,95.22,3.92,10.78,51.15,35.71,30.34,93.16,52.32,56.96,51.61,11.05,36.69,65.93,18.42,95.27,62.00,22.25,45.37,74.75,64.99,34.46,92.04,85.97,0.29,42.68,93.66,64.01,41.21,73.46,27.47,16.14,55.79,88.65,90.77,33.41,91.47,62.05,37.71,59.99,92.49,90.81,66.54,60.90,53.37,95.53,27.14,96.41,57.44,38.84,83.98,85.57,48.00,48.15,27.18,71.17,69.66,2.76,16.40,46.98,87.73,41.26,45.74,15.27,98.67,92.85,1.90,44.36,81.21,4.21,28.39,77.13,57.12
p15.i,73.78,3.91,44.11,0.34,78.57,34.26,88.23,0.59,17.84,59.51,97.99,72.90,54.75,2.60,91.40,7.90,67.67,7.01,49.94,63.91,79.00,75.04,18.25,28.13,65.43,20.60,60.46,34.68,55.28,98.61,24.69,3.25,92.58,98.87,3.01,52.13,13.58,29.66,54.84,56.74,26.53,55.07,59.62,27.28,69.29,21.15,85.03,7.19,13.12,10.83,68.95,85.32,10.65,82.70,3.78,0.29,5.06,16.85,88.77,88.04,68.48,97.67,9.46,76.22,35.76,7.68,32.12,15.16,60.66,34.70,55.44,71.54,59.53,92.56,82.91,0.67,46.86,83.87,98.20,56.45,16.35,12.34,96.05,36.58,95.58,9.34,74.71,41.41,54.48,67.82,42.66,88.57,59.95,83.02,35.71,97.17,11.83,70.38,59.76,19.87,4.58,89.66,91.95,17.74,87.38,14.13,84.23,7.71,85.43,81.92,48.93,57.76,77.58,66.36,65.16,15.92,95.75,46.65,2.71,64.99,83.57,91.88,11.21,22.40,99.61,0.63,30.54,28.02,56.75,93.60,43.06,36.24,44.97,10.07,17.54,77.49,65.85,55.91,87.20,72.57,26.63,71.75,6.68,36.80,40.75,37.81,69.94,42.66,23.82,79.52,91.80,60.98,30.26,82.89,98.78,83.68,26.42,59.62,72.34,33.56,1.49,5.98,59.53,28.37
p15.j,65.93,58.61,98.49,91.38,62.20,1.49,21.00,48.29,50.18,83.10,78.06,85.79,75.52,48.22,33.95,37.92,3.50,79.64,43.56,20.68,92.01,44.42,36.90,73.01,23.91,22.76,34.30,87.16,52.31,55.99,28.58,4.96,61.24,51.76,22.59,56.59,74.11,95.78,34.85,9.21,33.27,97.54,2.89,46.88,66.18,74.93,60.35,34.76,65.56,46.94,15.61,61.57,54.08,26.14,10.33,8.48,98.48,37.83,60.42,10.91,32.14,73.64,34.32,66.71,2.09,73.18,28.74,72.14,72.40,33.61,22.84,93.42,66.01,6.67,83.01,98.44,70.43,48.05,70.87,62.15,87.95,30.56,40.39,52.14,99.62,16.87,95.18,39.20,58.28,95.85,73.72,68.72,85.51,9.25,50.67,31.69,36.78,60.46,2.89,63.45,2.87,58.48,15.50,51.00,41.81,21.33,47.42,39.62,16.39,38.55,10.85,90.36,29.49,2.66,49.76,86.26,47.03,97.67,47.95,61.04,43.79,90.68,74.82,28.56,76.01,15.61,68.78,75.89,39.07,0.71,97.93,97.10,43.06,71.50,28.86,17.63,18.07,98.85,12.43,96.55,76.89,3.25,17.26,47.62,47.63,57.83,16.96,85.86,53.42,46.43,69.29,88.53,58.95,75.51,60.43,64.27,34.80,0.33,6.36,0.36,95.44,25.31,21.82,60.63
p15.k,27.60,14.56,27.37,74.31,75.27,8.71,47.62,33.23,99.83,76.08,93.84,97.94,49.35,57.95,18.09,90.94,36.70,86.22,29.18,96.41,14.83,44.40,33.44,33.69,16.52,86.75,83.71,62.29,11.96,60.67,77.04,20.23,83.25,20.78,15.87,24.31,43.52,61.03,70.05,8.15,35.11,25.08,13.18,38.26,55.27,11.49,0.86,46.95,17.54,31.22,22.77,72.27,37.75,38.29,62.38,29.91,61.85,0.71,90.73,49.23,95.05,77.60,80.35,44.65,55.70,9.92,39.35,92.79,84.03,71.97,63.21,56.37,32.49,37.29,46.68,41.00,90.82,40.99,70.78,24.18,61.49,84.21,60.07,98.40,73.76,98.97,23.01,26.53,53.96,20.49,69.78,44.92,10.13,51.09,7.73,68.92,80.28,81.88,26.17,27.80,68.06,21.05,41.53,59.52,90.12,74.55,39.68,11.05,13.56,73.09,75.88,56.52,6.24,45.84,14.74,69.31,71.64,31.03,31.01,42.61,9.60,13.19,26.58,80.76,49.46,89.88,45.42,41.04,69.73,28.38,35.26,21.80,2.56,37.88,98.17,0.71,86.19,15.73,51.09,44.71,91.79,72.58,31.85,49.89,38.58,90.76,25.71,3.36,53.29,60.85,86.01,10.70,16.40,63.44,47.68,67.01,23.53,3.22,47.33,98.96,4.04,73.54,94.56,29.97
p16,58.18,11.15,73.50,27.28,48.51,81.73,50.95,80.40,88.52,98.13,27.65,34.19,26.49,95.63,64.85,80.58,29.08,93.71,57.15,59.14,66.79,25.70,42.54,96.85,26.81,85.10,90.97,50.93,54.36,55.17,10.25,99.63,15.63,2.76,72.54,57.80,64.57,53.44,14.71,77.82,87.05,7.49,50.88,28.47,46.04,86.41,19.75,4.63,70.02,5.41,6.36,94.58,43.83,86.99,59.32,90.04,41.81,12.47,14.89,90.97,99.28,77.05,11.88,1.44,97.64,48.74,34.91,82.54,74.04,12.57,11.19,18.74,26.53,82.99,65.05,15.11,84.75,63.41,13.02,81.71,82.74,50.89,76.27,11.39,42.59,26.94,77.71,44.25,85.21,17.21,17.33,35.11,56.98,3.13,27.46,44.50,97.52,63.34,57.42,43.97,31.85,94.31,58.23,20.38,26.98,2.78,92.02,84.57,99.63,40.62,92.43,12.20,92.08,81.76,64.52,98.28,89.30,70.21,35.48,38.24,43.19,79.52,64.45,2.46,53.42,11.50,54.24,24.80,62.70,79.05,89.94,16.95,88.53,69.34,1.31,80.63,28.03,67.23,42.58,7.83,40.95,45.47,73.08,20.73,29.58,30.91,30.49,45.89,8.89,40.58,27.53,75.86,40.22,79.73,58.95,70.74,6.17,75.49,24.52,9.41,3.94,83.28,65.02,99.83
p17,31.20,48.96,38.58,29.74,14.09,77.81,54.23,38.01,77.27,60.77,15.08,93.53,65.17,19.55,24.31,31.10,11.97,17.14,24.63,8.51,73.97,29.45,43.94,1.86,48.83,87.01,39.19,10.89,85.96,43.65,62.62,36.44,76.74,8.48,65.81,45.92,14.56,57.38,18.40,37.97,8.18,94.18,3.39,60.14,44.30,37.87,89.54,79.06,75.74,72.38,68.38,26.41,99.30,99.38,46.80,44.20,17.77,81.02,98.45,97.64,39.13,54.02,71.41,83.56,73.39,46.95,99.18,18.74,25.00,92.33,26.98,96.65,45.44,89.26,13.14,63.98,42.04,6.59,17.64,60.71,52.03,88.93,40.99,77.56,69.79,55.80,22.60,85.05,44.24,56.26,64.65,44.57,29.88,58.13,7.22,81.70,2.98,33.98,78.68,4.09,30.01,57.24,70.09,68.30,36.58,4.09,65.69,38.94,74.22,41.67,75.11,83.53,77.87,70.10,17.38,99.77,16.07,96.44,51.53,33.89,32.50,97.40,68.63,48.61,99.95,19.09,94.13,62.03,58.53,37.72,23.31,39.69,18.65,8.91,35.01,20.41,75.09,94.28,83.46,2.38,35.23,44.98,22.72,10.97,56.41,53.43,50.68,20.18,71.52,51.93,59.31,92.22,62.73,59.17,60.29,51.21,51.91,32.92,15.64,46.99,53.23,39.30,0.32,10.05
p18,8.33,67.21,4.54,46.56,85.41,78.80,6.32,17.91,23.43,50.14,88.18,65.28,91.59,93.55,92.40,27.06,27.20,12.01,27.95,62.95,51.23,52.56,16.93,32.27,60.90,14.60,47.65,40.62,75.68,77.69,62.80,67.59,93.25,66.49,92.43,89.75,23.40,25.58,60.15,88.55,59.38,28.58,16.36,72.40,17.85,91.89,99.77,91.11,15.73,49.24,2.81,21.87,31.19,4.44,39.26,75.38,87.52,90.20,98.44,65.61,80.95,31.51,87.11,43.96,81.09,48.84,63.12,74.85,41.85,23.80,34.52,69.30,99.86,82.90,77.51,58.38,63.72,36.79,28.39,86.23,5.05,79.89,27.30,13.44,9.58,62.53,19.65,88.12,8.10,47.49,45.76,22.04,65.05,39.11,82.46,89.30,48.83,14.30,31.75,25.62,17.21,14.20,5.11,73.52,37.05,83.60,88.74,74.74,31.81,81.00,88.23,5.74,21.52,1.62,78.64,10.19,44.27,64.51,85.83,3.18,10.21,1.85,34.60,76.95,60.59,95.44,1.69,8.32,76.88,25.95,45.14,25.71,21.92,81.06,76.07,9.95,1.05,20.72,35.13,58.54,27.70,24.53,98.31,44.44,73.36,6.47,63.95,95.94,75.22,64.52,91.34,13.69,31.95,52.09,56.50,16.22,25.39,61.28,57.68,21.23,1.64,9.27,2.91,65.78
p19,41.30,95.78,79.47,42.46,7.66,23.84,91.33,63.56,98.22,26.07,94.56,0.29,49.54,13.93,11.81,72.46,64.40,44.18,31.50,31.35,76.08,62.91,51.44,25.56,6.26,63.65,99.20,64.70,75.55,80.13,28.71,58.09,25.63,44.36,17.59,32.81,62.25,86.19,75.31,23.12,51.26,14.75,55.61,19.02,45.62,0.09,90.51,14.22,24.07,60.24,61.14,72.77,78.15,14.12,8.30,51.02,45.06,64.07,56.18,62.36,3.07,86.55,5.92,90.45,93.24,57.09,89.93,74.99,33.24,75.50,75.73,78.05,31.81,42.81,3.87,52.29,41.36,80.87,65.42,2.31,57.52,21.47,54.39,48.26,13.00,21.86,49.07,70.45,87.58,52.00,21.88,14.76,36.38,59.23,73.86,9.93,93.47,3.18,33.94,15.04,93.19,42.16,94.55,40.36,59.85,95.64,82.06,21.84,7.76,74.98,84.45,12.19,16.96,13.51,87.69,13.56,29.40,98.68,80.82,30.65,94.04,9.12,63.84,31.04,2.57,74.95,23.27,65.27,36.02,33.98,53.70,8.27,60.23,2.36,26.26,94.79,74.43,99.23,0.61,42.53,74.66,5.61,3.50,33.99,74.05,84.80,39.92,34.94,3.46,83.31,45.80,79.97,88.39,78.54,25.13,28.43,36.50,67.41,3.62,75.45,98.50,58.09,14.11,53.49
p20,97.01,37.37,11.89,75.22,85.28,51.94,67.76,14.65,74.64,20.26,14.28,49.94,14.96,56.69,20.21,12.53,87.43,3.11,85.04,24.71,71.01,52.22,23.50,10.71,4.14,23.42,51.91,31.98,45.52,14.42,98.51,60.26,2.48,45.91,7.38,54.25,67.08,70.77,29.79,80.37,32.21,100.00,28.41,59.33,98.56,84.77,20.06,33.28,10.94,9.59,61.32,82.06,32.06,35.54,73.65,69.31,92.55,20.59,7.43,76.74,79.89,44.19,47.61,99.36,85.71,99.93,95.29,12.13,86.85,76.34,98.43,19.49,8.89,93.41,34.18,68.23,13.49,69.23,60.57,89.43,21.76,38.62,28.88,65.83,46.53,82.35,41.98,51.73,19.36,64.51,3.59,18.05,53.39,51.28,96.02,25.57,87.93,16.10,2.72,83.67,52.27,56.84,70.47,29.22,84.80,93.31,82.44,99.51,57.27,33.77,75.00,23.78,32.66,28.59,18.60,65.10,61.01,83.43,20.09,96.32,6.23,82.61,19.17,35.55,3.85,33.31,57.51,1.11,56.54,43.67,37.85,44.23,15.41,18.79,68.61,35.92,43.28,81.22,28.46,99.55,82.64,89.00,31.86,46.67,56.95,76.35,89.92,33.10,22.30,74.81,87.25,25.88,92.22,28.08,39.98,65.91,89.89,38.13,39.98,73.26,41.40,94.66,4.97,49.94
p20.w,29.41,73.94,67.44,23.76,85.61,20.09,17.39,35.52,78.28,20.70,42.71,46.26,27.70,94.55,64.20,29.13,86.76,54.07,11.39,87.03,66.05,86.25,24.71,58.21,0.02,70.29,36.16,45.43,5.01,65.60,54.93,77.12,53.96,44.76,79.39,44.80,4.93,63.47,44.87,45.83,77.15,74.33,77.35,54.34,57.17,24.70,40.48,59.29,5.57,99.59,52.42,99.77,77.53,47.72,17.27,10.88,22.16,60.45,31.57,24.27,42.84,51.26,0.26,64.33,31.52,1.84,8.02,57.05,64.92,25.54,76.41,44.30,4.25,78.87,30.56,43.38,38.61,7.48,71.56,97.73,32.05,83.23,48.44,25.36,27.89,35.35,73.81,39.98,35.50,99.67,2.10,32.31,91.48,61.70,73.16,46.24,76.89,32.31,87.78,64.01,53.58,97.68,58.72,88.85,62.82,1.10,44.66,64.71,21.03,34.35,48.75,27.35,63.74,39.04,47.71,73.13,82.22,66.39,15.89,72.95,78.07,42.52,76.42,93.71,81.05,94.82,84.91,48.66,6.52,74.10,56.99,6.78,27.73,34.51,76.66,92.48,89.45,29.66,14.86,96.23,4.29,29.04,17.57,54.62,74.43,35.01,52.44,93.78,32.89,5.49,93.67,85.01,69.33,28.13,41.91,38.92,22.16,78.23,74.10,36.44,99.22,65.03,27.72,81.87
p21.1,21.89,45.32,6.82,77.98,0.57,0.64,6.94,96.34,65.47,26.40,78.76,14.26,52.70,25.87,17.31,57.96,58.60,9.88,53.83,22.22,2.20,55.59,69.35,52.59,4.00,51.67,77.90,28.83,38.24,27.58,89.72,99.13,53.20,18.53,46.14,58.96,55.87,3.62,79.69,2.58,59.60,72.73,79.40,71.34,7.92,94.07,76.73,67.53,39.61,39.61,69.08,9.34,67.76,70.04,73.63,87.62,47.77,47.91,37.48,45.65,78.11,67.97,80.98,76.31,21.82,54.95,2.08,94.17,64.76,28.32,8.53,98.49,91.35,1.47,85.56,63.93,65.13,89.86,25.25,77.22,53.57,7.60,90.14,45.74,75.82,43.86,69.72,17.70,1.65,21.08,31.36,91.66,62.98,20.32,91.56,88.43,64.32,44.61,45.13,57.70,63.39,23.29,55.01,22.38,61.54,84.46,65.92,33.17,55.36,66.10,41.60,6.84,90.57,68.40,55.96,28.83,40.11,21.48,56.78,2.27,52.36,17.98,21.64,26.42,66.21,85.57,91.13,33.03,78.80,81.81,57.37,80.80,96.02,34.72,15.35,36.73,29.70,53.27,17.33,24.53,15.10,57.34,89.95,94.53,19.57,34.25,48.06,39.33,19.00,12.54,65.89,44.57,68.57,89.10,31.42,46.81,1.40,39.23,47.42,38.21,31.52,1.87,50.38,67.69
p21.w.1,7.37,47.80,15.87,82.24,91.99,27.29,17.83,82.55,33.66,79.30,62.71,62.71,87.61,81.43,97.53,96.57,16.80,5.71,26.99,59.24,47.83,87.46,82.29,13.96,66.73,62.70,69.25,38.75,8.32,23.95,16.86,14.69,78.37,2.05,0.30,33.13,56.01,78.95,42.00,6.44,9.16,31.04,43.29,44.94,58.82,28.15,70.01,42.80,6.75,55.90,68.54,63.99,26.44,3.98,44.37,14.96,26.88,31.16,77.89,38.45,9.23,42.78,94.51,29.64,39.51,47.16,4.83,38.37,41.10,67.20,91.63,77.71,58.19,71.06,0.97,54.85,13.12,61.75,13.21,91.40,17.40,2.47,63.22,25.36,73.01,65.53,25.97,31.36,62.39,54.77,9.10,70.55,93.81,60.77,8.74,77.40,22.95,64.67,39.94,40.72,40.38,83.61,46.03,59.58,23.37,93.49,69.02,13.65,34.83,2.36,77.98,36.69,49.79,34.83,7.41,26.00,98.81,52.95,90.07,7.75,14.93,6.00,2.84,31.25,63.65,95.07,85.74,9.42,47.74,43.40,69.84,42.80,94.84,57.76,2.83,79.12,40.69,5.19,25.67,80.99,31.69,57.16,13.92,28.99,76.80,72.20,38.90,62.66,43.68,74.39,71.07,50.77,18.94,2.20,83.58,50.89,8.58,98.30,51.25,43.05,2.63,25.29,22.05,37.31
p21.2,18.50,20.07,96.11,84.70,10.24,83.33,31.28,67.66,58.68,87.66,84.56,74.01,39.69,32.38,13.82,62.06,72.31,45.67,20.99,0.64,83.70,9.34,27.78,79.84,31.32,24.97,90.62,12.37,34.01,35.72,23.19,5.60,5.16,19.09,55.36,33.21,66.70,79.94,29.97,56.03,29.21,16.33,62.34,92.48,92.87,21.18,9.67,76.55,69.90,25.50,82.77,7.98,55.20,2.96,28.71,8.00,62.19,2.22,22.56,61.92,70.75,67.70,74.80,58.15,93.75,78.12,69.57,28.07,33.30,4.20,16.87,62.30,11.47,27.45,34.26,82.37,66.62,46.46,33.98,76.27,20.35,97.79,44.12,49.20,78.23,89.85,36.37,63.44,45.61,19.02,31.63,86.25,18.41,50.97,88.03,97.61,40.91,51.57,91.10,64.22,89.57,37.35,82.50,32.62,36.21,7.88,59.64,32.56,82.08,0.66,33.27,1.31,50.10,65.85,44.15,58.12,86.23,49.36,62.66,36.30,47.80,22.43,21.10,52.76,45.35,67.71,17.60,86.27,44.60,80.96,26.48,25.70,14.87,7.33,2.34,82.39,39.71,42.19,63.96,90.83,16.96,45.93,63.60,22.49,63.92,10.81,82.12,88.40,3.79,27.50,43.38,37.70,86.63,33.80,53.53,99.80,6.46,45.67,2.63,64.84,61.83,61.78,27.14,60.10
p22,80.75,61.50,38.14,54.14,41.54,57.92,65.61,84.96,73.83,80.52,28.89,94.50,97.03,4.09,11.60,94.19,37.05,79.02,13.16,15.33,22.06,87.29,99.79,43.06,81.23,67.12,71.86,38.37,9.58,2.11,25.48,99.85,23.80,4.37,36.02,79.06,3.98,58.63,5.36,5.15,6.45,85.10,97.69,98.17,40.64,14.87,6.04,67.87,26.94,19.65,64.65,91.03,64.60,98.18,68.28,14.79,82.64,85.75,34.34,39.48,72.91,28.76,19.77,57.53,81.95,30.74,75.58,92.36,54.42,39.82,91.86,50.62,26.65,94.99,7.16,29.56,9.63,45.24,21.74,85.92,49.36,62.53,26.97,16.70,38.76,82.12,90.49,3.87,79.97,17.62,81.14,81.46,79.12,65.91,53.43,28.08,97.76,97.12,59.73,87.36,23.79,7.77,42.91,52.99,45.15,10.78,35.16,54.27,83.05,47.17,4.69,95.80,96.19,70.97,15.91,11.11,52.68,11.63,27.40,33.09,78.59,59.22,44.22,31.15,85.84,73.42,36.65,39.85,12.31,49.11,73.87,25.44,82.97,51.53,96.58,77.69,89.58,57.58,96.78,71.37,70.64,13.75,10.87,0.97,2.83,33.00,44.86,1.89,77.49,67.82,30.62,39.98,11.91,23.79,81.69,78.87,20.77,62.80,10.41,70.40,49.94,91.72,57.13,51.00
p23.1.a,80.54,81.99,62.36,15.11,19.03,88.50,7.65,85.62,36.82,58.56,90.24,46.48,82.35,57.11,23.57,57.80,52.46,25.78,36.71,44.47,39.36,59.61,31.65,22.13,68.75,9.48,28.61,27.52,13.77,22.71,45.83,66.90,16.91,99.75,2.47,58.00,84.06,60.13,54.32,93.46,8.67,55.82,77.37,32.88,71.49,84.08,90.04,77.68,28.98,91.08,21.96,64.20,15.85,86.44,67.35,55.49,16.88,88.80,9.48,58.79,11.48,82.61,3.17,80.85,25.49,6.81,27.81,25.04,60.12,21.09,96.94,53.04,99.98,20.13,12.64,17.91,53.59,57.07,9.78,83.10,34.23,33.68,60.59,53.31,7.75,45.73,97.39,27.78,29.37,89.21,32.54,78.07,52.53,4.56,37.93,75.52,58.51,95.65,91.44,94.70,19.23,53.66,59.97,38.63,32.09,0.56,94.28,10.12,78.63,38.01,69.05,51.84,17.83,51.42,66.21,61.34,4.28,84.46,20.23,95.25,64.22,40.39,71.74,48.06,34.78,18.43,75.78,90.86,38.06,45.64,58.12,37.88,48.85,69.76,65.09,32.08,15.90,71.63,54.14,48.56,20.80,17.55,71.88,52.25,57.43,33.89,18.11,73.15,97.98,22.35,94.64,48.88,9.14,42.63,18.22,58.63,17.62,81.21,85.72,99.28,27.64,81.32,16.13,44.77
p23.1.b,91.07,62.86,38.36,62.23,58.32,68.52,9.90,20.37,55.79,2.55,30.75,8.58,62.01,10.00,62.57,92.56,38.99,53.95,7.67,62.32,90.80,67.33,67.87,41.98,18.09,74.55,62.32,80.40,46.98,84.92,53.89,23.84,65.24,38.55,55.60,45.33,34.34,30.84,10.02,85.37,77.30,93.82,11.87,80.89,9.95,58.13,83.41,84.29,3.38,62.48,42.38,47.73,30.21,21.65,21.54,70.81,21.14,93.74,6.40,19.82,56.21,90.23,60.77,55.97,67.48,51.90,59.42,93.20,67.85,9.84,43.58,77.63,63.48,11.61,58.80,80.59,55.22,72.41,30.98,63.26,15.50,0.15,95.00,57.20,3.30,70.67,82.06,1.71,72.76,88.93,11.71,89.48,65.24,92.75,92.39,69.18,92.33,75.76,19.23,62.32,82.53,7.61,60.03,16.82,69.45,28.07,70.36,90.94,84.23,74.02,90.85,77.45,80.30,18.96,39.09,44.21,92.56,61.78,12.80,66.11,24.42,2.09,10.26,20.95,67.07,49.32,10.02,50.59,45.47,85.38,11.41,69.37,39.92,22.82,6.72,99.87,96.95,14.57,84.96,67.15,39.60,88.10,86.48,61.96,35.75,77.97,29.07,85.93,79.90,82.77,41.59,34.46,51.06,7.58,14.67,91.36,13.52,34.36,9.51,41.29,73.99,94.10,4.29,35.66
p23.1.c,92.91,12.47,48.76,56.36,60.66,51.25,43.76,47.42,47.44,16.45,82.18,61.60,41.55,29.13,22.61,13.77,47.22,65.57,59.22,6.35,49.63,2.59,64.14,10.93,83.75,54.86,22.62,51.48,56.26,41.13,37.38,67.33,10.32,39.85,73.54,32.39,22.47,5.91,28.23,87.73,17.91,59.05,31.15,57.74,32.42,80.29,0.80,28.03,88.07,24.23,77.55,9.96,32.45,22.49,91.33,98.20,66.11,40.15,50.55,91.44,37.17,83.54,70.09,36.53,92.77,70.39,42.71,45.17,21.33,34.36,91.80,91.31,79.55,96.70,4.33,20.49,74.79,12.66,67.10,47.74,17.69,49.37,45.61,72.77,49.07,40.94,60.35,68.34,23.10,57.61,23.01,64.37,63.34,62.32,33.63,4.26,73.63,90.49,86.36,13.57,48.39,14.98,18.20,71.80,91.82,61.13,26.24,96.06,81.35,44.98,48.03,16.93,4.37,11.34,28.83,52.53,46.39,65.30,1.16,14.09,56.16,48.95,74.03,77.03,37.35,88.67,14.15,2.69,74.21,80.18,50.18,55.98,36.48,26.37,65.17,4.03,15.53,60.06,54.66,78.01,16.23,10.02,74.13,94.96,71.43,79.82,79.13,93.32,79.82,24.33,73.03,53.90,21.27,92.29,29.18,5.17,21.68,95.27,74.87,27.46,57.16,54.29,87.56,17.88
p23.20.a,34.04,24.29,85.69,42.96,59.31,47.47,35.38,26.59,72.38,7.85,38.68,24.53,50.54,69.04,35.48,44.74,2.48,4.48,44.57,31.50,5.24,36.40,98.87,39.85,53.47,90.87,71.55,58.27,31.80,22.19,7.25,20.37,58.80,16.04,37.41,41.47,19.95,49.62,5.72,41.60,94.93,15.56,91.67,38.33,22.56,80.13,65.04,74.38,60.35,32.85,32.27,38.86,90.56,14.32,11.75,74.69,24.73,14.29,94.96,29.51,12.73,46.36,70.14,6.89,68.92,18.26,83.58,43.76,22.46,90.53,40.30,50.25,15.20,18.76,94.54,48.55,46.48,0.18,80.71,73.59,43.64,55.00,42.29,18.46,36.76,7.37,50.33,22.21,45.79,87.96,6.12,65.64,69.46,0.89,54.09,74.56,88.97,65.17,67.03,0.03,91.36,31.31,63.80,2.66,78.27,28.49,40.95,30.83,33.83,80.66,69.04,93.21,76.90,6.66,67.46,75.65,45.25,51.19,66.09,47.95,80.93,14.40,14.05,43.00,18.45,21.59,78.85,38.18,63.04,2.18,44.15,38.96,65.49,61.62,39.80,8.98,39.86,91.17,43.21,81.27,69.76,90.63,47.47,9.50,80.56,89.11,75.60,55.90,78.29,30.98,64.82,94.87,47.78,94.51,13.47,69.46,57.28,79.14,0.42,0.01,67.81,82.94,18.71,4.94
p23.20.b,41.81,86.66,45.82,27.15,57.78,71.09,68.55,17.45,93.52,20.41,59.22,30.20,30.02,76.01,79.56,80.99,45.10,0.84,84.80,3.12,15.27,37.68,72.23,98.06,39.16,34.18,76.66,56.47,76.62,55.35,82.65,65.78,35.65,39.24,24.17,56.70,10.19,0.23,35.40,18.93,21.65,47.72,71.82,73.51,29.08,26.30,59.73,81.73,49.96,67.69,68.45,42.67,46.00,5.88,86.05,98.75,34.80,29.49,94.60,30.31,57.76,93.61,17.72,59.09,56.02,60.04,9.39,9.80,98.33,70.29,66.62,44.41,60.01,64.22,44.29,78.27,62.34,81.25,68.05,61.96,58.67,65.53,31.23,44.14,46.92,61.44,34.70,49.77,0.62,45.34,27.31,64.26,45.09,2.66,72.69,32.30,70.47,74.40,72.66,16.57,50.31,3.60,8.22,51.47,59.40,74.51,95.30,16.48,83.32,62.22,69.67,32.44,68.98,46.73,64.18,76.71,55.48,15.17,73.67,7.93,11.29,73.02,5.16,63.52,22.81,87.31,42.81,25.40,74.67,35.57,28.77,90.56,56.49,90.97,98.64,73.80,92.21,93.86,10.57,89.40,72.23,3.38,20.51,1.93,36.50,65.90,93.14,31.92,76.80,95.60,93.21,62.85,67.27,43.26,67.79,32.76,8.58,55.39,48.78,93.28,67.81,31.78,65.76,16.26
p23.20.c,91.03,47.42,94.28,47.12,6.26,4.31,63.45,43.47,88.87,97.79,48.31,21.78,4.14,85.55,91.17,39.26,38.64,97.09,30.01,16.73,74.41,59.27,66.86,15.66,17.30,62.93,29.01,33.89,4.07,87.74,96.72,77.41,66.66,16.75,27.30,86.90,30.47,18.47,86.73,25.94,25.52,78.68,70.24,14.42,2.97,80.92,6.86,19.24,25.02,0.28,39.34,18.03,86.85,58.07,40.21,45.26,63.69,29.36,52.50,14.47,17.76,58.03,69.63,82.74,41.12,69.19,98.63,19.66,96.93,52.59,86.36,21.56,24.22,75.38,38.45,34.44,69.50,20.02,22.60,73.49,70.72,52.54,6.90,44.95,28.11,10.42,36.72,39.95,88.05,62.82,57.62,3.83,37.17,53.30,27.88,73.03,71.84,14.50,97.08,86.28,52.43,6.01,28.75,65.25,26.05,27.57,69.37,91.05,70.12,23.29,24.06,50.94,33.98,36.41,42.60,29.62,23.02,49.77,6.80,81.69,82.57,93.25,38.19,18.63,44.72,9.51,12.48,49.24,97.05,86.89,62.07,64.47,17.87,63.97,17.13,68.00,41.71,36.18,72.31,52.00,68.20,48.36,24.06,45.54,88.34,71.78,83.94,52.13,56.85,8.11,63.39,88.56,62.82,91.39,37.85,84.36,83.04,85.25,66.11,47.74,54.42,52.19,31.29,32.99
p23.20.d,39.11,27.49,20.91,90.51,88.97,32.11,46.70,77.80,99.84,99.43,2.57,38.45,49.28,73.25,63.28,98.06,58.31,70.92,72.18,63.82,99.03,40.70,35.68,81.93,82.18,69.66,17.34,73.79,85.40,25.90,69.52,88.29,93.55,27.79,78.38,52.52,17.94,1.93,26.55,50.93,86.19,89.93,45.83,84.28,70.82,1.92,98.98,22.67,71.94,59.38,78.33,46.04,17.97,25.56,21.68,50.55,16.94,13.69,53.02,32.26,28.94,7.59,19.58,49.18,74.81,19.28,47.83,89.73,63.16,60.82,58.22,6.00,7.95,43.71,97.58,66.03,49.25,78.54,43.56,4.64,45.28,39.17,59.98,98.52,33.51,0.34,35.93,27.19,76.87,38.45,25.38,44.19,79.77,75.26,65.09,49.27,23.62,19.33,61.09,44.61,71.43,71.30,10.53,0.17,17.43,97.56,58.33,40.37,46.09,69.07,93.71,94.61,48.26,60.16,2.69,88.05,73.66,60.22,75.70,43.51,87.72,8.36,30.38,56.69,65.44,0.60,59.44,74.29,14.26,64.56,56.19,89.88,53.11,44.15,67.52,5.70,8.66,46.51,37.60,84.26,6.77,11.64,48.39,55.49,38.66,0.31,86.93,30.08,52.58,64.93,42.40,45.55,77.56,77.67,12.38,73.40,68.51,37.48,69.32,86.86,17.25,34.06,32.21,53.34
p23.20.e,60.30,16.92,22.56,76.20,88.65,31.99,73.27,28.96,91.73,42.64,95.53,83.56,95.22,17.00,37.42,50.77,14.73,29.92,75.73,64.35,26.51,34.12,85.35,53.54,43.51,78.17,72.84,84.20,31.46,74.96,27.15,29.22,68.24,11.44,45.66,63.66,52.94,77.68,25.59,65.55,80.27,26.06,48.85,19.80,32.95,17.59,57.59,82.62,73.11,86.98,26.17,95.47,67.86,52.09,34.44,76.62,4.31,82.32,13.02,3.17,62.68,95.44,11.24,18.91,52.62,33.34,0.46,63.66,11.71,92.53,23.18,24.97,94.51,4.55,53.77,50.00,84.12,57.88,33.93,23.96,31.01,37.46,86.10,30.35,63.04,75.96,15.49,79.63,29.31,96.87,40.55,90.79,22.69,91.13,69.59,81.94,86.04,70.02,83.31,0.42,57.44,10.45,93.15,14.03,70.63,26.85,35.10,62.33,3.16,91.37,82.30,99.95,47.50,21.25,33.69,22.81,36.91,91.73,4.81,86.81,46.20,36.65,74.28,28.25,35.44,22.03,33.00,49.64,4.79,42.68,94.92,96.94,38.28,20.41,29.21,54.89,91.03,22.33,78.19,43.31,58.23,23.07,11.13,53.75,96.70,76.39,60.78,90.90,1.23,39.08,75.37,59.34,59.57,21.41,86.17,38.11,48.63,82.84,88.72,90.14,55.89,77.00,54.71,77.11
p23.20.f,18.66,30.47,1.42,76.55,21.65,29.18,62.29,0.42,1.30,17.56,1.44,92.31,90.03,59.21,2.60,25.16,96.02,44.90,76.07,98.92,32.64,36.07,90.53,75.52,27.41,86.16,51.95,26.28,43.08,42.64,64.37,92.26,80.14,77.11,85.81,93.87,79.21,46.01,61.53,62.51,54.99,31.37,22.16,84.52,68.48,52.18,14.30,28.48,3.51,32.01,92.70,5.44,91.07,72.84,96.28,71.93,26.47,2.13,24.27,51.02,82.66,4.65,22.73,41.69,48.38,97.21,7.35,1.65,58.40,96.31,1.79,30.76,3.87,19.23,0.19,65.66,8.77,45.09,92.47,21.04,92.59,59.68,97.00,33.84,96.37,36.83,34.90,46.82,98.57,33.63,13.14,2.80,5.62,55.04,36.16,53.46,91.42,99.41,29.10,9.63,76.11,97.98,37.90,84.95,68.80,13.75,0.46,28.76,50.76,90.72,0.63,98.94,47.67,30.00,78.82,61.46,21.65,78.68,71.10,78.86,36.84,76.04,83.21,39.17,29.10,22.43,20.07,80.56,74.94,33.90,49.75,42.65,19.44,92.99,74.89,92.92,91.34,11.07,0.14,50.76,69.31,89.93,57.29,35.02,38.12,17.49,95.56,75.65,89.00,23.80,22.56,83.58,63.92,1.21,13.04,54.97,6.63,84.02,80.06,92.41,67.61,2.99,89.42,1.09
p23.20.g,78.26,12.69,57.99,20.47,30.77,6.81,64.47,47.51,11.53,39.18,97.06,12.85,43.46,20.35,6.80,77.22,39.21,77.23,83.29,41.94,65.05,60.54,60.34,26.53,57.96,85.57,18.38,31.72,92.07,28.72,90.67,83.72,15.92,60.14,65.57,86.30,38.26,10.64,82.10,86.27,51.49,62.24,30.06,49.05,23.89,49.68,30.81,99.71,42.11,43.70,80.39,58.58,82.00,55.89,52.84,0.32,67.47,93.80,29.24,56.02,19.07,73.67,91.77,0.71,93.99,86.15,43.25,71.95,91.69,79.70,61.55,67.15,4.16,75.32,54.00,66.84,59.46,34.58,55.04,68.84,62.55,6.46,52.00,24.60,1.30,61.85,66.61,20.88,15.00,61.28,28.55,86.17,47.40,9.28,42.93,25.78,56.68,56.95,31.62,81.49,82.09,10.80,25.09,26.06,26.49,56.15,73.60,23.51,69.57,40.08,32.10,46.00,41.90,80.41,3.19,20.25,43.49,87.37,25.89,64.74,40.82,48.35,75.43,42.71,10.18,0.80,6.33,12.51,91.03,34.51,96.73,2.23,90.87,49.80,82.60,11.28,89.03,55.14,24.81,44.16,89.35,38.47,98.36,65.76,63.96,67.39,32.48,4.82,62.53,30.22,9.81,90.84,82.05,78.03,91.99,27.11,37.98,20.47,21.79,18.40,96.91,35.21,98.50,44.85
p23.20.h,39.91,92.85,31.97,71.76,5.81,15.50,20.42,69.06,51.61,82.98,91.68,63.32,24.19,90.19,14.85,61.54,8.33,18.89,29.65,94.17,43.40,32.91,92.01,32.20,53.94,5.15,30.22,13.78,19.20,84.98,40.17,74.93,45.58,92.79,51.71,96.06,43.03,34.46,66.85,68.20,61.23,14.44,91.52,54.25,36.12,2.20,76.81,87.58,7.59,48.29,85.83,92.96,97.49,55.38,95.73,3.93,25.07,72.03,82.48,0.85,27.94,92.63,31.62,49.05,30.97,83.76,90.11,64.41,87.58,43.00,51.25,79.32,45.32,26.43,17.11,24.98,92.57,27.78,98.80,97.62,60.57,41.18,52.99,24.57,97.78,2.51,54.12,91.39,84.93,74.01,71.06,76.17,6.36,32.39,53.16,45.97,23.51,64.11,52.52,83.14,78.22,96.02,55.71,72.51,24.53,40.29,88.16,4.64,7.25,38.22,34.56,67.86,57.07,92.82,21.62,51.67,5.87,54.91,13.95,13.66,77.88,89.76,11.22,49.62,63.59,34.40,80.83,11.92,22.43,4.45,54.84,51.49,33.87,41.78,61.88,79.95,74.19,11.91,88.62,69.14,53.42,98.74,20.02,58.94,77.26,74.89,72.85,19.61,18.76,22.10,95.51,59.59,29.87,54.78,48.98,15.15,11.00,17.51,30.58,9.46,49.36,63.85,68.89,71.35
p23.20.i,15.43,18.13,59.58,45.27,50.08,22.65,63.51,85.01,67.64,16.22,71.03,65.06,22.90,5.76,74.87,35.79,85.46,35.70,41.27,64.03,17.20,63.96,67.21,97.48,81.35,68.79,8.60,4.84,12.07,41.77,96.10,54.53,62.43,18.14,8.51,74.10,53.02,24.48,88.38,42.39,98.45,55.37,17.68,33.25,48.11,75.43,4.39,71.20,87.69,69.78,39.85,30.96,2.83,45.60,14.38,72.71,87.82,0.76,42.97,45.56,29.09,37.08,90.02,85.38,51.13,50.25,38.62,22.11,29.11,5.78,37.54,89.30,10.37,73.31,54.19,87.80,76.18,31.38,65.70,60.26,58.67,91.93,67.78,70.81,52.08,28.28,96.83,94.47,25.05,85.70,9.82,17.96,72.04,78.20,7.88,21.72,48.07,17.51,5.96,89.41,24.88,59.53,64.17,54.90,92.71,98.97,4.81,50.77,7.36,37.15,56.04,71.27,71.56,55.87,24.59,48.16,63.45,65.31,85.32,29.52,29.33,80.59,37.10,10.75,40.69,1.19,73.88,43.02,79.77,6.79,76.70,68.38,98.42,2.76,89.59,4.05,31.37,43.77,19.45,13.42,28.44,67.75,83.69,81.57,59.21,10.09,23.23,61.77,93.92,71.29,32.31,72.53,71.26,22.71,62.68,59.29,10.35,99.00,35.79,91.48,38.85,2.34,32.55,20.76
p23.20.j,46.85,93.96,0.74,7.74,61.85,2.32,33.34,60.85,53.07,33.23,45.49,8.84,92.16,48.41,55.61,43.85,54.38,89.32,83.87,55.14,73.93,79.69,5.06,55.41,33.94,6.60,41.70,80.24,4.96,17.90,15.43,19.12,70.16,65.99,48.95,27.52,27.56,84.60,51.55,84.02,72.93,6.48,5.41,8.76,47.95,95.77,43.30,84.33,23.17,37.93,68.19,34.40,73.41,43.87,49.66,95.93,41.67,61.16,8.23,22.46,13.34,32.25,90.44,96.73,15.04,15.03,97.01,10.28,10.83,19.08,88.72,11.66,52.80,31.21,53.22,58.31,54.07,54.09,93.66,80.45,48.80,22.65,74.20,25.96,82.59,43.56,38.14,52.29,80.78,0.84,36.97,79.24,80.80,89.23,83.96,8.01,1.29,31.17,3.77,84.48,32.72,52.33,78.42,43.25,71.98,55.14,98.65,50.83,3.60,11.73,97.54,45.57,74.90,59.13,53.24,67.67,90.16,0.16,47.19,78.93,37.57,16.08,49.17,77.02,75.88,85.24,52.73,75.36,98.06,7.25,0.86,49.66,52.26,99.94,24.87,10.24,81.82,45.95,41.37,45.67,69.61,29.31,70.58,78.65,30.84,37.64,70.19,1.83,46.08,12.64,42.96,84.61,52.37,58.21,60.88,34.44,31.64,93.85,59.93,31.90,19.45,96.60,94.67,2.66
p23.20.k,83.49,59.13,4.43,71.34,72.07,93.94,87.31,43.77,70.16,33.54,47.64,13.24,38.01,4.88,70.10,96.52,27.67,86.61,31.19,91.37,53.43,68.11,47.97,79.99,63.14,52.52,80.56,75.85,5.47,92.60,29.72,16.35,7.13,1.99,74.27,51.18,86.17,21.85,37.98,54.18,56.42,94.20,91.49,49.91,28.58,73.47,85.49,97.86,13.66,95.17,55.34,91.52,4.70,52.47,45.33,35.28,49.97,72.34,8.27,87.17,86.70,87.94,94.51,51.30,18.49,37.03,56.98,90.82,69.70,81.50,73.31,87.63,95.46,57.02,34.84,8.87,63.29,8.17,75.99,37.29,4.45,82.81,91.82,71.33,42.61,30.71,40.87,32.90,19.66,87.00,0.54,31.29,15.30,17.33,50.18,68.08,3.15,15.43,11.81,8.47,74.14,98.28,41.36,78.80,96.66,91.22,27.79,17.56,17.92,52.29,35.61,63.77,15.17,83.62,24.94,72.94,20.82,39.87,74.32,11.64,92.35,32.29,55.81,13.57,42.54,30.26,93.78,88.11,24.57,69.32,92.33,53.78,61.13,69.00,48.07,60.98,10.34,74.75,90.04,51.43,15.45,40.49,82.02,53.36,4.81,23.34,11.78,17.34,11.17,92.15,39.93,19.59,24.33,94.93,3.42,12.07,82.26,85.72,92.46,87.78,92.57,67.88,12.41,78.37
p23.20.l,53.90,90.83,20.84,36.73,70.99,38.67,1.41,32.57,90.04,7.25,63.57,66.13,41.56,91.62,8.54,60.33,38.36,9.24,67.25,39.45,81.46,14.51,78.83,15.49,62.64,61.95,56.06,49.90,63.26,4.33,42.21,26.92,38.94,67.33,2.35,12.40,74.93,13.89,92.73,99.08,54.51,78.75,50.15,93.65,11.52,38.67,35.32,97.56,0.31,65.88,38.84,45.73,62.92,46.58,44.41,61.29,83.88,8.57,25.01,2.63,7.07,38.54,45.98,24.61,85.84,61.90,7.33,11.68,86.91,49.13,98.09,6.71,21.51,97.81,6.16,36.91,16.37,50.13,36.66,48.47,39.03,78.02,53.09,89.31,51.23,95.92,83.32,54.78,47.51,40.14,57.62,34.46,85.52,36.21,98.08,59.84,9.00,89.80,36.55,94.02,8.87,60.70,90.60,84.13,2.44,25.90,96.82,19.06,25.28,37.78,41.14,12.97,22.54,25.63,6.84,65.95,67.74,37.16,87.67,82.04,59.96,79.22,13.11,39.24,39.65,0.59,44.49,43.30,54.43,2.13,40.17,91.39,34.49,82.14,44.85,26.08,57.15,9.62,15.55,2.49,90.29,56.80,11.42,96.71,19.76,16.89,43.33,4.26,58.25,20.33,24.87,92.05,31.42,43.50,43.57,93.76,45.98,32.50,86.38,99.14,12.84,27.61,48.93,4.53
p23.20.m,89.78,48.72,88.82,33.10,46.73,81.21,81.88,80.29,47.10,15.31,20.54,54.84,12.36,96.44,55.99,29.14,16.06,98.69,36.17,2.71,37.16,61.08,50.14,95.97,8.28,90.37,27.26,55.67,97.75,68.12,19.91,85.75,88.66,84.19,72.17,3.36,95.99,12.59,81.41,13.02,43.50,75.55,98.38,77.80,24.37,56.17,35.91,44.75,85.14,10.96,88.93,16.73,81.48,61.48,43.50,41.98,86.30,52.43,53.20,27.63,39.54,49.12,95.70,84.19,22.52,38.24,30.67,99.89,5.30,30.20,53.70,38.38,30.28,81.72,36.79,53.09,98.52,0.79,88.90,68.97,17.48,17.69,32.00,26.43,2.81,0.69,57.13,51.03,93.37,80.18,62.56,53.70,63.08,83.50,44.13,45.65,48.75,42.23,97.45,91.31,25.61,51.44,50.41,91.87,5.51,17.62,38.71,83.29,37.72,99.95,73.11,0.39,73.32,14.03,4.26,76.73,85.25,56.94,94.68,5.24,81.86,56.02,38.61,40.43,73.29,11.73,11.52,85.82,79.67,96.84,3.48,27.92,41.23,23.72,29.29,45.65,75.77,75.33,71.55,93.91,80.22,17.88,11.97,78.67,80.02,95.26,90.36,40.84,78.02,95.27,52.95,0.41,24.82,41.20,76.62,63.56,88.01,59.95,15.87,40.35,37.61,3.63,81.30,17.34
p23.20.n,94.92,60.69,48.31,38.22,20.67,77.39,34.09,91.49,78.38,76.33,78.80,96.29,61.87,94.34,90.34,26.20,10.23,62.95,52.10,99.29,23.89,73.75,15.83,92.14,71.08,91.56,9.83,52.41,17.35,66.37,26.48,76.25,12.27,29.87,7.93,53.75,36.65,31.07,15.78,75.09,54.57,96.22,14.20,43.82,60.37,38.47,23.85,38.15,43.60,59.57,10.49,32.03,18.76,68.95,61.96,36.56,99.30,49.82,99.26,13.85,37.57,18.66,69.24,63.08,70.86,62.55,2.67,81.15,24.81,60.67,88.31,13.25,31.88,78.33,2.99,37.28,42.93,2.41,17.10,92.08,94.39,91.04,21.82,80.22,37.18,1.57,48.11,20.84,20.32,67.65,90.51,91.59,17.65,58.37,65.66,37.13,55.54,69.54,73.94,89.99,93.18,66.70,4.51,93.99,42.26,63.45,14.28,40.43,82.50,21.20,82.84,43.49,66.51,26.24,59.32,20.59,47.13,30.62,42.81,58.99,17.26,10.22,75.55,91.80,74.14,44.35,32.81,6.12,10.58,82.35,29.06,35.36,11.22,4.01,90.60,98.37,66.00,15.02,9.97,54.00,22.18,90.75,74.74,89.72,53.27,88.22,63.11,1.62,91.21,88.00,24.37,64.79,25.42,43.22,92.22,80.18,41.06,95.94,21.27,71.59,87.93,82.56,19.21,10.13
p23.20.o,20.19,93.09,35.11,33.77,31.19,74.72,59.52,62.47,53.20,82.88,52.62,37.14,60.48,80.00,96.33,8.07,34.96,90.36,27.42,22.31,90.58,98.15,31.78,15.61,23.13,27.52,10.73,97.52,74.99,5.39,39.65,35.49,47.02,37.30,42.11,98.27,90.75,6.39,74.08,59.13,1.76,2.72,98.66,74.99,50.70,60.29,17.71,20.70,18.20,64.36,38.59,93.16,25.83,67.72,64.26,65.41,4.91,95.52,46.31,36.62,59.52,69.01,50.06,9.99,90.40,99.19,64.19,48.12,35.36,97.36,28.62,50.33,0.57,90.26,97.00,35.80,4.34,20.47,88.57,42.25,55.36,96.88,40.87,39.59,80.36,33.33,36.33,41.28,33.31,55.23,79.05,15.13,97.24,70.57,48.39,15.21,42.40,31.13,21.66,71.52,4.78,3.69,0.51,15.08,47.75,43.51,0.31,40.31,59.43,4.79,25.73,52.91,80.74,4.54,3.05,5.47,51.19,48.30,4.24,34.27,60.29,77.08,77.25,81.63,4.37,8.31,71.47,0.22,61.14,91.00,40.61,75.41,4.32,14.49,36.60,65.40,75.71,61.08,14.09,52.78,62.00,78.74,2.65,57.64,47.05,16.32,76.69,6.32,24.48,46.68,4.70,84.23,58.37,34.99,72.75,60.91,50.44,82.76,11.61,82.28,80.20,77.40,73.64,91.72
p23.20.p,21.62,28.40,86.29,81.79,32.55,53.49,25.36,23.76,25.48,37.96,58.00,64.28,42.02,13.91,54.77,90.87,21.36,52.48,67.37,58.22,7.75,62.42,7.60,64.72,77.53,34.49,94.08,82.59,96.13,8.20,34.45,35.32,65.68,59.72,33.53,30.09,53.28,18.32,20.40,38.36,63.92,40.38,35.32,41.84,33.08,74.89,23.81,96.99,61.75,86.46,89.97,55.23,17.42,82.55,70.85,67.77,5.34,34.99,49.74,49.20,67.13,47.50,97.46,52.97,73.05,40.64,3.66,94.98,21.79,20.57,13.03,92.48,0.85,58.90,1.01,15.53,6.38,39.10,53.32,58.05,1.60,24.37,81.94,70.33,39.97,68.74,22.05,54.78,6.86,33.72,35.87,55.02,93.58,49.36,58.07,44.96,19.46,41.94,57.31,34.42,24.57,45.55,79.76,39.75,57.50,84.62,32.42,87.45,18.18,36.68,98.78,17.57,29.08,12.62,36.55,22.93,47.76,56.81,53.71,62.79,19.78,33.25,83.67,13.47,63.72,94.92,48.99,31.15,36.33,66.40,15.05,46.13,71.23,69.34,12.66,41.92,3.64,97.90,60.66,10.58,22.87,53.41,46.50,11.71,36.05,57.45,89.98,34.50,64.87,56.53,47.61,48.15,86.94,76.68,83.15,72.55,26.21,70.74,69.95,82.89,38.97,35.29,98.82,82.10
p23.20.q,16.46,34.19,83.14,59.96,84.67,25.98,12.26,52.44,6.00,38.85,83.38,60.70,38.85,46.00,94.91,72.44,68.02,39.46,43.46,26.63,14.71,65.12,44.33,63.55,36.02,51.53,97.35,71.61,97.74,87.28,71.01,30.37,55.90,94.55,19.28,54.13,51.23,67.27,76.53,67.09,75.80,9.43,67.12,61.70,12.47,73.09,73.53,73.11,51.65,42.20,66.60,83.60,57.12,87.89,95.96,82.60,76.81,16.54,43.08,17.67,2.85,35.87,79.79,82.32,0.25,95.61,67.16,10.59,12.61,38.11,94.40,90.83,43.88,7.42,32.87,63.90,37.33,52.21,15.25,44.86,70.14,35.84,32.38,60.91,10.52,95.59,26.41,9.58,99.71,54.39,76.21,97.95,87.42,42.27,81.23,87.80,82.44,33.79,15.56,21.14,81.59,56.46,38.92,8.01,81.61,38.84,14.54,31.53,6.31,67.85,90.93,20.38,15.42,51.58,60.44,6.06,79.82,96.11,27.20,47.96,87.67,1.64,45.93,89.72,16.72,46.87,96.40,35.60,80.12,39.02,58.45,77.36,91.23,71.75,93.34,18.95,23.32,58.15,83.64,34.58,64.01,83.93,47.04,94.68,63.84,12.73,20.74,71.87,30.73,5.64,59.23,39.22,90.48,21.29,50.58,32.88,77.31,71.98,57.28,1.19,3.81,39.83,57.74,2.52
p23.20.r,62.79,8.70,2.35,42.32,33.66,46.72,60.35,57.99,50.66,90.30,29.05,19.77,84.74,98.93,0.36,12.03,30.37,36.56,17.27,34.03,61.43,87.53,48.89,9.23,78.72,82.31,24.48,72.12,66.47,22.23,42.51,31.67,95.42,73.71,87.31,35.59,69.24,76.41,22.60,48.70,40.48,64.13,97.93,9.14,9.75,78.02,42.42,89.55,56.05,17.69,63.75,72.27,58.27,98.45,37.55,28.10,39.74,93.21,98.05,9.11,54.97,57.37,95.97,54.16,31.98,96.77,18.39,71.90,22.70,47.02,57.89,65.20,17.05,84.72,85.54,62.44,87.55,58.05,61.25,13.35,60.57,64.85,31.78,5.66,96.93,54.89,49.69,44.43,4.12,19.74,30.64,95.01,74.42,52.83,9.33,42.02,75.76,65.94,92.15,74.75,44.90,5.37,18.95,18.20,13.53,58.54,83.45,13.64,15.12,76.81,16.42,37.98,8.85,90.27,91.47,84.60,36.47,70.88,33.15,12.72,57.29,61.60,49.90,7.51,19.20,47.91,26.67,16.60,64.37,24.44,31.50,37.96,88.95,1.73,39.85,45.25,70.47,13.50,54.94,64.78,43.55,38.83,21.05,72.77,24.58,63.24,99.25,40.65,47.77,62.54,52.09,51.04,39.84,21.80,20.33,57.54,80.30,53.97,16.61,22.13,16.11,7.85,12.73,41.80
p23.3,74.44,56.55,8.83,3.69,99.52,96.68,54.43,17.31,23.72,55.00,53.71,81.88,65.22,14.87,56.24,52.10,5.03,12.06,2.25,57.96,41.11,60.48,70.85,39.50,23.66,75.84,90.82,68.64,36.20,77.71,21.33,92.63,52.51,26.83,57.10,42.63,49.62,61.96,52.06,1.97,91.49,58.21,97.46,72.71,16.94,10.94,54.44,38.84,92.53,96.35,90.49,15.74,97.86,5.75,3.04,30.79,94.29,23.62,22.57,80.46,95.94,52.03,9.00,31.15,59.90,85.45,70.30,98.84,79.09,84.10,35.23,17.18,12.45,67.02,87.38,35.09,63.50,70.59,98.54,37.45,33.67,85.95,37.81,92.87,74.17,93.12,95.34,10.63,13.27,32.56,58.46,61.39,87.59,21.70,79.75,53.56,55.07,50.50,58.51,15.31,38.14,77.38,88.64,97.37,99.52,99.57,41.37,4.56,36.03,61.40,75.53,11.57,55.06,56.43,5.06,58.12,53.24,85.53,55.59,78.61,65.98,81.97,95.01,80.01,87.43,57.85,39.71,90.15,66.37,45.56,60.26,16.60,48.18,44.87,76.50,32.30,10.90,28.16,47.38,11.58,79.13,57.08,45.91,28.78,95.50,43.18,93.40,29.00,16.03,86.58,49.07,58.56,1.89,66.68,39.69,11.13,11.01,78.55,29.18,63.07,6.75,64.45,50.10,18.30
p24.a,74.72,91.49,11.45,67.51,49.82,59.15,54.22,20.11,98.87,94.62,32.94,83.82,87.90,46.89,58.44,59.29,65.13,87.04,56.65,61.99,28.26,17.33,31.37,18.08,98.50,90.81,14.58,68.64,16.68,96.44,95.75,22.60,54.57,42.87,12.82,60.97,87.76,65.01,23.07,95.16,4.96,78.60,45.57,40.83,10.05,77.52,78.37,59.23,95.59,70.64,31.43,49.16,95.48,66.89,0.17,33.09,53.99,69.36,74.31,99.49,39.08,38.52,38.59,16.70,75.38,72.24,61.98,40.86,53.32,94.56,44.41,37.58,78.65,78.65,45.86,11.58,45.82,25.83,57.13,63.70,60.78,77.36,1.45,51.92,35.01,48.48,88.88,46.00,51.75,57.19,72.12,95.57,13.51,98.93,46.83,83.11,72.49,29.66,71.24,40.33,94.08,53.13,74.19,79.21,33.93,39.95,31.79,23.51,84.78,52.14,68.52,8.57,45.26,76.27,56.03,88.54,56.64,95.97,32.22,89.90,99.41,81.84,80.99,19.19,95.09,23.15,78.39,4.61,82.54,83.25,24.65,85.67,97.44,96.45,35.90,59.41,53.17,39.68,43.19,11.82,41.07,45.36,86.84,57.25,33.84,56.93,29.94,17.26,48.81,51.52,76.43,42.18,46.52,52.43,95.33,9.68,57.10,1.95,65.39,49.13,2.82,5.72,93.46,75.28
p24.a.w,64.75,17.43,1.95,50.07,73.05,10.89,12.57,0.22,11.48,78.74,16.52,0.38,55.94,6.29,66.23,1.19,22.31,71.76,94.85,84.77,60.21,0.11,66.89,83.48,99.91,51.42,65.57,88.23,97.80,42.16,94.55,79.10,99.75,36.46,86.25,85.38,60.76,96.72,51.63,9.99,38.31,59.22,58.28,78.68,76.92,77.07,53.92,93.38,50.15,32.02,24.16,6.31,73.33,34.35,90.62,64.86,45.98,91.42,43.25,19.51,27.01,60.26,88.06,73.96,35.71,95.66,55.75,31.27,35.19,43.04,59.51,48.55,48.59,17.26,6.47,12.61,35.96,89.99,88.75,32.35,26.02,24.36,80.30,80.41,42.40,84.85,9.63,52.93,45.64,87.82,5.70,53.98,89.06,11.52,52.98,22.32,28.62,24.61,72.42,59.89,19.79,32.22,75.20,85.68,10.24,92.98,71.79,74.90,95.46,3.92,57.44,34.55,3.30,65.96,64.75,74.37,35.34,10.32,8.61,29.15,5.07,12.36,21.69,61.67,36.88,81.90,80.59,47.70,14.49,56.14,28.38,22.26,93.53,32.69,3.32,34.14,3.82,13.68,51.33,52.25,32.95,10.56,48.45,3.02,76.72,60.33,44.43,14.97,86.23,73.25,26.69,40.79,68.69,22.62,77.72,30.17,1.08,31.45,72.82,29.34,19.76,93.04,83.48,25.62
p24.b,81.48,33.11,12.31,48.33,72.70,73.95,73.92,40.29,83.14,32.10,81.38,4.68,9.49,5.50,32.16,54.93,18.51,44.93,98.42,56.30,73.99,48.04,47.74,69.39,5.07,68.00,27.27,18.37,82.21,20.46,67.83,27.43,79.61,78.98,42.13,34.02,69.97,34.06,71.88,88.85,26.04,18.34,67.94,86.62,34.72,93.65,83.13,20.94,22.26,42.07,27.33,49.26,26.54,75.67,12.81,0.39,31.63,22.56,30.27,81.18,83.60,82.79,35.13,64.45,84.97,15.63,6.15,49.16,7.92,7.36,4.38,14.75,46.69,93.69,55.32,77.81,72.26,35.43,10.11,83.30,46.30,63.80,62.53,87.00,25.06,18.40,23.90,87.05,95.34,11.32,34.98,26.04,5.87,68.29,85.27,19.45,61.83,3.32,32.90,46.46,90.39,71.51,94.96,67.04,82.08,9.97,61.63,81.09,99.98,29.49,69.45,1.90,51.24,31.66,86.94,15.57,65.29,34.58,55.71,30.75,60.84,20.20,7.53,54.28,77.85,79.30,70.19,30.01,45.22,94.39,47.42,9.59,90.62,42.77,13.60,77.76,8.67,30.89,15.24,17.95,50.21,46.25,75.49,8.36,60.01,55.77,7.98,84.13,24.63,99.32,50.61,70.37,67.45,2.46,0.99,79.71,47.36,82.24,50.29,49.32,46.00,54.47,37.56,88.22
p24.c,6.26,54.44,94.06,2.84,79.25,90.07,58.80,11.13,84.97,36.55,41.95,65.50,48.27,64.21,32.77,22.03,64.95,9.03,66.45,89.18,23.26,6.61,4.91,17.97,27.38,49.65,11.61,4.33,49.98,39.98,76.68,4.11,0.43,93.31,31.07,16.25,8.26,89.55,85.59,84.54,65.88,98.98,88.99,86.07,78.93,23.55,13.54,18.62,93.17,98.62,90.71,70.41,74.69,79.06,51.05,42.14,50.46,57.91,29.29,13.08,71.20,65.27,62.37,22.52,88.04,65.62,5.62,10.75,72.10,88.04,75.11,53.60,26.59,32.01,31.13,10.61,52.55,51.46,10.89,56.84,36.37,97.83,66.00,63.00,86.47,26.25,18.21,69.31,7.39,41.05,1.81,30.66,21.05,54.92,58.35,24.13,95.87,51.79,12.43,20.83,93.91,75.22,44.78,25.56,10.18,71.62,95.69,94.45,8.34,50.23,17.72,27.12,86.81,98.19,33.13,16.63,60.81,94.93,67.45,23.18,80.93,85.25,90.80,77.68,42.70,87.04,54.30,99.67,55.11,60.08,4.74,74.32,48.96,82.77,67.60,47.46,27.05,82.43,22.60,94.70,13.75,62.93,82.93,40.07,71.21,63.15,14.44,93.75,38.97,2.49,76.26,57.40,38.92,60.86,40.04,31.80,24.03,13.94,41.09,38.40,51.78,89.04,15.29,15.66
p24.d,92.44,65.81,48.35,36.42,54.57,17.03,85.36,32.50,95.47,34.74,82.38,42.67,26.45,75.45,69.97,60.68,89.66,96.11,13.71,64.49,56.88,55.44,85.55,94.80,2.60,17.24,61.93,60.61,94.14,31.90,21.12,5.56,8.08,21.69,21.70,43.38,24.14,82.92,40.89,48.70,67.24,49.93,2.70,13.43,62.30,55.79,60.32,67.66,1.23,77.60,54.79,11.61,82.28,14.68,23.98,59.42,3.90,74.71,84.08,13.27,94.49,84.63,50.49,30.55,30.99,48.09,0.09,43.81,63.60,68.87,15.77,72.91,61.45,84.22,47.69,81.34,95.69,60.92,92.45,69.61,13.30,92.61,75.44,82.76,91.70,10.86,70.41,11.96,45.18,23.70,49.15,55.95,2.82,36.05,76.44,29.61,64.29,34.39,40.78,48.36,41.80,95.37,4.47,91.22,11.57,48.49,9.58,52.09,93.28,27.38,50.75,91.04,50.82,97.72,83.80,42.75,12.87,54.47,36.87,63.52,5.97,98.58,71.72,64.84,40.48,6.86,47.47,59.13,49.28,62.14,80.86,70.79,17.50,2.20,87.94,5.34,5.78,45.35,30.06,5.83,45.35,26.00,38.59,90.38,69.09,50.01,74.45,62.18,47.90,19.70,44.07,77.40,27.90,73.57,95.57,3.25,41.04,11.68,88.98,3.82,59.26,86.13,45.52,58.63
p24.e,87.23,37.56,64.54,25.96,18.62,96.00,82.75,45.16,9.40,70.81,79.02,87.00,56.06,82.25,84.07,88.85,52.46,16.55,92.63,30.78,84.12,59.27,86.16,23.16,49.10,27.83,56.45,32.37,45.90,35.24,85.93,1.93,71.23,86.57,69.01,86.44,43.14,19.07,16.32,38.49,35.72,28.35,6.48,60.02,44.35,56.17,37.62,39.97,14.36,58.85,43.79,75.66,48.38,63.94,47.23,85.38,95.00,87.74,84.07,67.64,64.91,97.47,68.90,53.79,24.78,99.45,80.89,20.45,66.79,10.37,49.99,35.43,86.84,47.15,64.70,35.59,97.33,0.73,29.64,18.67,24.97,18.07,82.07,34.36,18.96,52.92,12.70,24.86,87.17,84.18,49.38,21.22,64.28,32.77,5.41,91.41,88.70,65.44,43.90,30.91,75.35,29.80,96.48,63.40,65.14,86.84,99.85,61.73,56.34,59.54,68.42,97.68,23.46,64.04,85.48,27.65,23.81,15.75,96.08,72.90,74.30,32.88,53.84,37.92,37.31,97.23,18.93,63.57,80.63,85.57,3.89,68.97,19.92,29.10,16.51,33.10,46.89,53.98,52.19,47.12,92.01,0.73,74.25,64.49,56.10,84.30,20.53,14.07,81.82,72.03,7.58,52.42,65.93,42.24,63.84,29.33,72.58,17.72,33.20,25.33,16.85,1.93,53.05,98.43
p24.f,97.26,2.29,22.42,60.14,91.85,69.53,19.12,17.59,17.22,63.01,41.22,65.91,16.04,91.92,99.82,1.28,15.26,27.87,77.62,97.10,56.91,64.90,69.41,97.26,63.37,53.22,4.75,30.88,10.93,10.45,31.26,11.94,59.48,35.12,29.94,12.94,86.52,54.13,37.49,71.85,32.84,70.14,15.70,18.24,82.21,22.93,87.69,47.80,65.47,77.47,25.61,41.24,75.62,67.04,10.31,93.15,88.71,73.88,9.18,35.62,2.79,7.97,93.02,1.87,29.84,78.37,78.07,63.94,1.55,63.60,82.23,91.03,67.66,75.57,51.86,20.65,19.67,41.65,84.76,45.84,19.29,89.38,64.71,48.04,49.17,39.90,24.73,71.90,40.77,3.86,17.73,25.00,52.11,30.03,89.09,35.79,3.89,23.73,99.92,18.58,91.93,34.72,53.81,4.49,44.96,75.06,94.13,14.41,65.28,3.67,40.70,16.22,48.16,17.18,3.62,15.85,9.71,16.19,93.64,72.95,77.55,53.64,53.36,24.54,92.04,85.24,32.26,30.27,43.21,77.79,59.10,16.93,16.31,66.65,18.89,33.91,65.69,0.56,41.64,54.72,23.95,66.07,32.40,84.65,23.13,76.11,31.94,54.16,84.67,38.60,93.66,1.03,46.21,71.28,9.85,53.67,10.76,95.43,70.24,31.29,40.87,4.66,53.46,44.39
p24.g,84.28,41.90,13.97,50.89,70.25,52.61,24.79,23.20,43.87,6.10,87.61,81.55,98.11,59.49,8.03,52.44,58.79,78.77,9.06,72.62,83.54,18.74,31.42,32.23,23.99,69.43,86.38,56.06,57.08,30.27,62.09,40.60,36.55,49.08,96.76,79.91,14.70,30.31,97.79,44.04,92.05,31.70,35.03,32.97,91.66,66.22,49.64,61.33,23.40,94.67,40.51,67.59,16.05,85.95,73.50,58.81,67.98,94.72,99.73,44.20,45.36,68.76,18.00,10.09,32.64,49.31,45.59,79.65,92.97,4.18,56.04,20.26,91.25,39.55,12.59,68.42,52.24,26.75,93.25,78.77,22.48,99.62,73.79,67.15,83.78,96.45,98.58,69.75,79.14,44.36,14.66,77.09,2.03,15.83,73.98,51.78,42.70,57.94,24.30,41.96,68.74,70.14,70.88,32.50,48.20,35.32,41.58,48.80,46.73,42.09,87.36,38.96,26.98,75.45,95.72,25.80,38.58,3.98,51.04,64.02,8.86,60.06,81.90,86.80,96.18,31.64,72.19,22.16,72.15,29.39,83.05,70.53,56.30,45.13,21.17,83.26,52.10,6.99,42.11,24.74,65.32,90.25,86.91,21.40,63.78,52.20,1.63,63.53,66.24,57.01,81.94,5.86,18.74,9.44,98.21,98.40,52.30,76.10,89.55,52.07,26.06,31.04,92.78,44.60
p24.h,34.08,50.82,34.65,41.51,33.07,59.73,53.79,16.11,58.70,6.43,15.03,23.78,27.45,79.97,65.65,34.89,63.66,98.97,12.95,88.58,45.60,85.30,38.52,13.66,95.59,4.68,53.22,47.50,31.21,15.80,37.72,30.91,12.90,24.07,70.91,73.79,90.07,94.42,36.47,71.23,75.63,52.56,69.61,13.37,80.34,46.27,77.16,13.83,97.36,74.74,15.82,35.41,37.62,19.05,12.47,42.81,98.66,70.91,15.05,5.48,26.16,5.59,78.14,29.96,42.70,95.38,88.63,63.10,10.15,43.31,12.64,66.98,39.32,73.15,62.76,32.45,62.75,64.30,3.62,75.07,78.24,71.86,4.18,67.08,71.58,89.24,71.78,50.02,43.87,40.72,11.81,12.75,45.16,76.66,93.76,50.47,54.28,82.64,29.88,73.62,0.69,0.91,76.78,98.05,44.12,15.77,9.01,43.45,42.81,63.00,86.30,95.69,16.27,88.39,81.21,0.74,99.76,29.28,0.47,76.25,63.28,41.70,68.31,60.98,89.13,48.87,14.13,92.07,17.62,18.75,43.93,65.44,96.28,84.65,56.53,40.29,98.76,55.76,47.71,84.45,59.83,74.52,12.28,18.91,10.21,53.77,12.24,92.51,9.74,26.61,30.09,55.95,10.61,85.10,61.49,70.57,7.67,98.94,77.21,89.81,3.25,63.82,42.70,77.71
p24.i,13.54,76.65,2.60,78.75,81.41,95.82,85.24,42.52,69.61,72.16,84.14,36.35,20.48,15.69,70.19,36.35,28.47,61.18,78.40,8.21,94.65,35.74,25.48,76.93,52.90,11.81,87.18,20.50,0.29,51.42,91.51,31.53,52.25,51.49,25.20,60.60,83.82,91.44,89.84,42.11,67.45,66.19,93.13,26.28,91.83,61.04,39.72,31.27,7.59,58.61,6.38,21.45,5.81,36.50,51.29,16.21,50.57,23.78,62.29,29.33,21.24,14.39,52.55,94.91,92.50,27.27,19.41,52.81,59.70,28.18,40.75,54.71,27.72,33.68,47.80,60.15,28.38,61.27,42.86,33.50,43.52,31.72,61.95,79.95,25.05,78.46,42.25,53.26,83.93,26.36,12.95,13.85,32.37,9.56,2.06,58.09,18.01,45.17,29.87,27.43,53.26,29.68,47.27,39.87,37.62,75.25,19.04,18.23,92.43,46.61,81.77,29.48,74.54,96.05,82.85,67.36,97.65,36.72,32.47,93.00,77.94,28.24,5.65,57.55,69.00,49.87,85.94,82.31,73.50,59.19,82.40,2.43,74.31,6.97,66.93,44.26,10.36,82.65,20.47,5.66,25.83,24.72,55.51,81.90,68.50,67.19,68.62,28.36,36.96,54.41,60.59,90.65,0.05,29.09,38.89,53.76,83.94,25.00,77.36,83.45,43.45,16.16,3.88,87.22
p25,77.21,98.51,11.51,82.33,64.05,98.72,96.73,11.06,64.74,22.38,4.81,59.48,33.83,2.46,36.32,17.27,29.68,60.56,69.91,59.04,29.46,94.00,7.99,30.62,71.83,0.48,72.59,34.00,16.34,64.94,26.45,37.47,81.46,13.25,31.14,41.59,31.48,55.11,79.74,91.76,73.95,24.22,55.32,94.37,98.60,53.53,38.92,32.19,21.34,62.81,37.78,80.58,3.10,2.80,1.01,85.90,47.52,99.87,65.70,29.62,89.25,17.12,7.28,62.65,68.66,80.94,15.43,14.19,61.60,60.78,27.49,58.97,50.72,25.33,24.11,18.90,42.71,93.43,26.92,50.78,40.35,9.81,16.29,56.12,1.88,21.75,28.38,88.34,35.49,96.70,15.77,84.31,84.48,48.89,83.87,55.09,19.04,16.46,58.82,59.22,63.35,95.65,64.89,80.03,8.62,8.58,1.98,0.99,54.21,85.07,49.97,45.77,7.31,28.50,68.29,86.54,0.94,5.82,67.11,7.17,29.67,73.24,77.47,39.75,26.34,77.75,32.68,44.87,81.79,75.55,87.33,52.10,99.07,2.98,64.76,48.51,54.02,88.56,50.50,57.11,98.40,99.64,55.61,54.52,89.45,26.37,87.10,4.51,33.74,38.53,14.52,71.29,23.45,0.10,83.38,41.52,23.86,41.25,31.11,63.45,0.01,57.78,1.13,17.47
p26.a,71.33,71.76,20.38,36.98,7.88,51.60,35.18,28.07,49.73,42.82,59.05,54.74,63.78,14.32,60.15,21.38,21.80,23.50,34.96,36.81,12.84,16.69,4.53,75.52,7.75,92.97,72.40,29.39,96.59,37.32,37.40,70.15,23.08,49.75,10.23,71.72,86.37,34.66,30.02,13.10,71.42,86.70,65.76,25.12,93.53,70.82,64.62,20.77,3.45,93.00,12.02,60.18,72.90,79.38,35.10,8.43,88.69,0.90,5.23,36.19,77.60,25.11,73.99,9.51,12.46,84.48,55.69,33.97,24.72,89.28,98.28,36.85,60.24,53.26,97.77,39.38,77.42,43.61,88.14,99.20,43.44,43.06,3.12,49.33,29.31,74.47,79.06,45.10,21.94,49.89,1.54,49.85,37.58,27.37,13.94,44.86,38.59,5.53,56.37,82.84,94.48,14.80,75.96,22.98,13.03,13.45,29.52,71.44,1.37,97.22,35.85,81.34,63.04,44.76,88.50,95.28,46.61,69.32,54.19,5.06,82.86,73.89,32.84,91.78,42.07,73.92,89.31,18.99,83.71,30.22,46.92,20.89,92.32,80.36,86.29,13.18,13.78,59.62,53.73,67.40,84.09,32.39,3.23,45.06,29.91,79.88,23.01,66.04,56.71,80.17,90.03,75.97,68.61,21.31,7.99,47.79,88.98,47.16,40.80,54.30,84.34,56.15,93.01,21.41
p26.a.w,70.49,61.42,28.95,66.01,28.95,83.27,45.06,29.79,36.39,34.31,57.92,5.63,25.87,42.51,11.11,98.87,72.78,12.71,92.12,20.39,86.53,12.95,73.87,29.08,90.76,65.30,56.86,46.79,6.80,3.16,9.78,52.55,19.28,35.78,20.76,37.92,65.29,75.23,29.37,43.90,90.27,29.96,38.05,25.73,0.08,58.91,43.99,31.84,3.86,6.12,12.57,53.31,1.13,84.31,53.08,57.77,4.66,39.85,89.74,22.77,96.03,71.53,94.86,87.74,63.46,2.06,60.00,97.40,35.76,58.10,80.05,6.91,62.33,48.93,74.86,54.20,81.61,19.70,93.11,28.95,61.83,52.70,39.95,57.40,61.58,35.69,39.40,60.98,16.59,51.03,72.60,69.23,50.38,61.88,96.12,48.88,22.32,12.41,47.69,16.70,25.85,19.99,92.55,46.81,66.99,54.39,63.41,86.52,38.55,50.79,10.69,17.21,68.40,8.13,62.66,77.46,23.14,76.45,2.48,50.32,12.92,45.62,63.91,12.39,7.69,77.30,64.22,71.97,89.04,96.75,94.55,79.33,54.39,93.63,24.36,12.35,41.27,26.49,83.10,9.09,42.26,15.72,35.52,96.47,55.02,72.50,10.70,3.85,19.80,17.12,42.86,54.25,6.91,63.21,37.08,95.22,88.31,57.16,35.06,15.97,95.15,6.74,10.13,57.95
p26.b,45.35,77.53,36.71,78.36,94.10,22.82,76.91,30.14,27.82,98.26,9.33,56.00,53.98,41.96,78.71,84.80,53.13,87.05,83.68,9.94,16.68,87.80,82.98,63.91,28.79,2.29,29.53,71.16,57.44,4.16,88.58,27.65,67.31,13.62,6.34,17.55,10.54,14.30,24.09,48.37,4.03,11.83,32.93,64.71,97.20,2.74,40.38,27.32,55.84,38.64,50.56,80.40,99.48,94.88,33.50,69.79,54.43,97.01,97.08,79.16,43.75,81.89,50.34,38.00,97.41,74.70,14.50,35.48,73.96,31.75,52.28,16.30,55.61,77.63,54.78,34.52,61.02,63.35,83.70,41.19,46.50,6.63,75.20,6.72,61.04,68.68,63.89,56.89,78.67,96.31,57.35,80.93,54.62,19.53,81.79,77.17,53.97,53.55,56.14,87.24,31.82,56.93,85.33,0.46,2.71,65.17,4.27,48.03,17.14,78.21,26.25,11.72,78.73,60.86,55.29,33.87,52.79,21.49,79.11,96.69,49.78,90.23,64.91,43.14,4.37,1.65,0.60,35.53,30.11,50.62,30.29,0.71,71.27,89.31,45.59,15.72,72.74,76.81,51.44,12.98,53.13,84.15,57.18,81.53,54.14,49.83,5.15,21.99,5.71,35.42,3.09,73.45,18.61,68.53,96.82,33.49,45.96,65.03,19.98,24.92,57.50,99.95,41.65,56.79
p26.c,82.04,33.88,71.89,85.92,62.99,84.10,17.61,93.53,89.74,78.24,87.81,17.37,34.04,80.52,86.38,6.00,14.23,1.63,69.36,58.86,95.24,73.57,49.84,47.52,43.62,3.09,59.49,64.83,11.18,47.53,15.90,3.66,31.86,6.92,46.25,55.91,8.86,43.70,31.54,16.21,26.96,12.30,58.48,24.46,30.57,92.05,83.62,46.84,44.50,87.90,62.49,0.25,48.01,98.41,62.45,59.77,9.11,53.83,51.26,7.63,86.84,2.11,37.01,74.40,4.84,45.14,15.88,3.97,87.28,75.59,61.81,75.98,21.03,72.45,77.83,71.49,62.12,19.91,62.28,86.37,91.82,61.66,59.82,49.47,46.93,80.18,88.84,61.81,48.33,30.24,45.63,77.14,63.37,22.13,96.32,21.63,1.34,56.88,24.00,82.31,77.03,2.85,17.80,60.30,44.76,61.08,49.75,95.98,39.65,3.53,82.26,79.41,74.19,41.78,83.00,64.04,17.59,4.17,18.52,48.82,41.10,2.97,60.73,0.70,50.26,84.89,68.48,13.71,13.58,55.92,50.51,16.53,4.16,65.82,6.49,47.53,5.06,5.10,62.72,85.96,79.34,78.41,69.03,85.39,83.82,81.23,97.34,70.77,51.62,91.72,77.19,47.88,68.89,48.88,66.40,32.42,29.41,87.95,65.95,3.60,89.50,94.27,56.69,74.77
p26.d,79.97,63.69,20.16,13.27,36.83,87.34,12.33,2.64,30.52,38.17,66.52,42.98,8.58,54.92,75.60,98.62,25.03,46.87,12.08,42.28,70.87,84.12,74.66,20.36,71.42,66.30,72.70,95.17,4.16,4.22,60.11,65.62,2.64,70.53,76.02,1.30,22.03,49.06,90.06,81.37,87.79,60.27,93.57,58.82,75.88,74.70,2.82,79.27,94.08,30.98,92.20,31.37,51.65,66.42,43.65,21.52,24.07,91.20,57.30,80.05,85.13,35.41,57.37,84.44,63.27,27.29,29.59,22.30,12.13,16.55,11.58,45.60,10.08,46.97,53.63,87.46,22.77,98.16,21.91,93.77,22.28,14.68,51.71,14.57,44.97,58.00,2.68,73.37,23.92,25.29,9.93,29.96,46.56,72.10,69.66,41.50,62.52,44.97,2.36,1.36,87.99,63.02,17.11,56.62,41.14,63.72,30.62,45.85,85.33,96.73,89.95,24.97,0.55,20.22,97.39,1.83,92.79,29.73,49.78,25.70,50.81,45.50,77.04,66.16,74.76,44.56,59.86,59.05,15.91,4.41,3.43,85.88,45.24,9.59,61.94,21.32,62.76,17.42,86.12,67.80,5.01,84.49,18.40,13.76,77.44,84.91,55.53,3.64,41.62,9.10,15.07,5.72,38.68,43.93,42.18,95.08,59.53,13.70,65.58,87.61,82.15,53.50,50.19,72.09
p26.d.w,33.86,18.61,23.46,28.80,51.49,73.38,6.12,67.25,98.46,40.81,54.29,61.17,97.36,18.96,91.18,2.78,9.81,11.97,77.56,99.96,22.57,80.22,67.74,94.48,56.67,39.32,37.55,18.90,95.58,78.24,10.46,26.09,1.76,90.39,78.31,33.31,78.01,68.74,64.33,30.52,90.99,42.15,89.72,90.78,10.40,13.54,55.94,24.28,37.21,21.13,0.63,93.13,29.49,34.09,91.80,30.63,94.63,92.57,48.88,29.50,33.53,17.03,66.95,12.85,97.65,17.51,80.46,95.78,53.76,77.60,99.70,11.98,38.67,5.74,7.48,70.06,83.91,36.75,62.56,8.42,78.36,68.60,1.84,68.97,65.71,56.85,87.29,18.76,33.07,32.26,70.13,27.52,76.78,23.53,0.26,18.93,23.44,13.29,17.05,30.69,60.72,36.62,77.71,45.50,16.21,18.38,64.52,47.82,86.16,19.30,90.77,64.62,24.53,33.64,44.47,82.98,27.41,5.07,62.25,13.15,82.19,81.80,30.55,62.71,25.67,63.47,2.35,7.72,2.37,4.68,68.03,28.57,6.64,65.04,33.64,84.56,77.16,27.90,88.93,41.29,83.79,25.28,14.09,2.31,28.94,42.12,86.42,23.36,87.92,66.93,41.76,74.33,94.26,63.97,68.00,27.68,5.30,77.46,49.14,64.72,29.07,48.35,38.09,62.57
p26.e,96.69,10.19,72.59,10.75,87.30,91.17,53.89,72.24,16.33,13.97,2.91,8.52,13.68,15.29,77.27,97.88,92.73,0.43,43.52,46.93,27.57,27.17,67.54,21.51,98.45,54.08,46.68,40.89,99.54,13.23,86.38,47.71,22.76,90.17,84.78,72.81,23.63,44.14,59.06,13.18,69.22,57.39,4.85,7.08,61.78,30.36,95.53,95.50,63.90,72.11,77.28,33.02,42.24,26.56,51.63,18.25,0.20,41.94,94.64,0.33,10.80,44.76,76.37,96.91,14.55,9.68,16.77,96.30,38.58,4.56,39.13,28.05,45.63,86.45,28.14,29.33,45.06,87.35,10.36,53.80,73.01,65.21,27.96,78.02,6.76,78.93,9.82,2.68,14.69,17.43,22.67,80.17,89.19,94.01,84.41,1.36,28.71,63.10,49.65,14.35,99.86,81.50,81.39,63.49,92.78,22.40,93.75,15.53,61.06,2.25,68.21,87.89,23.79,39.47,94.19,95.67,18.01,19.04,7.87,73.35,96.16,62.49,77.94,36.25,31.05,82.28,67.48,70.53,91.30,57.80,66.78,19.70,95.55,11.73,64.45,3.26,81.71,82.77,39.54,62.94,96.52,12.95,39.85,67.67,71.13,93.98,97.54,51.98,44.10,88.34,11.07,31.02,73.69,51.69,61.35,8.06,31.48,35.62,24.31,52.54,5.90,93.17,97.23,25.16
p27.a,28.76,28.69,11.57,24.37,96.80,67.08,30.39,44.86,82.14,5.47,3.16,65.52,47.86,75.43,95.10,24.07,6.86,92.45,23.16,0.61,62.75,8.34,98.29,20.35,84.92,19.82,95.04,56.78,55.34,69.50,62.89,87.38,6.26,26.48,27.89,8.92,37.70,62.76,4.56,96.48,77.23,36.15,98.78,53.10,26.26,37.65,53.54,86.12,28.23,2.40,66.30,69.49,11.37,17.38,58.70,69.46,43.85,60.17,67.97,44.25,61.76,41.73,71.75,93.30,48.61,88.97,92.39,7.44,1.35,49.46,28.90,44.05,41.50,6.99,94.91,43.72,85.75,33.35,79.68,58.65,63.42,72.40,62.22,53.15,37.31,43.63,48.78,63.86,44.49,42.07,72.12,30.25,16.41,99.93,77.63,33.07,95.03,32.46,22.76,20.44,83.97,46.71,51.79,54.52,38.82,46.85,10.17,94.52,60.89,9.19,96.73,54.50,92.90,46.10,69.16,23.26,67.32,21.51,53.02,90.56,35.74,37.96,16.64,97.27,53.62,56.81,90.93,3.35,76.90,50.96,56.35,61.66,21.34,18.57,67.28,57.69,31.00,80.31,25.15,97.59,77.29,65.11,51.70,67.80,91.95,17.86,49.03,12.49,34.22,44.75,73.75,41.16,80.93,78.43,52.69,40.34,63.57,32.08,26.35,29.70,17.30,97.30,12.28,79.87
p27.a.w,86.79,48.88,51.76,55.22,14.80,76.02,73.21,73.13,87.31,42.60,51.35,58.23,99.87,61.02,23.01,29.41,22.38,67.09,26.82,89.22,37.47,56.12,91.14,89.83,1.96,40.12,86.92,79.90,63.89,31.88,90.27,44.48,3.80,49.75,97.92,45.11,19.67,3.14,6.10,26.47,72.91,14.45,97.68,91.13,50.83,51.32,24.86,25.10,51.59,12.66,76.50,34.06,8.77,96.41,76.41,62.05,72.22,10.53,34.13,98.34,34.46,50.46,78.44,86.77,1.52,43.64,46.15,89.02,7.22,10.97,40.93,41.55,58.92,0.65,99.07,63.38,72.94,76.77,70.00,60.80,93.14,55.05,46.72,8.01,25.77,42.94,23.90,25.22,71.26,63.43,14.76,96.05,80.67,50.12,75.74,27.53,34.06,24.24,37.24,22.16,94.31,18.10,77.61,23.24,57.88,62.62,2.25,90.07,77.20,20.18,26.98,23.63,46.64,37.90,68.30,14.15,73.64,18.84,14.38,89.34,44.49,20.39,49.04,56.34,32.37,21.19,45.11,66.15,1.68,87.81,9.61,80.14,13.70,21.90,13.39,20.96,75.19,49.55,52.94,72.26,70.92,59.94,34.17,28.08,6.99,70.06,28.32,25.64,38.33,79.13,33.84,3.33,65.47,36.72,93.95,54.80,16.10,0.24,63.47,44.02,90.73,94.53,15.35,95.76
p27.41,84.30,94.66,53.29,28.72,53.00,70.48,65.23,50.11,65.61,72.38,63.95,20.05,67.46,47.78,40.40,57.12,91.97,94.26,13.74,36.91,58.70,39.77,99.57,56.82,49.90,35.20,80.94,36.00,8.75,83.28,10.29,76.09,94.31,72.60,60.33,76.04,33.64,35.69,77.71,62.61,59.36,20.16,73.58,46.16,63.87,10.22,98.17,1.36,59.02,3.92,81.88,96.20,32.16,21.18,36.54,13.46,77.30,97.81,96.48,62.52,68.82,22.05,26.35,93.70,90.78,25.70,38.12,6.28,16.73,83.35,19.56,79.14,14.81,62.09,36.93,88.52,89.17,46.75,84.31,36.25,64.26,78.27,51.65,49.23,68.81,16.02,24.90,69.07,35.89,9.67,69.18,1.66,83.59,32.48,62.77,32.34,88.46,58.05,33.76,19.20,90.51,6.60,28.36,9.25,94.41,78.35,93.80,88.97,11.30,74.22,67.75,27.72,60.28,71.53,72.60,85.42,38.93,37.95,75.68,68.05,32.58,48.45,40.81,3.22,44.31,21.24,32.45,81.15,34.56,72.59,24.04,24.18,95.31,43.54,49.84,51.78,54.55,8.23,16.40,31.22,11.43,20.22,65.52,7.16,37.99,20.52,56.34,66.06,2.02,68.43,43.67,96.17,6.29,27.24,55.49,64.54,32.70,7.32,35.12,27.90,25.10,88.90,57.21,35.07
p27.41.w,16.81,18.37,66.27,56.53,68.14,53.63,99.81,78.72,38.14,80.05,72.35,63.73,54.82,1.86,19.83,40.07,57.60,37.70,43.84,11.52,43.94,6.43,41.79,31.04,87.98,23.93,21.90,31.04,82.33,97.57,99.62,55.54,65.21,28.02,37.00,54.03,16.30,43.08,17.00,41.48,0.91,96.66,23.58,90.98,55.36,96.57,59.14,23.99,5.75,95.79,24.88,77.53,93.75,13.34,13.34,7.23,74.39,36.47,38.16,76.05,6.45,77.40,43.52,0.12,82.01,43.82,36.72,92.43,88.88,51.90,20.66,89.69,92.13,98.77,83.15,34.26,33.68,11.71,29.62,30.34,14.97,89.48,14.81,67.54,48.12,83.07,91.46,19.59,46.78,10.39,86.40,58.45,94.55,89.50,19.86,68.15,92.02,62.93,58.74,45.83,84.58,26.91,95.79,3.77,10.04,48.13,51.77,59.46,70.57,72.71,27.60,79.36,14.24,99.74,14.57,76.95,18.02,84.76,19.48,1.70,40.02,97.54,35.81,27.17,60.11,84.65,5.09,13.08,52.35,48.84,99.83,82.08,19.47,39.83,10.34,81.50,23.94,56.68,87.51,77.97,55.21,73.07,49.97,41.36,26.88,14.76,65.40,88.40,47.08,43.05,0.33,68.63,34.63,64.76,52.32,33.83,51.52,94.96,93.27,71.21,47.52,72.30,31.41,53.79
p27.42,96.80,34.40,89.29,38.28,89.94,50.39,90.57,80.01,63.27,27.40,4.45,78.26,10.92,10.26,78.57,46.82,79.78,85.79,0.59,44.86,8.25,3.21,36.40,30.83,29.34,7.69,10.06,23.23,58.78,68.45,33.24,30.86,73.93,3.33,9.02,5.48,66.80,29.84,23.22,15.72,26.62,41.11,82.13,4.77,36.39,17.79,44.76,90.47,96.82,4.94,1.71,20.92,72.94,82.37,36.01,42.68,88.17,11.04,29.11,85.17,34.91,2.17,78.96,20.37,65.70,61.65,11.83,75.30,22.42,12.52,1.48,17.58,7.96,92.22,54.29,2.49,86.73,2.70,89.50,87.31,79.50,70.78,69.92,87.88,31.83,58.39,64.41,0.25,31.62,96.17,17.88,64.16,37.89,57.59,18.52,36.26,73.86,13.82,26.92,0.69,22.16,37.14,7.26,80.14,20.22,91.41,48.87,97.96,72.80,77.82,70.98,28.37,23.04,11.07,60.49,78.61,36.71,1.04,60.42,27.11,1.49,65.25,7.88,1.41,40.96,27.78,1.58,95.68,82.60,13.05,97.62,16.49,98.28,99.33,23.55,80.48,58.69,33.15,18.78,76.73,98.04,1.32,6.52,77.97,59.36,55.01,50.03,80.17,3.74,47.74,59.31,19.67,43.28,34.29,70.64,7.84,11.40,14.66,12.54,50.22,8.69,35.96,8.22,12.35
p27.42.w,23.30,91.14,47.79,46.26,6.80,24.76,45.59,12.33,97.47,16.33,91.42,47.53,44.50,0.74,61.41,33.42,75.90,17.41,41.69,67.17,80.64,92.00,79.78,57.41,44.07,89.34,3.15,41.69,76.86,45.75,52.44,40.83,64.62,68.81,64.19,34.78,54.29,95.90,95.70,89.33,40.54,89.29,90.12,69.23,17.88,7.04,50.44,52.57,90.86,15.89,35.26,88.15,63.79,34.91,48.28,22.61,67.03,24.58,32.90,34.28,60.87,9.97,42.72,40.51,5.92,25.58,97.16,90.87,72.35,98.08,71.19,81.67,18.89,83.68,14.16,61.87,74.58,75.21,52.74,96.66,42.35,65.60,24.19,8.52,21.77,19.71,45.75,39.98,82.97,12.28,68.47,81.98,81.48,29.90,93.90,22.06,41.67,15.16,68.08,89.32,59.78,20.36,10.47,96.82,49.47,53.66,80.42,86.22,17.66,25.64,65.21,56.33,28.95,79.55,98.40,59.69,46.44,20.13,65.90,9.06,43.79,1.07,14.82,47.84,6.70,32.58,13.29,26.31,93.15,56.92,62.46,8.69,18.33,68.34,51.46,59.09,80.33,55.98,69.67,11.97,34.79,81.30,16.19,47.44,61.77,86.54,3.63,40.55,33.38,35.73,2.24,82.71,99.26,18.10,18.28,75.99,60.69,73.73,41.30,80.34,35.23,66.86,15.60,39.32
p27.43,7.60,85.44,27.03,31.99,48.86,93.79,25.91,78.64,59.76,91.58,50.44,94.59,25.24,38.46,85.82,39.71,50.79,65.60,90.41,7.71,87.61,33.66,26.33,28.80,59.56,39.66,59.52,72.31,92.31,11.27,0.31,38.79,26.05,62.73,79.55,95.80,8.97,90.78,63.10,9.41,49.02,81.61,4.79,84.21,40.87,94.17,0.93,81.04,23.60,29.53,44.74,85.52,98.42,56.72,41.68,83.45,86.04,82.98,43.67,71.02,16.39,57.65,4.31,27.77,99.03,34.35,61.91,76.74,31.73,38.73,19.00,17.98,82.66,62.15,58.68,41.30,67.59,22.51,93.54,99.14,62.02,96.64,32.99,68.18,81.40,73.71,17.15,82.22,74.35,84.40,49.15,64.93,20.40,12.37,70.08,79.54,50.33,72.47,31.86,33.05,97.96,45.93,58.99,41.01,35.95,74.82,92.00,39.86,47.70,68.84,18.41,23.82,70.86,36.61,42.74,27.37,97.23,36.22,67.70,41.00,58.72,94.80,11.44,13.37,86.48,7.67,32.51,85.73,80.11,4.41,60.02,59.58,55.02,12.62,43.99,8.84,74.47,90.69,0.97,48.02,38.32,45.79,83.00,99.26,72.09,79.01,93.90,75.73,41.14,42.58,77.19,58.27,64.64,75.97,22.96,0.61,7.70,28.32,40.82,64.95,2.86,76.51,67.19,44.82
p27.43.w,1.50,48.53,83.48,1.19,85.12,71.21,94.35,39.81,50.79,1.98,95.16,59.25,90.61,77.90,95.43,14.37,19.69,32.72,78.44,87.21,43.37,53.81,2.61,54.14,58.14,41.72,46.18,5.71,16.71,62.91,41.61,59.04,98.34,65.46,39.38,20.28,9.73,90.20,99.97,74.16,99.74,1.88,98.98,4.45,51.13,30.73,0.31,63.58,10.56,6.37,86.66,89.76,91.62,30.98,50.23,94.21,80.05,59.85,92.93,16.33,88.39,1.23,40.76,83.55,19.22,56.42,28.71,87.54,27.19,67.95,46.01,2.94,10.47,64.45,1.77,86.99,92.17,85.60,59.40,96.48,9.26,85.63,83.86,15.91,59.84,31.24,24.57,19.51,56.43,21.02,43.36,16.84,6.29,2.11,58.21,71.76,43.31,51.38,8.99,48.67,55.54,93.93,40.45,62.62,24.91,13.07,85.98,41.70,29.56,93.37,67.91,46.05,87.36,97.12,33.64,80.90,39.02,18.08,21.88,20.05,78.99,23.84,51.18,87.67,92.09,8.54,71.55,52.85,70.91,43.29,62.27,31.41,1.34,85.49,87.03,79.58,82.32,67.97,93.82,41.50,29.73,54.53,87.97,29.65,83.70,26.70,47.28,15.41,4.09,52.31,82.88,39.03,87.65,24.34,33.75,31.31,24.94,35.01,69.04,58.32,66.01,5.13,29.18,44.23
p27.44,86.37,36.65,19.72,6.80,65.33,31.14,95.71,13.42,36.35,93.59,86.67,3.16,73.60,91.62,3.62,59.66,49.62,89.43,19.72,95.00,95.11,62.34,87.54,51.08,62.97,95.30,38.18,4.68,61.92,11.72,47.54,5.95,40.89,46.37,0.44,57.61,43.25,46.29,54.19,48.31,85.48,72.20,93.15,55.89,95.31,4.54,45.33,90.55,50.86,26.45,99.27,80.73,95.28,18.47,94.39,55.64,4.84,89.37,80.93,75.40,88.81,44.99,61.11,34.89,38.63,16.52,79.88,49.74,76.04,73.12,80.96,38.87,4.26,45.17,38.12,71.71,86.09,76.86,47.94,82.78,82.67,18.73,80.41,13.29,18.00,67.27,42.04,95.69,61.39,12.36,14.75,64.49,26.08,68.46,55.07,21.15,63.86,70.67,98.58,60.23,69.51,55.00,23.96,18.62,33.89,81.00,36.73,73.29,36.69,92.46,39.13,62.02,79.23,86.22,99.91,58.29,82.80,56.67,50.42,7.76,0.54,12.37,51.70,36.38,62.97,24.11,15.97,96.42,78.32,41.95,13.23,21.64,99.33,47.68,43.54,66.43,69.19,80.66,61.97,17.68,28.82,92.02,83.40,29.40,35.01,35.56,53.48,74.48,59.19,73.42,69.58,52.19,8.94,60.46,55.49,65.40,31.61,14.90,11.39,18.00,79.56,56.32,58.83,93.45
p27.44.w,15.83,10.28,14.75,46.79,4.54,39.54,95.24,34.31,75.72,72.41,74.43,58.12,50.11,56.31,98.93,78.69,25.83,28.69,65.04,7.23,40.52,10.39,14.80,56.37,15.17,10.93,91.25,76.64,0.53,72.42,60.24,2.28,1.05,6.91,29.65,69.35,26.08,87.35,67.15,2.60,44.56,24.74,61.91,35.78,78.56,36.52,41.38,29.70,68.71,49.18,38.04,33.71,37.04,56.13,16.04,50.96,62.71,1.26,75.95,71.49,21.03,86.27,87.11,70.56,11.38,82.50,42.28,81.18,98.06,85.73,86.26,90.16,21.77,20.16,29.73,45.72,64.10,46.76,91.87,39.73,35.79,41.38,31.58,56.49,51.32,68.42,38.91,88.78,59.43,1.82,33.19,99.18,54.88,83.46,86.18,33.04,19.12,82.38,98.53,27.09,40.72,32.85,95.53,48.38,12.25,97.71,28.80,68.15,99.01,21.40,47.51,62.55,84.71,21.31,31.18,5.93,92.87,12.11,27.09,83.27,73.61,54.66,2.06,32.14,17.20,47.93,62.84,52.12,49.72,78.77,82.97,14.58,41.06,62.51,74.34,81.64,74.80,86.19,0.90,97.66,65.02,2.97,51.80,88.91,41.36,65.05,58.47,60.15,59.07,65.23,62.69,89.46,50.86,50.90,17.63,26.79,28.76,68.56,5.88,19.98,8.83,61.57,13.44,38.61
p27.45,52.59,18.97,81.28,69.63,65.25,0.21,85.92,1.03,26.31,53.24,58.20,63.40,76.72,67.83,59.43,94.65,30.16,89.71,11.62,99.32,1.00,34.80,73.50,4.99,41.06,67.72,91.61,9.40,37.62,50.79,18.57,4.74,88.16,50.09,14.71,3.46,25.28,35.85,78.68,54.14,48.60,44.27,5.30,83.27,80.09,77.92,45.70,14.99,76.95,16.06,55.16,77.56,95.55,38.10,8.09,28.48,51.22,19.76,52.25,37.54,10.87,64.99,9.88,8.10,40.57,98.15,35.76,58.86,91.14,12.07,1.42,88.50,11.97,54.31,71.23,69.73,6.04,44.37,70.74,24.13,23.35,54.87,52.43,84.06,11.27,20.19,9.92,56.06,37.84,75.34,85.72,85.65,48.00,92.91,11.53,58.24,31.58,95.93,61.67,30.24,31.07,53.10,20.99,30.68,13.51,71.45,88.40,41.69,21.72,61.52,98.72,19.86,16.85,26.99,90.83,35.64,90.45,62.69,75.64,63.68,23.82,12.69,9.99,2.11,75.13,44.29,99.12,80.84,42.78,37.72,24.03,82.65,92.56,72.19,32.63,79.95,52.41,59.56,75.39,98.16,25.34,41.98,72.07,40.65,52.51,32.78,76.73,19.53,41.78,26.83,49.50,7.73,73.81,70.64,36.50,22.06,83.65,38.73,55.10,72.58,93.74,17.20,57.51,89.03
p27.45.w,97.99,61.56,13.72,23.46,21.14,4.26,37.49,88.79,61.77,79.27,64.80,1.94,85.46,46.38,27.32,99.20,2.70,94.10,6.13,85.34,87.15,21.08,27.15,12.21,42.55,50.75,69.24,0.49,85.57,83.55,50.18,91.00,47.47,91.18,26.55,6.23,25.14,48.40,90.60,7.69,0.03,18.79,79.26,43.14,98.96,13.06,97.76,51.93,25.20,12.93,1.53,33.18,78.76,92.21,69.29,55.45,41.39,28.52,0.08,28.34,58.24,82.50,96.08,94.73,89.20,61.08,19.56,63.92,15.82,14.40,14.78,33.07,18.29,32.39,76.96,22.80,79.15,71.59,44.73,22.31,14.37,18.35,52.01,8.24,63.78,14.78,54.08,10.96,69.58,19.81,38.82,18.02,3.04,80.27,24.92,44.80,96.55,54.47,97.47,41.49,46.58,50.37,39.53,79.01,51.86,0.53,73.58,19.55,74.72,13.91,17.26,97.75,80.63,8.94,46.89,43.34,60.18,32.78,70.95,81.85,45.17,37.84,93.77,7.60,28.55,95.47,70.97,44.92,65.75,64.35,64.74,92.12,65.28,48.02,53.82,7.86,90.04,55.27,72.55,54.39,71.83,7.95,56.39,38.70,21.66,26.78,70.51,16.86,7.43,57.91,24.72,57.57,8.48,99.57,55.15,9.57,6.75,96.38,14.11,21.95,85.09,33.01,79.52,18.79
p27.5,32.72,80.67,88.31,38.34,35.65,59.10,27.86,11.24,51.13,35.18,4.93,66.87,21.38,68.20,94.20,6.33,36.66,80.87,2.88,71.24,12.09,87.02,23.03,11.55,98.77,92.32,71.88,72.60,68.53,4.79,45.42,93.85,88.91,53.13,62.00,72.23,44.28,64.19,55.59,43.94,91.74,86.86,62.40,77.05,71.80,92.80,85.08,16.10,4.08,8.96,83.22,10.23,34.98,32.16,23.90,69.09,82.96,49.20,18.99,69.01,4.20,7.99,20.22,84.85,90.35,59.98,79.23,88.70,22.30,57.53,11.33,42.88,39.16,43.98,4.11,56.36,50.24,44.82,29.99,55.55,35.94,37.86,28.51,24.40,8.17,26.96,74.26,55.00,39.55,37.88,15.75,3.14,27.53,79.88,18.48,56.95,44.22,8.46,26.57,90.53,26.69,40.56,52.98,82.50,73.06,72.87,36.63,33.54,46.50,96.99,81.93,26.14,39.75,84.52,6.50,51.44,72.96,59.77,13.03,80.31,38.77,43.92,20.53,99.73,88.00,96.60,28.05,82.14,49.88,91.05,54.48,55.77,52.06,9.44,67.63,59.53,4.27,21.24,55.26,91.00,18.65,86.48,61.05,7.74,58.81,15.10,17.42,42.64,54.83,26.57,66.81,65.76,9.93,73.14,84.36,22.48,85.54,21.57,9.14,40.01,0.81,97.57,39.84,61.68
p28,15.25,83.91,26.34,79.37,70.59,21.52,87.96,79.69,31.09,37.87,41.19,85.68,85.81,25.17,96.15,51.26,51.84,26.19,29.25,33.32,58.03,39.79,82.99,10.49,15.96,64.93,89.77,58.07,27.43,73.41,5.22,82.19,85.92,94.65,69.02,70.85,31.90,28.11,46.43,47.37,52.03,87.35,86.90,36.46,63.23,61.28,51.70,33.91,79.98,58.00,62.04,19.27,85.38,67.11,9.38,27.75,41.62,46.95,83.73,14.53,31.70,31.96,41.91,70.88,10.48,75.40,48.20,20.88,8.64,81.91,58.26,91.12,62.46,27.40,76.51,86.53,65.72,45.28,53.74,5.08,91.60,36.27,70.03,43.66,18.11,94.66,65.82,11.53,28.37,8.83,24.29,44.25,48.26,13.98,60.11,35.75,60.25,73.35,24.40,43.64,37.66,25.38,59.48,29.01,19.45,73.92,11.63,39.72,31.10,65.54,92.66,12.78,94.28,62.18,32.79,83.34,50.07,28.47,52.07,61.16,89.89,87.74,57.29,14.77,95.40,22.63,17.23,21.65,47.83,90.34,43.14,8.08,93.01,76.61,99.90,89.49,22.81,33.77,14.12,68.98,93.96,73.20,94.05,64.22,39.08,4.81,62.31,93.59,22.57,6.08,49.35,18.08,91.27,92.22,68.77,86.07,99.22,95.99,4.43,35.95,49.77,46.17,84.31,96.99
p29,18.46,45.21,0.58,59.99,53.61,95.51,75.16,79.95,96.53,46.33,66.14,41.59,35.82,78.47,63.50,96.73,5.21,21.96,43.04,67.71,26.96,75.19,95.46,17.74,19.10,24.75,22.59,97.04,94.18,6.93,20.11,57.91,90.57,13.31,36.94,67.20,43.97,91.72,29.12,59.80,96.80,85.63,7.21,73.48,67.78,23.44,52.89,16.42,23.01,23.39,31.16,68.93,40.36,41.24,73.53,75.23,64.42,42.39,93.17,76.37,52.46,55.92,27.13,83.04,87.02,59.76,73.86,80.38,41.54,51.86,47.15,62.43,70.94,75.94,89.13,58.39,9.18,92.56,53.37,76.47,7.30,22.35,46.64,33.66,56.06,58.00,8.42,88.21,8.99,14.78,84.32,7.95,70.62,16.05,62.76,91.03,55.30,53.92,95.53,55.52,28.51,30.97,99.45,76.03,20.31,93.69,7.64,62.26,6.56,87.67,7.64,25.59,15.20,9.83,11.44,48.47,50.14,69.00,23.50,39.22,68.16,1.90,9.53,36.71,9.36,99.33,9.63,23.46,69.47,6.47,94.82,5.45,92.68,2.29,92.20,35.75,56.35,30.77,88.22,28.25,71.33,87.76,20.95,47.77,11.72,60.33,56.97,95.69,81.70,40.28,54.96,97.82,89.00,34.57,54.59,46.25,78.66,17.53,26.60,96.68,59.21,32.21,99.29,22.10
p30,70.70,48.40,4.04,66.02,95.78,19.53,56.95,39.22,9.95,8.19,94.55,18.76,41.90,72.58,44.23,46.32,6.28,34.27,28.86,82.75,94.83,51.90,58.68,46.35,97.31,7.85,36.34,89.36,97.96,79.43,80.49,90.69,21.12,99.04,57.31,44.11,21.12,30.06,35.50,80.65,21.59,25.62,80.27,82.39,23.46,19.83,88.87,2.93,35.25,89.25,0.26,33.97,53.16,53.48,9.82,1.54,67.51,23.38,82.52,79.67,2.41,61.29,29.09,14.89,70.77,66.28,9.60,91.11,20.31,41.73,96.53,12.91,24.61,98.19,93.67,3.80,41.98,87.48,25.49,4.10,5.10,80.05,54.33,42.28,10.84,84.94,78.53,79.57,91.65,54.25,21.42,58.84,93.85,45.59,61.69,40.54,30.04,44.36,11.93,94.33,16.35,69.47,50.15,87.42,75.09,54.09,48.86,67.80,83.95,54.00,96.91,53.60,58.49,90.93,39.78,29.46,17.77,36.39,86.54,80.81,99.31,13.66,77.65,77.91,53.72,97.58,54.51,34.05,35.99,17.40,94.25,90.16,34.94,77.16,64.57,51.74,9.66,50.62,14.30,57.03,28.04,98.41,61.19,96.36,73.14,6.23,5.41,39.42,63.09,47.61,88.20,3.25,26.77,66.29,34.91,77.35,27.40,85.45,57.80,81.58,89.79,51.29,98.33,76.73
p31,85.42,13.97,17.64,60.28,21.40,93.52,61.08,52.20,80.79,48.23,3.31,23.16,68.52,80.18,54.37,56.74,5.21,69.43,40.50,21.51,26.48,12.79,18.98,85.87,19.13,43.51,34.25,22.92,62.62,45.91,58.61,14.15,34.36,33.39,20.04,36.22,63.69,33.28,17.67,46.20,74.93,8.13,76.84,71.69,85.55,4.08,13.26,21.55,90.93,10.82,36.14,24.86,7.19,81.75,41.95,3.62,85.49,76.47,40.89,4.28,1.56,51.29,78.72,95.08,26.04,95.43,68.60,32.72,53.08,25.08,33.33,97.03,72.10,59.67,22.21,49.76,59.85,35.36,75.52,13.97,26.63,0.33,18.74,97.13,20.54,39.56,79.57,41.67,23.68,54.74,18.90,29.84,39.14,92.15,33.61,13.83,41.35,21.93,21.51,70.91,20.42,43.41,0.60,6.85,24.45,33.64,49.18,80.76,78.99,95.74,5.01,90.46,11.59,72.73,13.75,89.36,48.21,53.16,69.10,66.61,24.69,3.52,8.43,0.29,87.44,34.14,7.15,25.75,52.48,89.35,41.03,43.61,90.02,77.75,88.05,90.20,73.26,77.80,16.58,84.63,58.94,92.73,99.49,55.18,10.38,8.08,21.66,51.45,39.54,39.88,34.33,92.18,19.32,78.53,45.33,62.94,15.16,18.45,8.62,33.30,10.89,54.74,91.65,13.66
p32,30.48,46.79,77.01,82.57,18.62,95.94,21.69,56.75,0.52,52.40,23.94,68.81,45.70,99.38,61.82,24.34,39.60,22.96,71.26,11.95,78.90,94.78,40.61,98.75,10.86,16.33,25.90,49.75,22.37,4.35,86.32,18.50,46.41,17.08,77.64,10.98,7.88,69.28,71.13,63.19,7.40,79.50,56.05,32.03,45.62,90.52,77.66,53.22,28.71,65.69,31.96,56.82,50.92,10.84,42.57,97.04,75.82,99.31,10.99,44.70,62.66,0.65,78.70,98.57,40.63,93.24,65.40,34.83,5.65,76.91,17.63,53.52,4.51,3.49,45.38,1.28,1.79,34.33,20.69,24.55,5.16,61.11,18.81,96.52,46.75,51.39,77.10,8.01,18.15,68.02,57.89,81.13,97.56,99.31,49.82,45.33,96.97,65.43,75.58,35.85,21.51,95.53,81.74,73.98,47.03,4.85,51.60,15.62,59.36,62.36,48.24,62.22,49.58,35.51,97.23,99.80,41.43,63.16,31.09,83.27,40.80,0.76,60.40,64.56,20.30,13.33,4.82,4.08,72.34,34.01,48.49,43.26,35.52,32.57,95.85,36.73,15.24,82.68,41.33,7.41,67.93,21.59,71.32,3.50,32.14,83.18,51.38,44.42,19.31,88.30,62.94,38.65,2.63,31.18,73.23,55.16,77.77,80.96,91.77,70.75,14.66,0.30,97.16,89.28
p33,36.49,8.98,50.41,59.81,37.98,61.87,96.27,8.66,39.26,82.42,94.62,98.68,54.12,12.62,77.02,68.38,90.58,84.74,43.76,67.88,46.75,24.06,77.86,83.85,44.32,21.27,89.23,7.28,85.76,92.44,29.43,57.48,10.77,83.79,74.83,4.13,34.31,18.09,9.02,3.26,41.69,38.61,51.03,10.42,7.74,24.86,11.44,15.63,98.06,74.58,90.66,62.85,78.14,51.62,28.23,60.73,50.01,16.56,90.64,43.22,30.23,88.21,73.53,69.09,2.12,20.20,46.09,36.65,43.11,96.22,11.04,37.57,21.78,42.49,7.04,8.93,57.79,29.64,91.06,52.01,71.83,58.02,50.23,71.15,10.72,96.52,66.22,81.04,49.47,54.45,73.25,64.13,67.54,39.56,47.89,9.13,37.11,41.21,44.93,8.48,37.03,40.13,6.80,51.14,15.85,49.51,9.18,71.06,96.66,92.66,22.76,47.73,50.40,1.68,38.07,9.93,8.59,82.78,38.69,72.72,20.80,13.41,44.93,76.16,71.43,11.38,9.24,59.19,59.98,56.85,52.97,57.55,6.35,58.00,63.99,75.92,38.85,79.00,80.13,57.06,12.33,97.96,38.75,78.25,3.09,48.53,46.37,97.59,44.15,44.38,99.71,62.45,3.43,47.54,72.67,44.97,26.68,61.05,32.70,73.05,14.83,61.00,68.77,42.09
p34,26.43,17.12,60.84,34.72,88.35,25.69,61.31,59.50,69.60,24.75,7.37,4.50,47.46,95.41,83.88,59.54,41.98,19.81,73.54,83.59,9.79,69.37,70.13,28.20,84.77,22.47,88.42,15.24,72.78,68.21,85.40,11.49,93.13,79.68,29.51,49.78,76.92,90.32,40.00,53.23,27.32,89.21,42.25,62.04,55.69,93.54,40.89,9.65,20.23,29.81,35.83,62.95,67.10,69.00,6.18,28.86,97.54,76.95,31.70,55.96,70.78,75.30,22.95,70.08,35.06,24.15,64.40,62.26,29.16,0.53,19.79,67.85,84.96,19.62,11.92,69.03,26.75,30.76,71.24,16.80,24.01,6.91,1.74,11.55,7.28,44.76,41.61,54.95,30.81,58.04,74.04,39.20,64.39,99.34,42.04,73.09,52.15,20.38,52.18,65.10,83.64,89.59,44.72,12.14,63.33,47.49,62.09,55.50,15.87,13.04,81.96,13.37,82.93,81.10,6.93,15.09,7.94,77.76,24.89,45.06,53.14,61.41,41.71,40.16,75.23,58.95,68.15,58.85,74.35,2.71,6.39,1.10,94.83,16.62,96.09,98.94,95.85,3.40,47.57,89.17,75.95,3.81,83.01,2.58,33.64,38.65,57.94,21.57,50.85,22.42,13.20,47.13,25.27,18.06,65.62,0.28,92.73,90.10,40.66,93.27,68.45,26.43,69.70,96.14
p35,40.36,56.89,57.38,98.33,90.24,42.35,27.80,55.74,96.28,4.28,85.85,18.24,89.45,66.85,73.72,9.63,38.04,98.04,97.86,12.57,21.90,66.88,54.78,73.12,21.81,52.31,56.00,36.62,64.55,52.40,72.05,60.72,6.82,96.90,32.21,11.06,55.45,24.47,7.68,55.21,39.59,79.65,56.74,35.25,14.03,2.75,29.13,89.81,42.44,86.32,34.77,52.95,50.92,23.19,67.38,3.19,22.33,93.98,29.40,75.62,9.75,73.35,29.87,83.56,23.23,51.59,19.37,49.65,3.13,91.40,40.46,16.05,21.05,19.31,76.71,39.42,94.58,26.20,33.44,13.47,40.57,23.14,97.43,82.84,35.03,14.30,93.83,2.96,32.67,12.52,71.66,43.83,2.34,74.26,18.94,84.79,48.00,74.09,45.71,34.22,14.07,19.61,66.56,2.18,48.66,66.77,78.92,99.52,65.66,94.92,88.92,14.34,16.84,92.70,28.69,73.47,46.52,5.18,98.93,12.12,22.22,57.04,3.73,32.39,90.11,4.30,49.07,60.00,23.42,2.57,89.14,97.30,31.86,6.40,67.29,69.14,16.56,81.21,53.05,2.34,86.46,51.76,31.64,94.31,28.50,55.34,24.95,54.15,79.51,11.60,37.81,7.52,47.25,72.63,62.58,76.92,53.25,70.43,79.25,89.11,16.30,98.21,25.02,81.60
p36,32.38,97.56,39.57,60.25,25.01,23.26,99.51,72.33,40.88,44.61,63.32,81.06,23.82,83.21,27.10,7.52,68.97,44.92,94.37,73.70,42.38,24.82,59.95,86.42,24.39,64.40,24.56,13.88,34.09,10.95,20.09,63.34,55.41,40.17,75.97,73.97,56.39,20.75,76.12,17.26,42.11,10.95,54.58,39.36,45.98,80.34,20.43,39.01,24.63,87.10,42.09,57.45,3.37,79.89,2.25,0.97,47.63,53.62,51.21,9.77,33.76,16.97,46.62,19.66,29.90,23.82,18.10,66.01,90.29,29.21,43.71,68.69,53.32,70.92,69.17,20.78,81.06,62.69,23.54,73.77,18.89,39.31,96.97,61.29,23.92,75.77,87.62,88.78,27.26,85.05,72.48,23.79,99.56,17.15,66.08,93.07,83.10,56.37,13.98,70.59,4.50,85.96,15.84,9.99,81.22,86.44,27.82,1.22,53.40,60.83,41.63,16.58,95.66,55.73,42.88,19.92,70.48,95.29,78.67,23.70,5.24,88.19,15.45,12.14,80.93,33.81,19.11,22.63,26.78,71.12,39.17,3.82,86.37,17.43,89.95,79.01,0.38,28.92,28.95,11.85,3.58,42.94,95.23,17.21,4.75,47.61,12.43,91.70,78.69,74.31,49.93,9.96,33.84,46.63,89.76,29.05,91.70,50.03,1.92,6.35,27.37,12.42,85.94,96.20
p37,53.90,87.00,83.22,28.13,80.40,83.88,69.23,78.00,77.62,92.31,0.02,69.60,17.44,65.73,64.72,74.97,28.17,63.55,40.39,19.11,51.05,86.90,98.29,2.32,76.19,75.36,37.36,51.79,84.96,46.53,15.25,61.41,95.43,63.49,56.40,57.69,33.48,78.37,28.34,61.13,8.92,39.22,51.84,60.69,60.36,87.29,6.14,21.49,80.50,70.03,71.00,17.16,82.22,38.24,52.37,69.31,92.64,80.19,0.38,33.06,58.32,68.09,23.82,18.55,92.90,36.82,43.12,1.99,62.99,54.67,21.04,9.36,81.13,24.99,4.47,74.85,47.11,54.12,77.28,82.97,84.05,69.72,11.71,10.36,4.69,83.32,55.55,29.04,64.20,81.13,84.52,32.02,27.18,44.56,16.93,56.36,8.28,61.48,55.35,47.16,57.52,58.82,67.20,79.60,53.62,59.54,7.85,33.16,40.14,62.09,47.07,47.81,3.98,11.81,56.33,28.54,64.39,94.46,10.81,10.96,22.59,72.75,63.09,73.34,99.73,85.60,1.20,32.42,74.34,55.05,63.23,74.39,7.34,10.52,17.47,54.46,87.55,2.75,12.91,12.48,85.38,73.28,31.48,98.82,12.11,76.07,85.98,64.18,30.33,4.56,11.49,86.91,43.82,28.38,37.73,15.75,84.16,0.15,45.26,86.13,22.62,43.37,36.44,29.94
p37.w.1,66.22,11.68,60.43,89.44,65.17,88.24,16.19,91.24,39.56,42.39,51.01,51.20,57.87,63.25,7.80,38.81,62.29,77.15,47.05,98.70,16.24,72.01,4.13,4.36,36.62,96.66,23.84,56.35,29.76,89.13,95.11,52.93,9.57,49.48,76.52,66.49,86.17,18.84,38.34,90.80,96.27,8.34,84.46,41.24,45.70,59.34,3.53,89.05,51.75,83.17,29.37,67.41,50.64,90.95,73.84,43.12,22.28,37.30,7.49,70.74,33.57,51.43,28.43,8.59,4.13,7.80,36.00,11.86,79.57,30.11,80.67,96.95,0.87,37.60,72.76,40.72,28.36,52.06,13.74,3.04,27.94,47.82,59.82,69.77,34.68,43.79,65.41,61.00,26.73,15.75,53.70,20.57,29.77,61.72,82.68,94.50,51.45,16.00,61.86,79.94,58.46,16.00,89.97,8.24,72.99,93.63,15.55,16.29,0.71,72.08,80.02,0.89,13.15,1.49,69.27,33.15,40.61,41.36,53.41,54.17,28.08,89.93,89.87,30.16,14.65,43.06,81.82,21.59,49.77,35.91,48.10,15.48,83.41,82.08,98.18,49.37,14.91,32.53,74.54,98.95,99.14,74.87,43.94,37.54,85.10,3.89,99.08,89.25,80.66,97.06,20.09,77.51,27.55,59.17,56.77,54.58,22.61,59.33,4.52,50.64,42.88,43.45,42.65,52.44
p40.11.a,76.41,58.82,10.15,55.80,61.28,96.88,83.84,81.45,4.38,22.98,8.70,59.89,0.10,26.23,77.91,54.22,77.84,69.79,61.51,51.24,21.76,4.44,17.53,66.34,69.83,13.04,58.75,89.68,45.47,54.10,62.38,31.91,30.40,13.40,54.26,12.63,62.48,57.73,7.57,58.28,72.90,8.86,72.53,53.45,94.84,77.64,27.67,20.84,87.35,19.39,31.02,31.63,74.22,90.22,59.90,48.66,16.16,58.79,34.44,1.06,83.33,75.81,73.09,78.66,95.32,92.93,90.10,36.45,88.73,36.47,12.57,2.68,92.98,7.52,53.87,56.07,80.04,11.01,50.35,23.85,93.22,50.02,63.21,71.78,94.30,54.64,12.55,37.58,44.48,4.70,48.39,54.07,44.48,22.86,9.06,4.69,90.90,47.39,76.03,5.33,80.69,63.60,71.81,4.56,9.57,99.72,26.53,67.68,75.50,3.36,11.44,70.83,79.04,42.22,1.67,24.41,50.06,34.74,23.15,23.74,95.41,19.94,30.65,95.90,55.56,88.28,90.57,25.59,41.08,93.10,87.00,52.69,59.60,90.15,43.48,57.94,1.23,75.93,82.68,23.80,82.80,32.98,96.45,32.10,7.32,71.49,46.32,52.76,15.37,47.77,37.70,25.61,38.93,94.80,8.94,38.38,11.86,5.29,39.00,18.74,48.88,58.25,36.99,32.42
p40.11.b,38.51,50.55,75.38,30.46,81.33,72.80,65.31,77.12,66.32,80.44,50.24,67.69,33.98,79.09,43.64,75.78,88.95,41.43,27.80,13.20,32.64,50.91,37.06,27.61,17.86,77.52,24.27,76.81,75.71,25.44,60.11,73.31,33.37,10.66,2.77,65.00,10.11,28.44,53.28,17.04,20.25,11.39,98.95,17.49,96.62,44.54,69.85,43.17,53.15,28.22,32.86,95.89,37.33,65.30,57.87,72.20,38.33,58.33,59.03,48.52,54.28,44.10,72.85,80.74,74.40,83.32,88.57,92.33,99.03,65.48,48.44,12.11,31.84,12.31,27.66,24.79,96.28,73.45,5.72,93.67,76.88,17.61,16.44,15.67,25.56,38.37,82.15,42.05,61.47,24.33,83.11,28.95,51.75,82.63,51.57,92.86,49.85,59.70,25.73,0.58,63.46,3.38,64.47,34.23,29.65,21.39,39.61,53.41,10.87,74.48,36.20,64.92,57.27,85.40,35.55,9.60,49.03,81.23,1.95,81.01,65.77,92.81,47.20,46.33,89.52,24.31,7.33,7.38,17.41,75.94,63.86,34.64,33.95,59.67,38.29,15.74,28.88,29.04,99.52,75.29,54.22,13.84,76.24,63.82,26.94,13.90,6.86,4.34,49.18,42.82,21.02,56.92,28.31,69.15,71.25,56.71,17.30,82.51,34.77,74.63,55.30,61.62,43.32,76.44
p40.11.c,47.87,80.21,2.58,67.06,64.32,44.33,55.68,93.58,3.33,83.22,79.50,53.09,40.36,60.39,15.12,38.79,97.25,36.30,36.27,23.94,62.55,59.84,52.49,76.45,36.04,81.86,60.08,12.69,43.63,32.21,65.77,95.51,70.28,20.97,14.86,11.44,64.53,27.58,68.92,88.18,44.07,35.18,96.48,22.43,18.57,15.12,25.01,83.68,20.99,68.76,21.41,9.53,4.87,26.76,13.51,67.54,63.92,3.70,76.78,49.48,35.44,90.67,14.64,20.44,84.31,22.94,48.90,16.95,67.59,52.81,17.09,23.32,55.83,69.41,40.57,50.98,39.82,46.13,25.34,43.45,32.06,89.81,81.59,70.17,38.05,60.48,71.25,94.44,2.35,28.24,11.66,13.01,4.42,57.06,72.88,78.44,26.91,27.03,30.19,10.52,85.06,77.46,63.69,92.36,23.38,48.35,19.78,9.83,55.35,97.99,65.89,54.90,97.75,34.92,99.81,79.71,42.66,60.08,66.26,9.02,73.05,65.96,20.28,71.68,90.72,99.72,99.83,91.55,52.16,36.37,59.14,55.44,49.62,95.71,70.36,11.63,63.61,79.02,4.04,56.93,26.58,17.16,40.72,25.74,2.34,9.88,47.08,9.66,13.10,33.89,80.40,29.14,98.80,23.21,70.87,71.48,25.11,5.13,41.54,81.08,88.04,40.49,98.33,15.65
p40.11.d,97.78,60.61,13.92,88.48,50.88,22.57,1.02,87.69,18.02,7.98,26.56,18.49,78.16,16.36,81.73,57.22,57.36,46.66,87.34,93.94,90.82,45.10,74.57,53.55,23.74,91.71,67.09,83.67,42.19,15.70,93.93,98.04,41.04,7.03,83.06,19.85,6.84,40.18,18.25,32.66,1.16,74.03,71.49,32.54,26.86,78.28,50.95,43.29,66.56,94.93,57.68,34.60,99.66,8.07,16.01,39.76,23.20,85.40,6.51,29.03,93.50,42.59,77.04,25.29,34.15,55.87,44.07,96.38,84.16,99.96,26.42,82.92,70.24,46.50,95.25,10.41,22.01,81.10,4.62,95.05,7.09,68.45,84.65,28.80,24.51,47.43,79.67,64.07,96.20,92.95,60.94,99.18,64.32,63.08,69.03,10.64,96.18,74.77,8.39,85.12,61.60,92.39,23.59,78.35,57.85,47.09,4.92,96.08,6.37,58.14,47.74,22.07,73.71,99.87,28.38,29.75,52.11,39.80,7.34,28.36,19.68,53.72,38.67,5.40,11.54,63.85,96.26,92.46,58.56,19.87,25.73,36.82,96.04,2.02,63.43,49.08,31.73,70.16,65.03,21.18,23.17,69.95,80.22,48.96,93.00,10.05,43.47,2.35,61.36,73.01,11.11,51.20,27.16,94.89,1.82,18.63,19.46,68.51,9.17,35.79,81.64,39.24,41.99,35.86
p40.11.e,28.13,40.12,45.25,22.43,46.07,13.77,47.84,86.47,7.26,2.96,96.89,11.63,16.42,90.34,64.65,60.58,90.68,44.84,9.70,10.71,71.18,47.56,89.58,93.45,42.49,52.88,56.16,45.79,55.43,69.87,18.39,60.40,31.40,22.91,25.50,71.47,7.91,4.75,56.77,85.96,67.85,40.83,97.21,43.12,0.62,34.17,26.28,87.32,16.79,44.75,3.16,85.27,92.03,95.65,74.21,56.10,79.45,90.71,21.16,88.69,34.56,5.68,54.30,68.83,2.07,77.94,88.41,65.88,20.10,57.72,90.48,6.25,22.88,73.47,63.03,86.45,7.44,40.51,39.04,6.79,38.23,89.53,72.37,55.81,32.39,79.85,56.95,70.52,70.32,98.95,21.54,13.76,26.36,76.51,79.30,62.20,46.28,87.25,0.58,80.10,41.26,61.51,52.60,8.73,60.60,60.73,94.00,4.69,54.37,29.88,3.54,32.48,84.15,44.14,79.98,80.45,31.72,7.82,7.05,62.22,70.96,76.55,84.19,78.63,36.16,20.81,18.15,69.80,32.00,12.26,9.13,12.66,52.92,36.62,3.98,71.06,54.65,81.14,88.84,78.66,59.76,65.07,70.37,34.22,79.84,20.75,16.78,83.92,63.32,29.74,98.06,32.67,35.89,83.07,3.11,77.70,86.04,75.29,63.64,91.08,47.83,26.56,24.54,98.82
p40.11.f,92.47,48.98,26.68,13.91,48.81,78.32,44.96,56.41,81.88,44.21,94.14,48.94,4.73,48.45,64.00,91.98,88.80,46.85,45.96,36.73,67.69,68.73,36.71,94.76,5.89,2.57,67.43,30.04,1.15,77.88,94.55,68.78,73.52,79.79,97.19,51.50,79.62,24.02,68.77,47.02,9.45,65.42,85.78,16.77,90.14,5.64,27.20,18.52,12.15,82.92,9.47,46.56,72.44,90.13,57.40,27.04,45.54,16.83,13.15,78.05,15.77,35.68,76.23,17.33,32.19,18.72,11.10,59.50,30.47,80.28,45.35,60.20,77.12,48.99,97.95,48.66,80.49,95.00,54.02,6.16,8.89,10.00,94.18,94.20,66.82,44.75,25.76,85.42,26.96,34.10,65.35,69.17,63.88,12.45,10.49,26.65,45.70,14.45,0.06,64.37,12.04,44.42,15.45,45.55,35.03,40.03,11.35,22.20,66.85,60.46,30.65,71.94,21.91,34.99,51.98,86.65,64.54,13.63,24.55,68.03,97.10,52.83,9.04,4.03,20.48,89.75,2.92,65.68,75.42,35.04,70.42,32.09,96.09,83.56,1.12,89.56,86.70,17.58,84.47,36.53,18.70,40.24,44.94,27.54,52.05,54.90,81.71,59.93,41.98,82.02,76.20,58.85,69.87,53.01,99.08,51.60,99.95,97.40,76.43,55.68,62.76,28.31,46.50,96.18
p40.11.g,44.72,84.25,26.20,85.73,1.05,43.01,70.66,91.42,58.79,24.62,48.32,27.77,45.56,32.91,85.76,20.62,10.04,90.11,71.67,45.61,35.74,33.46,10.10,42.26,90.00,62.17,77.55,78.75,29.09,48.40,23.06,97.63,2.10,90.80,44.48,76.79,16.04,94.11,59.28,85.11,3.00,75.28,70.64,18.27,84.33,96.39,13.02,85.52,94.30,5.15,16.88,71.78,39.02,77.75,23.94,70.25,55.93,84.16,48.92,90.46,24.05,92.34,24.93,31.36,35.64,18.52,67.02,6.47,36.01,44.92,32.31,20.13,54.64,19.31,41.52,52.43,78.26,82.18,15.19,95.02,41.27,61.11,67.50,69.32,52.03,60.44,74.49,90.23,37.65,53.48,33.61,47.44,93.10,88.35,18.06,50.26,81.55,18.19,3.29,95.10,46.53,45.76,43.22,48.64,99.72,79.05,36.83,79.05,61.15,90.52,26.75,36.22,29.86,11.55,87.50,34.40,99.60,24.18,7.71,17.19,37.66,19.32,96.56,12.17,54.82,8.65,67.36,13.86,44.82,12.67,74.12,40.55,84.86,73.25,28.23,36.80,43.83,59.95,14.45,93.10,23.23,59.30,22.41,86.48,89.44,35.20,94.25,80.80,71.55,98.04,21.16,57.40,87.26,2.33,14.72,81.56,3.50,46.44,6.44,6.87,87.36,15.09,14.37,30.69
p40.11.h,45.64,36.99,62.83,82.79,3.28,68.06,83.65,84.16,29.30,53.77,36.57,59.59,43.66,17.67,54.08,74.02,87.80,48.07,20.43,58.98,8.30,60.41,69.39,65.89,37.50,75.93,26.84,77.88,81.60,69.93,32.54,95.31,43.21,17.07,28.45,0.44,61.30,11.61,43.64,78.56,53.29,26.14,86.88,77.85,19.98,93.40,55.32,32.94,76.07,23.20,80.66,11.30,93.08,55.43,11.24,45.78,6.58,20.43,93.54,81.89,92.49,95.56,83.56,4.44,2.56,90.98,45.87,75.45,89.73,24.09,28.09,2.68,23.64,91.13,5.80,67.29,49.08,85.52,67.90,20.56,58.58,41.82,8.26,24.43,2.46,31.21,99.16,60.82,62.15,40.33,59.24,60.65,20.78,9.60,75.23,22.63,32.65,90.54,14.18,37.60,40.03,79.47,15.37,96.84,86.55,92.71,7.89,24.91,68.47,55.89,17.43,97.90,49.58,27.69,42.06,0.73,92.26,94.40,24.60,67.95,84.75,75.20,47.44,55.61,68.94,89.96,73.04,70.70,97.74,47.36,97.74,83.76,1.36,99.48,55.76,68.04,40.11,78.77,85.41,74.05,18.65,6.74,45.19,85.09,51.99,99.52,73.40,57.34,28.54,5.82,62.66,84.78,85.06,85.91,83.73,68.96,16.68,20.65,24.82,9.34,7.76,92.63,85.39,78.67
p40.11.i,66.45,34.66,45.12,18.79,55.58,64.07,34.60,90.65,91.02,3.84,36.54,45.65,83.23,54.98,78.31,63.22,79.43,18.36,76.88,5.43,42.82,11.55,5.40,70.97,98.62,15.85,60.36,42.49,31.67,24.35,33.58,80.52,40.43,66.42,37.01,34.77,79.18,45.97,23.12,30.27,18.34,47.16,89.72,97.71,77.55,59.64,3.80,0.34,6.23,1.28,45.07,46.02,63.70,84.25,37.00,92.60,11.40,83.96,39.88,20.99,22.58,70.76,83.74,98.06,6.53,49.41,20.92,96.43,14.96,21.70,99.98,13.22,40.32,88.20,87.83,24.27,42.91,32.97,74.32,4.85,64.86,51.39,80.94,21.99,63.40,38.32,34.95,44.18,30.22,4.81,22.12,91.13,29.05,98.72,62.41,0.58,10.46,67.88,62.69,76.88,48.12,50.05,45.67,77.52,71.50,27.72,53.85,27.31,89.63,96.08,17.05,64.23,97.05,69.69,64.33,99.02,97.95,12.21,55.08,67.05,59.11,81.74,5.03,75.84,15.79,12.35,10.93,10.44,48.07,69.21,6.98,91.49,8.88,57.46,31.24,84.24,0.74,15.61,73.89,97.23,16.80,65.11,38.12,19.53,69.25,20.23,17.77,64.69,19.84,78.91,12.15,75.72,93.00,72.08,28.95,52.38,81.22,30.02,39.60,81.50,43.59,23.46,70.02,81.05
p40.11.j,23.94,87.27,31.07,16.53,24.86,54.60,58.28,56.30,11.18,47.97,73.75,33.22,46.28,14.26,64.11,91.67,5.05,40.93,38.96,18.58,46.94,59.67,56.24,68.16,48.12,95.55,48.78,55.81,63.49,27.06,16.02,63.44,1.96,63.59,54.08,54.19,62.32,38.88,99.62,66.35,34.03,98.50,89.97,5.25,74.71,0.38,46.33,9.65,39.80,96.47,82.98,99.22,49.28,32.60,26.53,49.47,80.39,90.94,25.17,43.02,33.22,10.39,19.90,58.96,60.03,99.15,18.14,82.37,55.84,10.33,23.36,5.39,33.32,71.15,6.36,6.58,99.03,11.58,17.41,96.57,29.22,33.67,60.46,36.33,66.16,87.20,68.53,16.16,96.67,55.72,23.19,70.53,96.31,52.86,2.77,93.29,21.56,17.53,49.91,62.51,69.61,54.89,84.83,56.62,74.34,44.79,88.79,46.59,90.50,30.05,52.03,86.52,47.49,2.16,88.85,67.82,82.02,14.33,27.58,33.82,56.20,81.22,62.91,40.15,97.69,61.86,57.72,61.15,75.54,30.61,80.50,47.73,7.71,62.92,99.09,10.14,50.15,53.68,50.43,32.13,88.87,20.59,63.58,63.51,85.65,30.31,17.87,49.42,23.08,13.59,15.08,10.38,68.13,39.06,3.89,39.45,81.73,87.14,82.31,69.29,27.87,64.32,23.75,34.25
p40.11.k,25.02,45.90,49.82,51.75,9.51,44.13,56.83,32.65,51.39,32.46,52.52,29.27,39.83,93.24,45.47,69.11,85.16,25.07,69.19,75.28,85.36,71.18,81.75,40.60,14.94,85.89,83.83,17.28,52.80,91.35,21.44,15.79,83.46,33.24,26.73,56.94,71.61,41.26,19.17,20.93,1.00,15.96,81.21,9.89,66.28,45.68,94.15,86.57,19.62,76.27,87.15,87.75,48.09,10.47,75.82,86.01,22.53,94.86,97.37,5.28,28.43,21.10,1.25,13.90,80.47,56.44,30.49,18.27,83.77,51.68,55.95,10.23,17.02,10.56,65.22,17.87,20.51,94.58,2.38,48.70,5.54,32.46,35.88,10.41,46.71,16.77,41.21,51.63,16.37,0.54,19.05,17.34,3.41,43.82,16.48,91.82,50.56,94.85,60.56,40.42,4.81,6.56,77.22,61.61,97.91,74.67,78.62,73.69,51.79,34.05,53.88,39.22,22.50,3.21,33.33,98.78,6.81,87.58,35.76,40.34,16.32,86.50,82.00,59.53,55.18,92.22,57.00,61.87,74.22,57.10,6.92,97.55,21.70,38.33,62.99,87.91,66.94,96.84,81.53,15.13,63.78,24.37,72.87,31.00,82.67,13.75,89.27,13.80,38.11,71.98,14.42,44.81,78.28,24.94,92.88,0.67,68.41,12.47,58.82,96.69,87.12,35.22,12.30,96.05
p40.11.l,9.07,18.93,42.13,87.37,24.18,55.70,26.31,7.66,87.89,12.45,57.75,12.47,75.07,29.97,66.92,79.46,11.59,96.11,82.46,59.45,62.35,78.75,48.81,71.73,24.69,95.42,75.78,4.60,8.26,99.75,43.87,45.78,33.78,70.80,5.27,83.85,33.37,60.06,31.52,95.34,21.47,9.90,37.83,14.33,86.30,51.14,65.10,43.14,74.05,79.88,19.51,39.92,52.08,5.25,81.19,90.57,21.52,93.84,90.99,7.48,35.39,13.19,93.54,85.98,58.59,92.12,5.63,86.93,36.16,79.64,53.79,28.25,2.38,30.32,45.91,9.90,54.88,40.22,52.45,4.73,8.46,45.69,50.17,12.79,84.53,61.73,62.57,92.52,63.90,18.12,92.88,1.90,43.04,20.91,60.26,21.56,95.38,71.80,39.95,78.72,69.08,88.40,65.18,83.63,61.24,95.87,89.02,41.68,9.95,48.39,16.57,34.23,92.90,66.85,82.40,8.46,93.63,73.46,6.01,86.52,4.41,50.84,6.00,62.98,3.18,73.44,45.34,49.43,65.48,48.67,17.72,64.77,36.21,70.73,96.97,59.97,49.32,75.45,45.25,34.17,8.60,26.20,66.36,12.64,5.23,28.65,45.66,27.88,7.38,58.57,66.01,44.33,66.49,66.32,94.44,13.35,63.86,83.52,16.42,91.09,83.54,58.37,66.45,43.98
p40.12,97.20,88.50,83.94,72.89,73.66,88.86,75.77,69.34,55.58,71.30,99.70,92.46,87.59,77.30,13.05,47.61,24.25,8.83,92.68,94.65,83.63,72.13,67.00,60.47,52.08,35.58,69.45,51.92,50.85,36.29,29.51,9.00,98.49,76.34,48.81,67.54,51.05,61.94,33.83,70.05,90.39,49.31,73.89,2.82,93.82,39.52,64.76,50.81,93.80,19.19,85.32,15.34,87.87,18.61,12.98,93.27,48.94,55.14,56.17,52.00,32.33,85.31,4.56,73.18,59.97,98.80,84.36,2.73,10.85,59.20,91.71,27.32,14.69,67.60,7.83,14.59,5.18,67.46,26.17,58.92,19.38,36.25,78.77,40.70,74.66,40.50,83.38,92.00,57.49,94.32,94.50,6.06,80.30,44.04,50.64,78.26,66.35,89.14,56.52,82.86,47.18,12.65,93.57,30.18,85.08,27.84,2.28,78.76,12.20,50.29,36.30,27.88,21.43,54.10,42.97,72.08,72.60,37.11,0.18,26.31,9.20,9.09,32.21,61.01,18.63,99.98,14.00,85.34,46.10,21.87,98.06,43.76,79.99,16.17,24.04,52.03,98.48,50.03,57.56,63.38,31.21,49.69,3.04,23.54,14.63,0.98,73.56,16.24,99.03,51.44,69.88,16.30,56.37,36.92,76.16,52.88,28.99,83.04,87.09,57.41,18.55,43.01,61.96,60.93
p40.13,29.27,46.25,58.45,20.50,84.40,88.36,20.62,39.92,12.20,81.87,85.35,18.12,62.02,24.98,31.15,13.30,11.04,18.95,33.93,97.11,85.25,91.07,9.52,18.34,13.79,56.64,12.85,97.45,17.89,64.25,12.16,66.98,65.85,96.95,37.34,64.95,90.20,28.30,65.84,47.81,96.07,81.85,42.59,69.94,88.59,7.73,80.13,40.78,34.61,38.69,77.68,58.18,62.58,41.30,97.25,74.85,37.45,99.91,1.85,19.77,52.64,97.40,99.83,63.43,59.93,88.83,67.36,39.60,52.06,91.85,81.16,79.31,37.94,89.69,42.68,18.87,43.04,34.50,71.47,65.27,66.05,8.52,6.54,51.37,26.49,41.29,5.12,26.83,63.79,66.04,81.38,75.67,63.72,66.44,2.41,29.23,44.33,36.46,21.57,27.13,14.01,13.46,89.93,59.41,13.30,21.65,29.59,35.11,20.60,69.19,69.02,26.41,53.10,20.59,95.46,46.07,98.63,88.36,81.13,72.84,42.72,57.43,55.05,53.62,86.01,69.84,68.22,35.25,40.93,2.74,7.93,30.57,95.53,24.89,1.31,33.23,40.72,65.49,91.83,46.78,37.58,78.38,37.63,67.00,68.05,61.68,98.76,5.58,41.42,85.92,24.86,70.27,50.79,97.04,54.28,98.95,60.65,9.92,94.79,19.06,48.92,22.29,60.16,34.14
p40.2.a,82.69,10.72,51.06,52.28,48.93,83.80,71.16,67.08,44.19,57.58,28.74,75.68,8.37,37.30,82.98,24.53,77.81,30.58,52.24,60.28,61.61,74.33,22.47,47.35,92.00,13.74,26.72,89.58,48.18,32.61,72.50,12.70,97.40,79.12,4.19,42.04,1.53,86.74,95.67,29.85,34.01,24.45,30.20,49.46,24.44,71.72,10.38,51.22,75.26,86.81,68.62,34.35,7.58,27.46,90.79,32.29,77.56,37.88,82.36,17.60,3.65,45.92,93.07,78.61,63.26,14.80,17.07,9.75,92.04,62.01,77.76,8.29,5.82,16.64,59.19,97.95,45.58,13.32,81.40,76.73,83.17,26.39,35.01,53.84,34.96,96.60,99.67,26.58,57.79,20.73,21.37,78.43,18.07,90.32,76.07,96.53,75.15,2.12,86.83,75.53,20.64,62.99,10.31,61.61,88.91,12.36,85.08,96.69,50.79,38.10,12.56,66.15,52.12,2.39,51.77,4.59,80.40,40.19,62.56,55.18,70.65,45.42,51.99,0.97,96.93,7.92,37.91,66.89,45.36,83.40,59.51,79.63,51.16,89.37,21.61,66.74,24.74,87.48,11.33,37.38,47.91,39.25,57.64,63.36,1.10,97.41,10.54,76.24,2.45,82.40,17.22,28.43,99.88,93.15,22.27,11.83,78.34,7.98,25.75,21.45,4.31,31.11,13.22,7.64
p40.2.b,88.29,61.91,83.92,44.47,26.58,4.34,68.41,36.84,56.34,57.19,71.04,4.35,85.55,46.01,97.04,15.52,76.27,45.98,76.59,65.60,91.94,28.13,17.33,80.72,74.47,16.47,73.32,96.97,90.16,14.08,82.00,47.20,96.43,82.32,95.71,47.80,92.88,54.75,52.96,47.50,53.69,13.44,79.69,74.52,72.53,83.09,20.67,85.27,16.82,72.68,40.54,21.43,86.74,76.59,79.72,19.25,59.08,19.86,98.62,24.13,91.24,34.52,60.85,47.13,98.25,49.67,58.42,7.64,20.04,76.11,79.62,43.29,23.76,94.20,88.58,77.06,91.33,79.17,80.40,79.21,35.83,33.51,17.41,9.97,89.79,0.51,44.62,45.37,97.65,70.11,59.23,91.32,98.88,79.56,18.22,26.11,25.65,55.75,21.98,95.53,85.99,61.90,1.06,39.59,62.05,16.40,25.19,52.20,6.29,68.28,83.36,28.51,13.48,95.94,15.38,18.62,81.48,49.85,8.45,64.38,22.93,23.36,81.69,40.03,68.59,21.37,17.19,6.92,45.64,91.74,27.00,84.93,16.11,44.64,52.66,17.21,18.81,21.55,55.35,53.74,28.65,72.71,79.10,71.03,51.86,58.36,42.07,63.01,10.89,53.18,75.37,75.12,30.07,64.44,84.86,19.03,81.91,89.46,34.71,38.47,72.47,5.39,82.94,60.96
p40.2.c,23.28,8.31,28.37,57.64,59.32,9.90,13.02,2.99,7.80,9.55,5.12,46.68,72.71,29.67,54.16,55.50,16.52,42.87,98.43,54.15,85.96,43.73,62.95,15.14,96.04,8.49,46.36,68.46,85.29,63.27,16.28,58.69,32.09,71.17,69.21,2.17,45.24,94.37,54.47,10.82,41.87,13.25,35.31,16.35,21.15,33.72,16.03,26.44,12.72,27.56,92.11,76.39,26.57,23.47,80.21,97.07,57.18,84.70,5.55,92.51,20.77,73.25,26.88,9.10,60.77,6.42,33.14,69.91,56.15,36.87,61.66,97.78,25.93,8.26,1.03,87.33,51.19,46.14,41.56,79.11,73.76,8.97,83.26,55.04,29.05,73.45,33.38,37.23,75.55,50.59,22.74,13.23,62.47,62.86,50.41,96.95,9.97,61.27,69.09,34.67,79.04,98.67,74.62,98.08,53.88,36.86,17.85,21.49,5.90,86.81,56.37,70.60,95.69,64.08,56.26,23.44,5.11,66.84,4.42,21.97,90.55,64.34,82.00,28.75,69.04,27.37,43.92,2.81,6.27,59.79,78.83,31.31,84.51,40.59,2.11,91.70,28.09,52.52,36.87,31.89,15.37,22.39,65.81,30.57,50.90,60.32,90.97,66.21,23.62,79.18,71.04,62.53,84.42,66.34,4.49,66.95,98.75,21.05,61.37,21.64,62.56,57.33,71.16,6.01
p40.2.d,79.95,5.44,35.65,50.31,63.11,29.77,4.73,64.76,30.32,25.07,88.17,85.94,56.53,10.30,0.47,91.37,76.37,14.29,27.40,64.83,33.28,94.42,86.98,38.50,89.65,34.49,95.26,20.62,4.29,94.09,92.01,37.57,3.99,96.77,4.56,10.20,62.11,95.21,89.07,34.86,69.76,26.50,91.00,32.12,92.42,17.81,2.56,55.77,0.02,10.35,17.59,6.70,83.99,89.56,34.99,6.97,48.01,32.49,25.60,97.95,86.58,37.48,59.70,54.82,41.65,0.36,25.57,54.52,58.99,62.80,19.41,57.98,25.29,44.78,19.96,82.24,54.91,69.95,80.72,35.36,64.80,47.18,73.95,97.08,31.91,49.35,7.71,58.93,93.35,30.59,57.55,72.81,56.55,11.93,90.67,30.20,42.17,11.67,97.51,20.09,86.85,56.10,29.29,87.12,52.47,52.45,12.39,2.77,92.95,47.48,1.26,10.69,74.82,87.64,73.57,54.43,82.09,22.12,69.01,24.25,45.73,18.88,58.16,71.98,48.43,44.85,54.14,36.31,96.54,92.82,31.12,84.46,28.37,21.24,18.43,24.59,8.48,91.71,59.15,45.91,24.84,81.20,73.28,13.35,29.82,68.75,47.29,42.07,96.79,70.14,65.63,15.48,42.23,89.13,54.69,83.77,59.69,8.29,45.31,98.06,10.16,19.77,41.29,98.29
p40.2.e,95.08,11.89,49.84,21.12,99.16,8.83,27.13,10.61,90.91,60.90,22.38,82.70,94.54,11.97,89.04,72.30,62.15,20.48,67.87,67.44,44.33,62.15,99.78,89.47,11.88,98.23,34.51,75.14,20.56,80.29,64.84,25.66,11.31,86.66,47.46,77.59,84.33,45.82,8.81,30.70,30.49,67.10,36.20,59.12,97.63,29.01,68.83,56.46,56.58,49.05,23.78,0.20,75.21,68.28,69.45,46.46,1.59,87.39,26.81,7.35,93.74,67.80,98.44,49.31,48.44,24.20,38.03,67.54,83.43,75.77,94.62,92.21,58.63,45.30,41.53,48.88,51.92,52.29,91.88,43.23,74.99,53.46,34.00,10.44,26.18,63.67,72.91,70.86,65.86,71.49,31.34,11.39,14.96,12.20,49.53,43.20,41.87,31.33,2.33,19.29,10.88,4.50,4.34,15.94,74.11,11.79,19.17,22.05,95.43,18.97,80.41,37.58,96.87,6.66,59.19,75.31,48.25,46.26,24.58,44.47,10.59,82.58,51.25,77.28,78.12,81.99,1.00,94.41,26.11,68.73,9.59,55.41,46.22,30.14,12.24,66.88,52.88,85.92,44.33,47.67,50.93,61.45,70.15,20.24,25.20,47.30,31.66,2.43,64.14,11.88,80.96,95.38,8.90,72.14,62.95,11.28,91.78,4.73,35.25,39.74,42.09,50.76,74.38,5.66
p40.2.1,33.62,58.58,66.20,10.85,26.39,44.97,62.26,21.29,25.28,41.59,98.83,2.39,69.88,96.40,42.97,90.34,89.02,17.40,73.02,57.80,6.05,40.24,44.76,69.53,56.51,28.92,52.20,98.15,87.91,83.16,67.28,37.53,34.44,98.77,28.54,3.49,81.47,80.23,94.40,11.97,73.73,28.50,13.43,34.40,55.99,43.92,10.25,86.34,25.57,25.66,62.93,0.05,62.74,49.76,42.36,13.95,86.62,67.47,60.08,50.90,7.29,59.02,96.52,93.13,40.85,78.36,55.94,52.51,1.20,33.97,33.41,35.83,74.36,16.40,28.41,84.13,93.56,12.04,1.46,51.76,70.72,77.04,44.43,85.69,5.50,60.63,11.21,79.03,48.08,41.67,52.58,20.96,2.25,1.18,32.04,20.59,32.56,73.27,53.98,32.53,97.18,4.78,35.07,82.90,36.05,5.18,73.97,15.66,0.15,41.62,63.39,17.27,49.27,74.11,34.79,37.72,51.22,19.14,36.90,4.60,54.66,47.89,46.32,68.97,83.72,43.40,71.93,24.42,68.71,56.87,50.05,93.41,24.68,25.64,75.27,92.13,40.77,18.92,82.07,68.35,32.40,39.97,71.59,31.12,35.20,23.70,24.26,7.83,44.76,98.46,10.92,51.10,3.26,97.95,71.93,81.83,91.28,81.39,76.65,63.49,53.32,78.92,51.99,15.83
p40.3,80.65,4.59,85.48,80.33,82.52,15.86,72.01,64.57,13.91,24.15,57.82,54.28,56.91,75.36,26.89,83.00,29.72,93.25,37.72,52.42,86.28,89.51,89.48,52.21,20.83,77.95,57.74,73.96,27.82,55.20,31.67,29.75,69.06,74.56,80.67,25.22,44.94,17.73,89.10,2.54,25.46,31.53,10.40,52.34,26.33,87.47,29.39,18.48,22.57,89.31,96.63,62.03,59.56,81.13,81.56,15.64,94.13,41.77,42.33,36.23,54.75,80.15,74.55,43.75,45.82,61.86,63.10,64.39,1.10,36.88,89.50,97.85,44.18,47.81,61.94,96.77,3.39,0.42,37.22,59.42,78.05,66.48,43.23,0.23,44.67,82.88,98.48,87.70,77.98,41.37,33.74,42.66,65.71,58.97,87.42,14.13,30.67,85.80,65.54,43.60,10.42,77.53,78.62,34.75,65.57,24.41,90.89,73.84,65.14,38.11,56.02,90.57,4.64,81.50,58.87,90.99,42.96,55.23,58.94,56.15,92.47,54.61,79.85,3.00,95.92,17.92,43.15,49.44,35.29,44.38,55.27,43.31,36.54,45.52,93.04,15.60,2.84,75.60,40.09,43.17,74.77,72.60,13.77,89.48,13.46,44.23,19.87,26.22,53.33,26.86,86.12,54.29,66.23,39.19,33.79,22.58,18.45,23.44,36.21,1.73,33.57,21.20,17.72,44.63
p41,41.57,5.39,62.52,82.02,39.56,30.89,96.57,18.74,15.88,50.79,59.98,64.97,60.18,78.89,78.23,91.54,61.06,32.89,50.30,28.13,77.84,5.62,51.40,25.10,3.80,47.05,95.58,56.05,95.91,97.39,93.58,80.50,71.44,4.49,25.73,23.71,68.81,86.15,35.48,16.04,48.44,25.35,30.50,1.01,21.66,76.79,28.05,64.79,93.00,10.93,94.67,26.09,47.35,83.53,62.82,44.38,13.68,17.80,93.41,58.19,98.43,49.71,18.45,46.69,83.04,0.97,30.18,8.50,4.33,71.40,15.21,6.53,4.37,42.22,38.49,28.67,40.74,27.99,87.30,99.61,94.59,62.06,47.25,96.71,55.26,60.99,59.78,72.28,84.63,70.61,19.07,11.96,34.24,86.82,85.82,17.06,41.23,49.42,32.08,77.83,89.82,53.77,20.27,52.28,13.50,51.89,78.28,29.73,51.35,57.00,61.83,14.22,64.62,22.97,12.01,78.90,56.30,2.08,81.38,34.32,80.90,85.84,77.86,73.67,90.29,50.79,40.52,28.52,28.78,86.62,14.29,26.43,67.81,80.90,98.66,27.57,99.05,84.03,11.41,34.67,38.33,45.68,95.24,39.94,21.18,7.12,89.40,32.04,22.69,2.43,97.09,54.34,1.15,63.50,74.11,64.35,95.32,49.87,16.28,78.84,53.64,28.83,99.07,71.41
p45,15.50,87.35,7.30,71.93,6.45,2.56,56.73,6.51,85.04,5.30,69.84,31.32,77.73,10.87,16.41,73.12,9.56,55.34,8.83,8.68,91.19,66.02,44.65,85.12,99.31,88.56,61.34,7.31,50.22,60.31,26.63,78.84,6.70,87.28,35.34,81.53,97.19,34.09,0.81,32.29,64.69,71.03,72.22,78.09,82.92,90.92,21.88,17.44,2.04,9.70,23.03,66.08,63.37,92.45,18.07,11.06,79.72,6.59,11.54,42.19,20.32,5.53,49.05,51.83,8.38,60.76,61.49,36.59,59.18,54.57,53.69,28.96,23.88,64.74,90.73,40.48,43.10,59.40,9.45,11.01,61.60,19.40,2.89,41.49,21.58,25.47,5.58,78.69,36.82,10.19,18.75,46.32,0.21,20.62,60.59,13.14,41.75,14.26,77.50,95.61,46.61,82.40,8.11,55.34,73.68,77.84,82.62,56.51,51.56,36.55,48.19,95.96,22.29,1.51,46.02,1.63,37.68,78.73,62.78,63.79,34.75,81.31,21.82,30.52,72.08,47.03,70.07,9.78,63.08,41.63,90.86,32.37,47.19,92.11,3.72,45.67,45.70,48.94,36.01,70.86,24.10,61.58,88.67,25.71,38.49,0.62,8.82,99.52,27.83,64.71,52.91,57.02,58.39,76.82,54.06,96.33,94.34,24.60,2.37,87.95,81.02,92.64,23.40,66.21
p45.w,28.02,99.28,91.58,33.22,15.77,28.04,71.21,28.64,42.20,97.92,0.57,49.50,21.67,78.09,65.50,37.64,81.10,87.54,2.71,15.37,55.58,92.22,25.42,47.47,20.17,97.29,24.22,21.20,79.22,96.37,89.52,73.08,26.59,76.20,85.99,10.40,22.10,67.17,86.62,64.40,83.91,7.26,91.64,88.89,41.73,1.57,5.87,44.56,62.37,18.52,74.46,84.74,0.79,34.48,48.65,84.26,9.66,1.85,59.04,8.88,29.12,57.17,17.09,70.02,25.24,28.96,61.68,3.18,88.70,72.17,57.66,22.87,83.44,59.72,80.26,2.70,25.16,40.94,56.07,26.88,18.83,11.49,57.42,6.40,56.26,45.93,99.10,2.42,37.24,95.05,49.77,95.11,74.31,5.50,22.10,24.25,50.64,43.85,72.16,3.92,14.26,23.21,1.42,50.08,90.27,81.72,19.73,5.68,15.00,90.84,47.78,92.13,61.30,5.21,85.53,50.11,30.30,66.47,28.47,32.96,3.18,34.49,39.38,27.25,87.20,95.78,59.31,44.28,24.66,71.17,20.09,25.42,91.07,89.28,56.30,85.94,85.75,33.13,27.44,13.27,18.75,49.16,32.68,39.54,18.04,26.13,32.56,0.84,46.46,48.84,78.59,30.64,67.54,53.83,59.91,87.05,92.92,8.06,53.13,60.15,81.38,65.81,71.67,97.65
p50.a,62.81,54.69,53.66,43.47,5.96,40.46,79.13,99.43,36.84,18.31,18.98,81.13,15.92,39.24,81.55,32.65,36.66,43.28,28.51,26.70,59.21,65.52,33.90,88.01,9.17,78.45,74.11,7.40,4.23,84.24,29.70,55.31,86.39,83.94,56.82,32.39,32.09,41.06,29.41,68.29,17.44,76.68,71.90,88.99,50.45,86.16,78.06,79.78,76.43,35.79,46.84,4.40,52.32,88.88,46.69,27.96,24.60,82.12,39.35,32.61,95.15,1.97,91.80,59.95,24.45,82.96,6.36,25.13,58.01,39.19,5.85,4.94,9.41,95.50,14.17,42.92,67.92,88.92,97.47,67.66,25.45,16.95,17.61,98.17,84.56,89.04,98.83,51.57,84.88,21.19,17.74,79.51,10.31,87.56,52.53,1.01,3.01,12.63,49.37,66.46,3.29,16.93,57.99,85.58,57.60,58.30,30.32,73.12,62.02,58.17,81.14,99.02,52.03,2.36,68.87,18.60,65.98,12.00,35.98,93.55,66.14,94.84,93.69,31.43,56.02,45.84,74.73,16.17,64.73,91.82,99.11,68.24,31.25,86.96,51.09,9.59,93.98,7.01,70.96,41.10,78.32,89.03,52.21,48.66,21.63,27.43,91.25,92.84,97.84,20.96,92.78,97.66,53.64,17.67,6.71,50.55,9.95,93.62,22.42,9.17,23.33,0.85,37.02,95.37
p50.b,34.85,15.48,96.12,94.59,80.94,96.82,24.44,59.62,13.18,3.11,30.85,99.83,90.51,45.03,59.01,62.07,5.63,67.73,70.04,78.89,60.93,12.69,69.15,51.01,86.11,58.43,33.59,39.69,63.08,1.68,43.98,83.40,4.70,13.98,11.05,11.37,52.85,37.97,53.69,65.03,72.43,98.58,38.70,32.05,46.33,4.07,57.47,74.51,29.50,9.32,81.51,14.24,85.23,53.78,21.38,52.51,68.79,78.31,7.56,19.08,96.68,21.78,36.64,27.66,6.37,70.90,81.93,23.43,39.03,68.44,8.61,9.63,72.48,96.57,23.64,13.32,47.86,92.58,6.82,40.34,16.35,8.55,44.97,65.62,98.77,52.92,7.78,44.79,31.57,70.89,3.51,13.35,11.95,66.89,58.87,10.51,3.90,25.30,9.57,91.33,41.18,50.34,52.86,72.55,60.20,30.36,85.61,60.12,22.71,21.64,9.89,45.40,48.45,37.50,67.07,11.91,47.17,23.98,22.22,79.35,38.53,13.50,32.95,97.63,99.09,54.27,31.71,75.84,77.37,33.03,2.36,96.38,25.38,80.55,50.66,6.50,54.15,14.81,97.91,56.35,67.50,46.97,62.61,42.56,57.32,19.28,28.79,69.10,72.45,22.25,57.68,73.97,87.02,83.91,42.13,16.45,72.48,42.32,80.94,24.70,80.25,18.03,1.12,39.43
p51,90.90,44.80,86.82,54.46,84.13,37.48,57.46,95.66,12.59,20.70,39.76,74.42,3.19,46.92,89.25,54.50,34.32,31.57,24.22,12.71,36.10,65.52,16.70,1.19,86.11,45.77,29.37,2.98,61.48,71.48,28.30,17.40,22.01,15.56,39.75,64.36,7.78,34.75,12.97,57.27,27.62,25.96,59.67,65.67,15.49,41.82,0.64,73.86,90.96,7.97,40.86,53.18,55.23,52.33,36.67,59.50,56.30,10.53,11.45,11.96,35.77,8.69,19.15,23.90,17.66,77.41,48.25,89.06,81.73,48.77,60.08,47.11,62.60,44.16,31.59,92.60,83.64,11.98,54.64,38.69,44.67,59.67,24.87,97.45,56.89,46.47,57.94,3.46,3.63,21.61,76.34,70.93,62.80,85.36,13.86,0.22,7.68,92.04,10.37,13.97,70.92,25.13,86.56,62.87,59.62,3.85,3.30,64.36,91.21,74.03,12.66,31.60,13.89,43.01,61.22,72.78,49.07,51.82,69.78,49.41,69.32,4.59,9.56,60.12,86.07,82.88,1.48,65.06,77.53,65.77,94.96,32.75,25.30,10.80,93.84,14.94,30.50,38.62,36.05,11.72,20.65,52.24,53.56,32.49,71.74,72.02,84.19,11.99,57.16,84.05,72.84,52.67,67.30,0.36,91.62,36.23,17.37,18.82,53.69,3.45,88.26,61.55,55.02,47.94
p52,58.28,28.89,41.82,53.18,18.78,66.62,62.72,59.64,7.52,10.37,19.41,99.44,50.55,0.57,75.65,19.96,3.73,86.20,57.78,24.29,62.74,92.80,25.54,43.59,43.23,90.11,54.36,5.15,65.10,1.95,92.97,89.57,30.04,14.07,63.54,57.70,32.13,41.40,79.39,68.52,64.48,95.31,71.71,7.00,29.42,51.96,30.45,47.13,86.75,88.55,93.55,56.83,63.86,47.84,38.28,23.17,26.53,48.23,77.97,0.45,63.06,3.66,85.56,50.11,9.99,24.97,41.41,77.83,99.53,48.26,77.67,99.64,44.34,21.91,26.70,51.60,95.47,73.46,21.35,56.83,75.23,37.34,62.50,49.05,68.40,40.88,72.36,46.16,33.42,62.75,16.55,12.15,24.10,1.29,14.26,98.09,53.08,92.17,75.50,9.27,46.18,23.58,9.11,48.14,98.83,32.04,33.65,73.32,55.57,76.13,35.80,4.64,85.93,6.16,59.73,39.22,84.32,68.50,36.57,66.25,99.73,5.12,0.01,90.94,75.64,79.59,97.99,85.21,42.26,67.45,82.34,53.58,67.03,10.38,34.34,24.82,58.74,42.63,52.24,8.50,61.31,95.91,48.56,63.51,24.10,48.95,21.07,36.73,83.84,96.74,49.44,89.95,16.77,56.04,29.39,86.89,65.49,56.10,30.47,15.43,24.05,41.11,45.56,94.38
p55,53.10,69.53,79.14,29.57,53.73,68.69,29.32,95.08,64.55,28.92,74.56,54.94,23.91,13.20,84.14,37.68,63.22,62.19,38.72,34.96,13.73,91.11,67.10,81.06,12.19,22.20,91.55,81.40,81.54,51.34,95.95,19.55,46.77,55.87,20.02,62.40,10.48,40.02,16.92,15.60,92.82,42.76,74.46,7.87,6.80,25.81,76.93,26.43,14.60,97.02,35.59,11.03,39.83,65.02,96.51,33.22,65.06,53.37,33.04,69.68,21.20,66.43,98.35,29.15,98.28,26.74,95.97,85.92,63.05,36.45,17.85,73.37,10.87,43.32,4.16,33.92,28.11,76.59,45.66,94.14,7.34,38.29,6.98,25.87,8.21,27.35,67.51,4.65,18.07,70.59,20.81,24.40,82.16,0.76,79.77,1.47,91.81,56.36,85.14,37.96,32.86,64.72,12.71,58.83,22.14,23.11,64.96,28.76,91.19,34.84,0.29,34.63,99.33,68.23,99.65,45.02,2.85,11.45,28.28,21.59,38.81,75.95,21.53,25.11,38.52,41.62,98.54,95.87,19.73,88.27,6.80,35.34,35.31,76.10,45.73,39.23,62.77,18.65,62.51,62.26,89.43,62.05,12.37,82.57,99.09,0.95,89.68,54.56,16.35,27.31,37.19,10.59,78.89,41.70,40.62,38.22,7.24,47.57,51.85,88.79,42.32,93.50,77.03,25.97
p60.1,26.35,54.32,99.97,40.77,3.18,68.39,45.61,56.00,98.48,3.39,48.34,56.63,64.13,29.66,57.58,97.02,15.33,84.69,48.37,48.95,6.27,50.99,13.29,73.00,57.42,40.59,51.68,83.65,18.03,7.02,81.74,72.01,6.91,23.35,26.20,18.45,26.62,13.96,45.75,29.87,97.62,86.85,53.06,92.11,47.54,26.04,85.15,64.33,68.95,28.54,40.32,55.17,92.69,58.54,13.77,39.35,82.42,38.52,97.23,44.49,54.15,40.54,15.60,36.04,36.52,29.55,45.39,88.32,5.01,68.05,69.85,37.36,88.39,86.69,72.55,90.70,9.04,82.18,83.15,3.42,56.06,84.60,17.13,64.15,56.39,77.79,10.82,59.33,95.01,46.49,95.59,97.49,20.62,79.74,24.43,38.94,26.30,86.18,80.92,78.93,99.83,0.71,56.75,76.62,25.86,80.97,49.14,22.48,10.62,17.92,38.52,71.58,9.24,97.99,65.41,19.90,23.20,90.36,47.74,93.54,84.95,34.27,78.71,65.02,9.59,65.43,24.84,12.72,2.86,34.54,60.84,34.31,14.48,65.62,86.52,43.36,34.08,83.80,35.35,61.65,18.24,86.75,56.92,53.28,53.28,11.57,72.36,99.62,8.43,57.69,68.69,22.73,75.88,97.78,92.99,63.13,25.32,11.87,72.61,81.50,28.26,10.14,9.21,16.36
p60.2,61.08,5.43,28.73,45.06,80.36,60.90,79.23,81.32,84.91,48.49,99.78,12.43,44.51,15.05,60.62,80.99,11.33,43.73,10.27,81.56,43.19,3.95,96.17,20.81,97.56,41.49,47.50,15.83,67.46,87.74,5.90,94.18,48.90,33.59,18.96,7.88,11.83,27.68,21.99,36.50,51.83,38.38,62.14,19.87,80.25,12.10,1.83,46.90,4.61,0.90,13.89,21.24,52.72,31.91,49.70,48.01,45.40,86.95,69.22,59.29,66.08,66.30,55.79,11.83,5.55,53.99,46.70,8.19,30.09,51.58,36.89,62.41,93.90,48.69,63.55,87.83,78.01,39.37,23.11,64.47,30.63,90.52,82.02,87.81,82.13,39.47,21.72,25.36,23.91,71.26,1.21,51.36,56.21,62.37,6.51,4.72,96.92,36.83,43.81,94.36,15.42,61.71,45.53,61.57,28.56,84.14,31.70,62.37,44.55,1.09,22.63,61.26,80.65,99.25,89.46,56.73,73.60,81.20,1.58,76.68,48.27,48.10,59.89,35.63,23.23,2.48,88.12,79.72,44.56,95.42,77.91,5.99,5.03,60.26,15.19,49.68,50.32,35.84,77.67,36.39,42.64,0.92,88.58,41.92,54.70,95.22,85.02,69.22,38.26,49.85,20.05,47.30,87.67,46.22,63.34,61.47,88.80,31.27,31.58,77.61,95.39,58.02,78.66,49.49
p60.3,10.41,13.56,43.13,27.47,77.16,44.76,47.42,17.40,87.57,33.24,37.07,90.85,12.28,53.76,27.23,18.57,3.03,95.79,70.85,50.98,98.98,5.81,91.86,4.27,55.32,51.64,0.68,95.30,1.24,30.20,84.49,7.70,26.33,46.46,11.38,43.43,68.04,24.32,62.31,37.69,99.31,10.45,34.77,74.66,66.96,94.61,15.15,40.48,56.83,51.16,47.68,69.50,20.17,71.03,31.25,39.27,38.63,78.74,72.13,29.18,24.92,42.16,57.51,86.46,25.66,7.15,95.11,91.89,0.40,96.52,60.57,65.81,2.06,86.95,49.64,49.21,51.28,39.31,92.35,24.71,82.71,27.71,88.39,75.39,84.08,41.90,94.75,64.39,82.93,32.98,94.68,43.55,44.08,55.19,13.65,47.61,66.09,2.66,81.33,59.88,85.98,13.62,76.71,11.79,92.79,79.03,1.79,79.43,68.17,0.45,31.04,38.85,56.62,35.64,9.86,44.08,49.38,91.93,65.13,39.02,7.96,23.40,18.38,29.55,16.91,15.12,5.94,79.95,27.82,28.71,77.43,74.47,12.68,98.94,30.78,71.69,17.18,73.02,81.54,16.41,35.27,59.47,96.04,92.76,60.45,38.51,9.53,26.41,18.80,37.41,55.22,67.44,81.28,22.19,27.03,56.18,65.08,80.27,83.07,20.11,53.99,31.90,67.65,82.77
p61.1,35.75,93.24,41.81,93.71,42.62,71.72,47.78,59.38,92.26,22.51,47.49,84.78,94.72,77.43,63.06,40.80,39.60,65.53,89.85,98.22,21.51,81.48,57.10,37.25,25.66,57.53,50.35,60.73,40.37,92.97,49.88,44.70,97.19,32.33,54.10,26.28,69.36,61.37,52.51,34.15,79.70,75.88,24.14,83.63,86.21,25.99,72.61,16.54,26.27,25.42,48.11,69.87,31.93,76.11,85.89,86.12,79.95,20.78,21.87,45.61,11.58,67.90,18.30,8.63,38.61,32.89,14.49,96.76,27.78,78.96,37.87,89.43,40.28,57.00,10.71,27.16,62.79,88.31,35.39,70.28,8.86,56.13,64.71,9.65,10.19,91.73,31.93,92.31,64.54,65.88,65.26,59.68,35.75,38.74,40.05,69.21,51.89,16.36,78.94,22.29,56.95,53.79,12.17,98.44,37.20,81.61,50.29,98.32,31.34,27.94,92.72,71.39,45.19,98.72,40.46,65.37,16.23,10.87,53.27,60.94,56.11,1.87,74.32,70.66,37.96,64.65,67.13,94.61,14.93,52.25,77.60,63.26,33.91,44.80,9.46,91.12,2.57,83.40,83.71,11.67,92.57,65.60,41.09,9.51,39.30,32.96,50.67,0.47,95.28,21.72,41.83,80.57,81.78,81.25,44.02,92.41,95.91,65.51,8.57,66.74,89.39,57.99,32.09,19.06
p61.2,14.09,50.44,63.35,6.44,65.61,97.26,56.94,89.79,61.84,14.76,86.72,16.96,87.04,61.30,10.35,1.76,82.61,64.68,95.05,15.57,96.47,21.46,34.13,62.51,24.54,90.96,27.10,88.29,71.49,89.62,5.39,23.70,98.91,54.28,15.24,95.70,12.28,78.68,7.50,20.58,12.58,31.66,17.49,80.40,3.76,85.55,72.70,62.06,3.84,92.03,61.98,34.81,66.25,34.50,27.65,98.07,26.17,95.38,88.01,79.50,11.79,58.69,8.77,61.02,1.89,63.33,84.98,60.88,0.91,63.11,94.67,54.37,21.85,68.96,25.07,98.01,80.59,23.16,99.70,58.76,64.37,98.13,93.84,71.24,98.51,43.49,81.74,20.65,50.72,12.19,58.77,70.36,44.30,94.79,89.63,71.90,13.30,48.01,68.24,23.45,78.78,34.95,1.54,37.66,91.50,6.20,96.67,36.79,27.09,25.49,33.70,98.39,62.31,48.37,62.30,53.62,99.78,7.64,38.16,9.51,6.13,74.51,72.86,99.89,57.84,98.91,33.07,17.39,67.90,15.78,63.25,31.37,85.05,88.47,4.33,30.02,63.21,72.43,0.07,36.17,0.79,73.79,63.11,90.32,35.09,64.84,77.63,0.74,43.90,55.24,97.84,3.55,65.24,24.03,6.20,64.56,30.84,12.30,93.35,49.51,46.98,40.09,13.52,2.91
p62,83.02,52.31,83.37,40.18,31.45,16.71,15.52,0.68,91.59,74.39,56.77,16.25,23.55,85.00,0.74,94.03,12.36,25.55,49.17,26.98,62.64,7.31,12.13,70.61,98.29,39.38,85.34,96.32,25.13,73.53,10.28,99.33,76.78,76.73,16.73,4.79,25.39,83.86,32.98,87.26,56.05,1.21,86.83,47.41,88.80,69.17,55.66,55.19,83.74,48.05,41.69,11.35,26.03,54.97,18.15,54.81,63.09,55.87,87.22,33.19,22.94,92.67,1.56,97.74,65.67,17.29,90.30,59.11,24.40,44.10,15.59,93.34,72.05,98.35,96.82,24.25,23.17,49.85,46.55,45.92,39.36,18.24,87.73,81.39,30.38,97.66,2.04,23.18,88.40,87.84,20.74,68.98,82.10,41.48,72.87,64.20,39.91,96.12,66.45,29.14,34.49,87.11,48.50,30.54,18.13,80.03,72.44,76.38,68.06,9.68,98.15,96.11,14.78,8.34,58.35,36.44,93.82,84.84,6.86,5.75,20.55,65.43,24.84,33.65,34.11,17.04,27.49,96.98,28.67,89.81,33.75,28.48,19.48,78.84,39.77,25.44,59.93,45.59,92.49,48.31,98.17,2.98,22.02,6.68,0.58,50.88,33.71,16.24,10.46,64.85,63.01,68.09,53.79,2.32,56.12,56.85,40.49,40.61,28.23,59.26,68.62,21.63,29.99,42.26
p63,75.70,17.53,0.52,50.35,69.14,66.37,12.02,90.51,1.31,80.73,34.18,44.37,9.10,58.38,71.30,94.77,65.37,81.61,62.34,27.60,37.59,22.99,64.93,64.24,72.54,49.91,62.99,30.50,48.27,56.14,74.48,7.41,11.45,59.78,91.82,98.11,73.49,48.69,51.63,1.03,7.92,51.78,18.58,89.55,12.76,88.58,76.89,7.00,49.59,44.12,42.59,20.32,26.11,88.48,52.68,11.51,37.20,30.92,85.34,37.90,42.24,5.30,35.02,18.70,5.22,6.86,66.42,87.68,94.08,67.17,26.62,33.31,48.15,56.89,13.75,67.74,16.08,32.04,34.12,27.05,62.00,79.56,56.84,92.43,4.27,96.99,77.89,30.78,3.76,25.15,43.12,98.12,43.15,93.63,74.76,39.25,81.77,48.55,89.57,42.11,92.87,39.31,67.60,86.68,4.34,54.38,99.71,79.64,86.03,9.86,4.95,94.09,68.38,47.01,75.29,28.79,85.62,16.53,67.64,86.42,23.43,99.72,76.22,67.27,70.17,21.45,57.17,60.06,6.35,36.17,60.77,29.92,63.65,37.45,43.49,83.72,76.91,7.33,12.14,26.36,74.84,18.05,37.44,3.44,16.99,75.03,61.87,94.11,91.34,73.98,16.97,85.67,86.14,90.60,56.77,66.29,94.99,82.26,57.71,92.36,6.47,77.87,39.01,22.12
p64,66.23,15.01,64.54,93.35,86.55,79.39,7.76,20.38,39.92,24.20,47.84,86.11,21.47,83.02,48.04,79.69,25.08,4.21,15.87,21.93,95.23,12.86,76.96,53.44,88.23,61.88,80.51,21.49,54.07,99.38,82.66,38.41,26.49,11.87,54.47,35.45,92.58,34.17,9.20,8.35,68.10,14.78,94.70,94.08,55.39,90.52,48.46,24.42,99.79,23.98,74.51,31.29,54.62,71.26,11.54,69.02,36.61,93.69,48.76,57.76,25.93,33.95,20.05,55.26,46.68,26.21,29.70,71.96,99.41,22.48,58.09,27.51,44.97,46.09,73.68,27.39,71.55,97.15,61.12,22.17,30.33,18.83,55.04,93.99,49.22,49.48,19.50,5.08,6.18,27.59,27.71,18.94,83.82,64.89,82.50,39.27,78.20,77.25,92.19,38.10,9.60,61.60,8.57,68.27,20.19,99.60,95.93,89.55,6.15,4.91,36.34,31.54,70.65,66.75,79.88,18.70,19.47,29.45,75.36,50.60,92.85,62.21,39.25,64.56,9.05,74.49,18.16,19.55,30.19,37.06,9.45,54.52,69.77,68.76,33.82,54.05,24.54,5.21,6.13,49.53,83.50,68.52,78.76,91.47,38.82,94.75,13.14,87.85,3.63,58.02,8.42,44.67,20.93,54.42,28.20,37.10,93.07,88.90,73.90,90.49,71.34,46.89,3.19,61.32
p65,48.97,59.99,81.85,52.38,63.24,2.52,15.44,65.09,10.74,17.00,13.41,5.75,9.38,11.15,39.59,22.54,92.50,19.77,23.89,50.67,25.60,84.47,12.16,97.17,63.56,87.81,47.21,95.42,6.07,75.92,23.43,25.95,82.41,99.08,96.98,32.91,69.68,50.29,13.04,68.98,15.02,85.69,61.58,86.35,94.27,24.18,40.17,86.14,59.25,49.90,73.53,56.71,17.99,86.26,65.21,98.96,52.43,84.24,18.40,57.09,58.01,54.41,28.43,99.76,61.03,53.26,20.14,31.21,15.31,74.01,13.39,24.28,68.54,52.00,99.12,98.96,44.08,64.98,18.09,15.76,12.45,1.79,95.75,86.57,5.35,82.48,10.97,8.60,39.83,42.76,30.68,42.21,68.98,7.14,39.11,77.65,77.97,91.80,47.78,58.58,7.33,51.69,50.91,13.99,60.15,0.17,43.75,18.77,75.36,26.89,32.90,46.04,67.45,57.89,37.92,0.14,55.94,67.47,38.73,87.00,89.33,42.43,33.00,7.27,52.59,67.35,85.06,46.92,79.18,16.35,44.89,83.00,36.57,94.99,55.61,52.76,18.25,17.49,48.15,48.65,97.81,57.63,87.21,53.49,1.52,13.95,59.09,90.05,30.53,28.51,42.05,10.33,81.45,72.29,20.55,44.37,48.07,22.01,31.18,85.59,29.98,79.13,66.34,91.75
p66,48.02,72.29,35.21,79.61,31.29,69.65,95.79,54.46,44.08,1.01,81.20,29.36,59.50,69.35,98.26,55.17,1.41,92.78,49.30,23.64,1.16,26.07,67.11,84.40,47.05,61.16,50.68,34.20,89.76,65.19,69.48,12.23,58.70,37.22,38.17,34.86,76.02,77.75,15.25,95.57,26.50,49.17,55.82,87.06,40.83,78.71,59.18,70.02,12.90,13.25,68.93,95.83,11.23,46.44,20.49,75.02,53.94,42.36,16.95,59.66,44.10,6.00,54.25,74.50,68.72,20.46,72.35,38.72,3.96,58.62,45.08,41.64,61.22,2.24,49.37,28.13,63.26,22.11,79.73,12.14,44.58,83.92,1.61,93.45,52.79,34.64,7.82,54.23,66.17,42.18,7.23,46.80,52.02,13.62,46.99,70.24,94.28,91.54,85.33,45.93,40.49,63.26,1.19,48.08,60.22,75.64,89.29,86.38,61.00,70.05,99.85,11.33,22.77,59.21,96.84,77.39,29.25,24.16,56.01,45.22,36.52,71.09,50.33,28.15,7.28,39.34,88.64,49.22,99.25,44.28,94.44,19.56,39.92,24.46,79.05,81.84,75.86,0.45,25.64,58.55,27.36,91.25,11.27,80.12,55.74,28.24,37.62,5.21,55.17,20.70,96.34,54.33,53.93,3.57,55.97,47.63,6.71,29.40,57.47,75.51,100.00,19.12,60.84,29.13
p67,15.80,84.20,89.47,24.76,27.77,6.81,46.74,4.43,59.92,40.02,54.00,73.75,88.54,92.04,80.91,4.39,62.55,21.02,67.83,41.89,72.41,13.28,66.94,43.62,78.62,70.83,69.61,47.57,33.54,50.99,43.02,0.95,18.97,44.74,61.12,97.64,86.20,66.95,49.91,29.37,13.85,46.95,87.21,95.30,91.15,71.27,50.20,12.12,77.85,60.26,71.75,66.54,5.79,73.56,73.07,95.59,80.81,87.83,0.64,22.12,57.87,44.66,37.38,70.50,74.74,95.39,2.03,38.71,96.06,35.65,48.51,42.05,39.01,50.66,30.28,99.08,57.18,13.87,50.76,55.20,12.08,27.92,53.16,21.67,59.24,36.36,38.77,45.79,28.09,81.87,34.86,77.74,76.10,67.49,31.15,31.17,35.26,97.23,14.13,40.73,27.77,48.67,17.18,50.10,28.08,85.24,15.41,95.53,12.72,73.65,78.49,82.10,27.13,59.28,83.50,99.31,46.13,58.91,56.67,17.64,69.41,76.85,34.78,32.84,92.86,28.69,4.77,44.55,88.25,37.07,25.89,98.27,72.89,92.93,79.41,2.10,31.43,71.61,45.27,28.11,83.73,89.09,76.82,59.31,3.31,47.92,27.36,51.11,8.73,73.72,61.19,35.18,88.96,84.02,64.08,68.87,40.75,41.89,3.54,38.99,5.46,5.74,19.77,48.82
p70,22.72,14.00,14.89,47.58,1.81,56.84,35.40,61.81,68.01,95.78,87.55,4.12,98.73,71.20,25.78,30.15,89.41,53.13,79.24,15.98,63.64,91.29,34.73,82.92,27.61,66.69,96.17,63.22,94.07,39.19,45.52,8.00,60.05,73.51,15.50,92.72,42.95,47.94,46.76,19.51,51.29,19.44,8.68,23.92,39.52,77.89,98.43,93.97,48.50,94.44,79.06,57.79,20.56,29.98,16.40,25.38,28.84,57.24,5.47,73.26,94.98,16.23,86.11,99.57,42.57,47.21,81.33,63.92,29.69,3.53,88.93,50.89,99.91,43.44,8.31,29.91,27.42,2.20,26.41,13.74,49.37,67.10,51.35,82.76,9.25,37.08,13.99,28.18,33.29,39.27,77.92,34.05,3.07,47.92,54.88,3.51,51.19,34.15,37.51,45.38,77.80,95.98,42.21,27.17,31.00,2.77,44.29,98.90,59.17,26.22,2.89,3.96,9.51,11.11,27.02,26.37,26.63,81.97,89.96,57.08,82.31,33.17,15.01,19.62,87.78,52.57,16.48,48.26,83.28,47.10,57.53,38.82,23.16,30.13,1.28,97.50,7.92,98.70,4.19,94.73,1.96,94.63,45.81,25.60,16.85,67.53,45.13,60.36,84.48,23.04,6.85,43.15,35.36,70.49,20.65,63.09,47.60,24.60,92.85,14.68,66.09,64.95,3.52,15.97
p71,94.70,84.23,0.60,38.94,52.18,13.91,91.93,81.37,36.70,27.66,49.48,3.79,67.08,98.95,44.59,39.96,21.03,18.14,23.89,42.04,72.40,85.74,19.08,20.53,93.99,99.10,76.72,96.90,82.54,89.46,58.44,95.35,12.35,26.55,94.99,82.87,38.60,36.17,83.46,34.03,10.10,77.15,94.03,90.91,64.16,34.07,74.05,43.37,15.21,59.33,54.54,9.60,22.48,7.49,68.99,86.45,59.70,56.97,14.65,59.85,46.12,18.03,59.47,45.10,34.02,21.72,91.44,87.65,0.55,58.44,88.86,35.44,90.00,56.37,54.96,29.24,44.18,69.61,66.76,32.91,23.48,32.95,57.97,61.33,85.86,87.15,94.56,22.08,82.48,46.20,42.78,50.85,53.37,17.76,17.67,85.69,75.05,37.87,63.99,79.65,25.26,9.48,11.58,55.84,3.87,26.22,27.85,70.68,82.86,50.26,64.81,34.76,86.78,62.91,21.74,65.33,34.53,5.97,84.34,50.21,68.30,70.56,41.04,43.27,56.86,93.05,47.94,57.38,98.86,89.32,78.30,25.10,19.11,34.61,88.57,86.17,96.76,16.51,99.81,51.32,78.38,80.63,80.91,14.64,71.02,24.65,43.33,96.41,7.78,99.96,66.35,55.17,76.84,7.58,10.16,60.24,19.45,23.75,11.80,89.41,33.64,48.28,96.81,6.83
p72,91.25,15.70,0.42,66.79,80.85,71.79,8.50,27.69,66.56,44.07,10.80,18.50,79.04,49.80,58.40,77.16,11.46,51.03,98.75,57.33,39.80,59.53,67.01,16.49,42.69,90.76,30.73,79.55,40.41,18.52,42.27,37.92,52.79,23.15,81.51,36.82,21.13,2.44,57.74,33.41,51.51,10.36,72.40,81.37,34.24,89.73,63.02,85.23,20.66,40.86,90.50,18.14,13.72,79.25,20.87,32.80,34.63,48.69,95.71,91.56,48.62,66.54,27.84,67.57,42.71,55.36,35.15,89.38,82.04,82.65,28.13,85.68,0.91,77.55,39.49,22.40,60.77,70.02,7.88,88.49,17.99,66.65,53.07,2.74,81.70,92.15,4.59,25.03,88.91,17.14,83.26,83.99,32.03,70.45,59.96,82.14,77.36,98.90,7.40,47.71,78.43,43.29,24.89,27.65,18.05,71.93,9.57,4.03,82.15,9.86,3.34,49.93,97.00,35.50,74.63,74.38,84.53,19.35,86.41,16.34,41.02,30.87,74.58,36.78,50.31,63.52,14.59,85.94,78.16,35.73,38.84,46.64,38.70,65.69,92.55,11.59,59.72,75.01,56.57,93.56,38.99,7.80,51.07,65.18,64.30,55.65,62.05,67.62,29.28,36.72,15.72,3.66,93.06,8.23,72.19,11.18,74.83,48.16,84.35,55.03,89.54,39.57,25.38,45.38
p73,57.08,59.47,81.75,68.33,4.92,56.43,2.68,5.75,42.54,22.18,17.72,46.35,43.94,54.06,45.67,30.39,49.00,20.21,92.52,17.21,75.38,18.21,52.43,76.38,84.24,9.53,14.99,93.53,62.19,47.25,63.10,45.46,81.77,78.73,4.34,89.61,80.17,52.22,78.26,99.73,40.65,21.29,9.59,35.57,98.07,32.37,88.57,23.60,31.69,94.35,44.64,7.61,83.18,87.82,32.65,37.11,73.03,22.99,44.18,42.43,5.33,69.33,60.99,55.77,23.85,80.68,41.05,78.67,47.46,14.51,50.43,95.61,36.97,17.51,70.22,22.59,18.86,66.40,28.45,93.12,23.26,71.69,4.28,88.61,77.63,15.55,23.31,46.15,76.76,12.18,60.22,15.98,26.19,96.87,85.21,78.08,68.86,41.59,29.36,75.49,29.16,37.27,17.26,10.86,5.79,57.15,67.52,73.92,6.37,49.54,81.05,61.94,43.63,75.71,80.64,46.94,4.82,71.73,78.87,77.28,12.40,94.72,98.44,43.17,11.61,83.78,70.55,16.25,24.96,66.78,44.91,9.52,94.12,90.59,43.01,76.31,59.02,22.17,31.16,28.65,20.70,27.05,98.27,8.06,65.76,41.31,56.99,53.57,85.30,81.53,62.11,96.44,95.28,26.66,71.42,1.11,38.94,24.79,71.06,44.02,53.12,26.45,76.92,35.82
p74,60.62,51.18,88.23,84.56,21.96,24.12,5.74,92.43,1.28,51.39,75.48,64.26,57.21,0.69,0.06,90.15,59.39,28.44,8.44,96.87,77.59,49.57,25.01,22.36,24.61,92.52,42.37,50.51,29.21,12.01,57.40,16.67,64.84,87.88,41.58,68.55,50.43,90.21,35.21,61.15,63.03,52.44,12.97,80.01,88.03,55.41,95.54,87.04,80.32,93.99,72.81,0.14,17.79,14.13,81.16,65.01,57.35,20.27,84.96,47.70,11.44,12.64,46.89,64.01,2.83,2.43,33.33,50.09,59.98,32.09,97.52,96.60,21.67,74.74,29.44,46.22,99.66,98.17,41.61,94.56,57.03,24.48,87.43,16.39,8.26,70.95,26.46,60.28,97.70,56.07,10.33,43.19,75.53,59.73,96.51,97.07,65.87,71.61,67.80,43.54,26.59,86.11,55.99,43.22,90.05,48.68,3.18,5.71,38.46,58.47,89.28,54.89,6.19,26.15,0.63,6.78,34.28,3.01,22.82,62.49,33.28,2.79,67.31,33.76,12.26,65.59,12.91,59.65,4.92,23.99,31.71,35.26,27.72,51.97,99.21,45.63,89.66,60.78,33.37,65.70,34.81,36.95,27.50,4.63,30.44,66.75,87.32,75.83,68.51,78.75,86.56,96.42,42.55,35.82,94.23,4.70,42.63,36.51,54.31,22.33,6.84,47.05,53.32,6.13
p75,39.69,41.77,6.91,80.49,28.03,97.75,56.74,45.98,73.76,45.93,30.43,31.50,14.82,36.64,97.93,14.20,7.11,63.16,19.38,52.21,19.20,16.88,28.20,95.39,58.26,37.84,57.65,96.50,13.17,6.74,43.12,24.92,67.52,9.35,7.46,50.07,41.31,84.69,54.20,68.66,14.58,9.08,35.98,3.64,18.14,67.49,91.29,64.02,23.52,88.51,18.56,39.54,95.52,86.95,86.02,74.42,23.24,92.62,85.04,40.83,62.63,7.85,7.59,78.71,11.26,33.01,68.53,2.76,1.03,69.01,1.51,28.93,41.07,93.49,60.67,55.25,92.36,73.49,37.19,66.52,90.22,99.86,18.79,22.31,39.34,17.28,17.29,86.96,40.21,73.65,54.90,98.77,17.63,63.88,49.23,14.28,54.51,36.05,47.87,42.98,77.82,29.34,16.00,69.00,30.99,42.35,50.17,55.52,75.67,52.76,68.52,94.46,76.69,22.12,20.49,2.59,99.62,45.95,96.35,92.35,88.40,15.63,55.00,85.29,73.08,71.12,18.71,23.61,47.26,3.05,30.17,22.34,46.65,31.51,8.14,92.28,79.25,84.46,86.84,94.71,92.90,88.45,85.37,87.37,50.12,79.95,76.69,5.10,35.52,52.52,86.56,58.35,40.12,74.01,8.90,18.16,69.03,63.00,21.40,22.01,62.13,15.27,98.47,25.74
p80,52.78,50.77,57.92,64.64,2.16,85.90,3.17,27.52,27.35,21.64,31.56,84.40,97.06,98.66,55.97,35.98,13.92,41.49,92.37,47.57,39.55,12.00,7.73,29.30,81.16,74.44,35.77,12.02,82.23,45.13,13.37,66.33,2.45,20.27,27.64,43.42,63.93,16.11,82.77,34.71,33.90,84.39,94.82,51.72,14.78,21.30,12.81,85.92,53.46,8.07,52.40,54.37,82.50,35.40,78.22,10.07,69.03,23.59,69.67,92.99,69.81,56.54,12.66,30.60,13.13,36.89,1.03,10.32,82.27,49.60,48.10,93.05,78.90,6.16,8.59,63.30,7.70,5.53,23.50,46.61,22.34,43.85,2.07,25.17,64.07,63.89,17.65,57.82,93.67,83.46,97.62,76.30,18.89,79.68,11.37,34.44,5.09,22.98,14.35,53.64,25.29,48.82,28.58,53.56,14.07,1.13,31.79,40.34,54.00,79.33,42.07,59.60,45.76,83.80,96.17,29.43,86.79,21.27,54.45,55.96,35.77,39.22,86.03,44.23,33.60,37.91,75.13,70.21,33.65,55.57,50.44,49.15,28.61,24.46,66.24,90.03,13.62,14.02,82.70,3.87,26.40,82.46,18.21,20.15,59.57,94.15,25.02,56.56,36.76,30.04,54.03,69.60,60.57,83.89,82.98,74.40,64.45,75.12,21.20,65.22,81.19,12.40,48.51,73.55
p85,91.67,20.85,26.80,58.80,23.00,47.57,33.85,37.78,75.70,76.47,10.31,75.88,90.80,94.79,7.40,25.77,98.88,78.31,85.62,57.74,56.73,74.94,74.63,64.40,53.15,56.81,36.68,22.03,76.10,90.11,55.70,71.82,23.05,91.19,65.38,56.89,53.60,16.95,81.19,76.69,61.25,27.81,62.08,96.03,55.12,0.72,23.59,42.34,95.88,90.60,47.67,80.60,69.54,12.66,38.47,58.02,63.05,0.01,7.50,99.44,83.72,47.97,98.64,9.50,13.59,20.55,40.37,11.36,26.74,7.30,10.11,7.73,1.21,76.94,33.22,10.20,72.71,81.46,96.81,53.25,0.72,23.99,19.22,35.75,46.92,65.01,29.43,71.70,18.27,43.67,1.04,45.63,90.18,56.17,47.02,3.77,82.41,43.35,71.63,48.66,9.87,63.40,11.68,52.80,61.17,51.65,70.90,47.71,42.95,64.15,84.03,53.61,2.34,91.04,53.96,19.10,16.90,84.53,7.32,48.69,82.28,89.03,88.89,15.18,72.83,67.46,82.96,45.12,37.46,54.90,57.12,82.72,52.76,43.98,47.35,26.77,93.62,38.22,38.68,18.87,45.19,68.35,7.47,13.93,42.32,39.91,74.07,11.66,60.45,84.51,68.53,24.92,79.71,18.12,67.13,0.61,21.07,28.79,26.80,14.46,48.38,88.86,67.88,62.49
p90.1.a,57.10,70.50,40.82,48.32,52.43,52.49,57.78,88.56,65.08,91.86,12.07,93.91,93.33,80.23,35.37,37.82,80.55,1.35,16.58,38.10,9.31,9.41,28.43,18.39,54.21,96.58,31.36,74.27,36.98,49.55,77.77,95.41,10.72,64.63,8.30,31.87,98.27,41.18,90.81,0.65,48.14,14.17,80.30,97.77,65.73,42.41,38.00,94.23,82.28,8.76,70.28,7.39,90.39,61.02,62.34,46.31,63.15,44.21,68.55,89.78,50.94,6.90,39.03,77.32,39.52,50.80,66.63,20.03,22.82,62.62,74.10,43.20,65.05,98.56,32.22,51.31,5.37,80.35,14.04,3.90,58.20,8.46,32.80,82.01,34.83,25.14,23.80,22.73,96.57,22.48,88.59,86.48,32.69,29.11,91.36,52.85,67.26,57.72,43.75,48.32,36.77,96.93,11.09,13.96,8.71,10.98,87.57,50.11,4.80,10.94,49.64,22.48,67.95,39.43,43.25,34.32,80.85,85.89,5.37,42.52,16.86,14.05,6.34,65.02,7.06,56.67,21.02,38.19,92.24,91.72,64.51,35.96,1.52,40.24,97.90,69.12,3.80,26.02,56.13,14.84,68.40,89.89,65.79,77.82,62.69,32.72,87.81,37.92,10.54,66.10,43.21,38.75,44.01,89.85,65.76,77.80,92.93,69.06,26.59,54.13,30.85,2.74,95.09,5.34
p90.1.b,38.68,26.74,86.88,65.09,7.38,77.76,80.77,76.62,8.67,82.47,49.06,5.29,17.58,87.48,0.69,48.49,58.67,50.30,49.88,10.25,49.98,72.33,36.44,74.25,31.85,96.91,66.29,19.45,38.33,89.85,51.25,25.67,83.96,66.75,49.50,79.66,9.30,90.78,38.13,40.26,43.11,3.70,40.75,98.39,9.30,34.04,44.12,12.36,7.54,32.63,93.80,82.16,35.30,40.52,82.54,70.79,70.36,42.79,2.10,87.00,41.28,47.83,39.27,71.78,49.96,35.09,40.08,81.83,46.47,8.35,61.05,51.01,45.64,57.32,71.01,59.64,19.95,98.70,64.86,4.40,3.56,17.86,95.45,44.13,85.47,64.09,59.99,35.93,23.35,89.14,43.97,73.38,26.71,0.11,67.90,39.95,37.24,20.80,99.90,72.28,77.71,86.81,10.54,96.16,54.71,80.06,90.58,66.27,25.24,13.29,82.20,55.08,80.91,88.73,47.39,13.50,22.27,82.86,16.10,45.76,64.01,71.04,31.10,38.33,87.93,19.86,82.15,72.51,57.66,51.03,73.91,44.92,86.51,98.71,3.45,65.67,36.49,85.11,54.13,74.06,92.53,61.34,12.64,99.59,19.26,64.61,81.00,92.62,66.52,85.44,88.70,56.53,8.54,23.85,7.34,93.93,48.34,93.02,81.28,42.05,70.23,59.19,28.93,33.78
p90.1.c,8.92,9.71,40.25,61.78,52.88,73.66,84.80,67.23,42.78,66.18,14.21,47.95,25.46,72.30,27.05,69.76,60.42,6.12,38.80,3.19,99.50,65.69,63.33,46.38,99.01,74.31,25.64,82.02,83.43,89.06,0.56,12.52,3.98,14.15,44.51,97.94,5.22,40.30,74.01,55.31,49.79,46.72,35.65,47.81,16.11,42.87,62.78,25.53,62.77,3.78,68.22,16.35,80.43,9.71,14.77,23.30,77.55,59.03,18.87,12.30,65.67,7.35,59.24,40.34,33.29,85.17,63.89,22.53,84.48,78.72,34.03,73.42,90.86,12.32,91.72,70.38,34.34,28.08,19.03,91.20,25.55,69.14,44.22,60.11,23.67,77.10,25.41,26.08,32.82,4.30,23.88,82.49,23.38,86.76,75.65,64.83,1.87,45.87,52.66,53.42,91.53,18.88,20.93,89.88,19.95,4.01,3.68,21.76,11.01,10.08,10.33,45.36,62.28,85.77,18.29,11.99,49.07,91.50,92.63,10.44,48.12,82.66,38.97,38.93,39.59,33.65,71.56,52.23,92.61,75.73,57.00,2.89,31.46,57.17,26.35,95.72,80.54,90.79,31.01,47.46,23.61,28.26,37.39,21.99,91.31,65.57,76.92,87.19,82.42,37.14,27.17,20.96,65.17,68.25,92.00,11.14,32.54,17.47,37.52,64.61,92.97,93.12,42.23,66.13
p90.1.d,79.76,38.43,57.26,93.81,43.60,46.07,16.62,28.91,22.17,59.90,4.83,18.03,30.11,1.36,50.56,28.12,64.21,84.53,94.20,43.06,91.35,1.18,16.96,34.56,61.09,29.96,70.21,98.80,23.32,12.74,65.19,71.23,56.11,68.65,17.71,35.84,84.81,51.56,96.74,93.72,23.13,75.62,58.67,48.08,36.05,34.21,53.57,26.27,58.91,78.94,78.98,30.11,38.00,39.75,39.48,49.24,79.68,83.90,92.60,73.32,5.34,72.42,14.77,32.73,69.59,60.89,53.95,2.79,45.96,33.93,23.96,69.88,34.12,77.02,10.87,88.06,28.90,90.88,12.26,62.85,89.60,87.47,45.93,58.48,47.89,79.06,64.36,64.30,90.16,91.51,91.62,19.90,30.34,32.80,56.19,60.21,46.54,83.45,5.37,43.45,84.01,65.83,41.36,11.34,85.47,35.07,84.44,82.29,9.81,91.20,44.55,39.09,51.05,24.43,16.72,81.68,7.26,1.29,78.73,41.02,86.00,32.85,68.04,4.35,28.00,62.36,15.47,36.33,97.59,97.68,10.50,62.20,30.07,56.91,62.35,44.38,24.43,12.78,52.11,2.28,43.82,50.92,11.59,58.01,70.52,34.11,28.51,55.01,75.67,41.63,48.82,31.26,86.90,87.02,67.30,12.87,65.09,9.62,26.93,82.84,57.75,42.87,60.61,76.72
p90.1.e,63.61,70.50,93.91,52.12,1.68,75.63,80.18,38.57,1.65,75.36,77.47,58.43,83.05,66.36,23.49,37.61,10.40,40.94,22.33,44.96,53.17,16.62,49.80,21.33,60.68,4.57,33.70,4.19,80.57,99.90,3.63,53.32,42.56,73.48,95.53,57.06,95.93,30.35,42.73,4.58,99.89,20.46,27.93,60.27,62.54,56.69,90.79,50.26,54.41,76.12,69.34,53.62,25.42,81.53,99.25,68.73,55.39,34.28,66.35,6.48,88.20,99.90,66.75,54.69,37.31,67.53,81.29,81.14,43.55,63.31,57.58,95.06,48.47,99.09,73.25,18.84,47.25,81.66,27.55,55.07,2.75,83.81,2.01,96.43,28.47,80.20,19.05,37.60,20.06,13.66,87.36,55.39,5.57,62.66,87.60,98.59,3.00,37.18,58.40,67.58,79.20,84.76,66.47,61.61,22.13,92.81,11.03,64.18,53.80,64.54,25.77,28.30,27.96,34.74,51.19,84.77,79.75,2.12,35.66,88.96,62.72,84.53,40.11,45.46,84.99,61.92,18.58,90.23,38.10,75.58,73.10,44.76,73.42,22.94,17.40,1.82,58.00,9.05,29.47,20.59,13.49,65.00,96.89,39.67,36.71,97.68,97.47,9.74,64.00,15.15,38.24,6.21,62.65,48.38,43.88,77.85,57.93,48.27,75.67,1.51,76.78,83.12,85.13,73.96
p90.1.f,24.02,21.61,59.24,90.06,93.26,29.38,73.13,30.65,94.12,9.84,63.10,37.79,50.72,14.40,65.76,35.39,76.54,96.14,71.61,83.04,52.22,56.41,29.50,97.95,97.95,19.33,7.83,11.16,83.21,59.68,63.44,22.44,95.60,70.79,32.87,44.59,54.42,76.79,7.55,60.13,62.82,13.00,29.45,28.62,52.91,91.48,52.53,12.01,11.73,70.98,15.26,21.09,65.88,73.13,34.61,0.76,78.53,58.62,48.13,37.74,44.31,44.60,86.13,48.51,38.29,33.44,86.43,61.21,55.44,91.79,56.04,57.45,72.36,48.63,13.05,30.43,40.03,25.20,95.70,72.22,24.02,38.76,11.84,92.68,70.04,81.61,83.28,88.29,74.37,1.77,33.17,84.34,69.67,51.13,58.28,68.95,70.18,3.45,45.24,73.27,3.51,94.93,32.32,68.38,63.59,13.93,6.43,18.01,99.94,7.55,77.08,89.85,98.09,60.01,85.81,42.50,72.44,71.38,36.55,4.90,4.88,73.88,37.17,3.98,44.30,21.67,54.35,40.81,90.60,8.31,18.36,47.72,53.41,47.28,88.56,4.44,54.06,87.27,81.26,82.27,17.90,36.43,1.68,37.65,85.37,65.01,3.27,50.59,53.31,39.59,77.74,77.08,85.86,75.27,52.75,34.35,46.34,59.33,71.89,19.98,65.62,23.83,57.91,64.34
p90.1.g,60.56,84.72,2.43,97.90,53.66,98.99,87.67,41.80,83.16,91.28,24.90,61.52,9.84,46.14,73.74,8.65,18.33,52.20,16.19,35.48,5.95,77.82,77.27,39.63,6.15,61.36,69.18,1.96,42.82,1.67,75.38,25.70,69.49,8.86,17.37,87.64,35.80,79.85,71.51,9.69,74.30,28.03,56.80,50.77,79.32,11.75,10.12,21.06,72.65,86.18,46.24,16.16,92.16,46.76,14.50,52.14,35.76,51.54,3.75,55.67,59.36,62.30,18.37,37.53,49.91,68.12,15.32,84.51,60.29,19.21,43.39,62.21,26.40,67.85,65.26,81.04,91.15,59.45,79.88,22.97,86.84,37.11,81.95,4.09,98.76,26.23,51.84,70.89,15.66,55.57,55.65,11.65,82.59,2.17,57.96,11.39,9.02,82.60,56.71,83.54,15.14,11.59,18.84,6.37,1.62,1.41,55.23,28.53,0.58,35.13,55.48,47.49,24.42,85.13,34.08,7.47,56.64,43.99,64.67,24.93,63.88,9.29,22.17,53.27,15.80,55.19,25.30,45.18,6.72,90.29,16.93,93.25,69.00,28.70,71.17,9.49,40.69,27.31,3.55,7.43,40.19,70.10,35.03,43.84,30.49,19.46,22.44,79.61,76.28,48.11,90.00,32.47,34.88,59.54,55.62,59.57,71.53,8.84,95.50,81.27,50.34,67.52,11.25,22.09
p90.2.a,35.43,30.42,28.00,47.65,93.27,64.21,62.38,92.07,9.80,3.08,62.60,18.36,80.04,61.68,68.71,82.16,19.48,49.66,4.43,37.31,34.68,27.28,73.38,80.30,37.13,71.19,36.33,9.49,19.45,86.40,13.54,28.48,50.60,70.84,18.99,54.41,7.67,22.67,51.02,56.33,83.14,16.39,82.07,64.02,74.61,38.94,73.93,73.89,42.61,58.59,0.16,74.40,78.27,55.92,78.46,85.41,56.60,13.96,9.92,35.17,6.13,97.52,16.16,93.19,8.79,47.22,27.61,32.53,0.10,87.09,17.24,31.93,7.97,1.33,99.75,35.47,41.61,36.02,39.25,92.56,37.69,37.02,36.53,32.05,32.26,43.88,16.10,38.46,87.75,12.58,55.63,54.21,19.76,25.37,28.79,16.74,29.16,1.36,50.81,56.55,11.24,45.76,72.50,67.46,55.77,80.95,46.68,40.34,13.01,67.03,54.31,15.21,22.74,78.50,5.91,89.64,21.32,1.47,5.71,97.05,50.79,58.69,56.20,26.07,73.95,77.92,22.85,33.41,0.17,75.37,8.96,3.89,71.38,26.02,21.65,47.87,67.57,91.94,21.47,21.47,75.83,37.28,17.36,43.39,12.19,22.26,1.58,17.23,43.97,1.51,69.28,80.79,36.36,29.58,82.89,70.64,4.85,44.51,15.80,43.44,98.20,64.27,14.25,45.86
p90.2.b,60.76,4.61,96.61,0.92,35.45,90.97,39.36,52.41,81.85,99.32,68.48,54.94,93.12,11.37,78.11,37.01,87.46,71.51,44.91,29.24,58.83,38.50,73.26,96.51,85.79,95.35,74.72,76.12,49.88,28.39,53.83,45.79,86.47,21.08,56.32,88.75,48.64,33.46,67.77,65.51,5.93,43.57,93.76,68.06,41.55,24.90,45.20,21.21,19.74,47.61,89.99,69.67,80.16,32.41,38.81,37.19,24.57,6.60,84.58,62.10,66.21,84.03,82.06,35.45,39.51,50.48,31.74,71.14,86.58,38.98,73.02,56.58,94.06,80.15,52.53,55.39,70.50,77.51,10.27,63.52,19.82,60.17,77.93,74.68,6.41,41.22,65.49,61.55,50.55,14.95,7.01,31.50,92.45,8.75,23.25,36.44,56.02,61.94,3.22,66.40,19.24,76.81,78.11,84.36,36.57,59.18,75.20,0.33,20.47,29.40,20.70,24.17,94.67,88.54,47.16,90.26,32.91,27.36,80.23,53.59,21.09,63.05,26.73,14.28,61.61,86.83,5.54,20.35,17.38,15.44,54.10,44.56,2.11,76.65,72.55,39.75,56.07,15.75,95.17,20.86,6.28,15.38,98.89,42.52,2.31,68.98,51.23,9.34,31.08,62.16,22.69,34.59,41.36,34.67,18.65,72.30,41.21,48.67,39.12,7.15,27.24,95.19,8.87,66.94
p90.2.c,72.96,85.43,85.72,39.23,17.72,4.16,74.15,66.83,13.04,20.73,57.53,16.09,55.65,74.10,28.18,87.63,77.53,42.84,61.24,91.66,63.07,63.33,32.58,8.99,20.34,5.56,78.42,88.61,23.12,71.06,31.10,73.87,82.42,10.67,3.02,51.92,38.45,47.15,7.33,39.57,45.18,70.21,80.39,34.53,8.03,9.03,71.18,11.68,95.15,29.47,83.73,55.06,60.36,26.70,54.37,84.66,95.40,30.57,3.68,52.60,46.97,65.69,36.68,63.24,83.41,52.43,28.30,54.04,95.42,8.82,84.37,26.53,71.75,65.10,69.05,19.09,70.69,74.19,43.80,16.40,26.35,74.57,11.66,12.53,96.40,3.74,36.17,22.39,77.31,78.15,98.58,67.51,54.56,58.50,28.28,86.42,77.31,62.38,65.35,92.12,55.23,50.66,60.91,86.31,76.57,93.30,40.40,48.73,22.38,72.37,31.53,35.19,48.45,16.77,63.93,64.23,64.26,6.12,70.89,93.77,88.78,20.42,31.14,76.47,61.92,13.00,89.24,36.49,10.74,75.56,82.23,84.07,3.56,75.65,14.22,87.78,60.40,53.15,81.98,10.72,7.79,40.84,26.07,53.32,76.26,81.10,91.60,13.49,42.72,17.30,9.55,19.51,36.47,60.33,87.66,84.51,96.56,7.79,28.63,85.68,9.51,48.22,0.56,28.28
p90.3.a,6.19,17.86,96.14,14.29,94.87,69.07,16.57,33.11,28.05,39.94,75.64,33.02,1.80,80.12,19.33,86.64,67.10,27.78,17.43,35.04,20.88,76.38,99.06,94.39,30.26,96.93,39.40,90.38,55.90,27.77,56.02,0.79,20.16,86.21,65.36,96.88,73.68,29.11,13.33,2.14,59.06,41.93,11.81,90.60,34.11,46.25,73.18,42.67,69.14,99.29,18.65,52.00,51.51,66.60,27.03,70.52,37.80,45.79,64.17,56.92,48.68,10.89,20.45,0.92,78.33,66.51,7.09,91.68,99.09,36.56,90.84,37.88,10.82,17.38,96.19,38.94,52.35,3.70,24.83,86.52,12.11,21.17,45.34,25.62,25.72,80.63,28.54,74.32,79.77,69.36,63.75,15.94,53.39,68.11,55.93,26.95,68.95,50.70,67.09,6.92,83.79,32.12,9.84,90.27,72.49,25.92,69.55,29.11,23.51,48.79,89.27,51.62,81.16,58.99,97.55,10.05,16.69,7.68,22.01,78.36,17.31,76.87,81.57,74.39,50.34,88.76,88.20,87.39,23.22,12.21,71.82,66.54,87.35,53.74,87.61,79.60,43.30,7.66,86.48,97.95,68.20,37.71,75.68,92.29,19.39,42.03,12.55,44.80,70.47,26.09,62.71,88.28,44.35,37.53,57.23,51.48,47.49,71.58,10.37,89.59,68.50,66.18,28.21,23.59
p90.3.b,93.66,43.14,31.14,84.78,5.93,46.70,21.31,85.58,38.27,32.89,0.86,47.79,52.31,32.09,81.42,54.25,72.48,66.67,93.84,56.02,26.24,76.04,31.91,8.54,16.05,91.35,77.55,62.66,47.62,32.49,56.59,75.04,42.15,39.12,21.72,9.63,3.61,66.45,61.21,42.59,51.33,23.03,16.17,29.61,19.51,93.29,53.01,26.92,65.84,5.11,94.62,56.35,49.84,62.61,42.08,77.47,9.87,10.69,73.56,96.53,98.05,77.25,67.99,15.38,12.38,50.31,9.95,51.92,39.42,26.74,44.25,83.41,53.65,62.77,86.22,62.16,43.38,4.44,92.38,84.15,74.45,9.60,96.29,26.66,24.32,61.59,94.75,31.27,15.21,95.64,6.46,49.22,43.24,88.80,18.38,26.70,88.48,80.04,25.01,94.41,8.12,29.68,91.82,60.84,60.47,89.64,62.35,94.84,49.71,69.44,10.08,12.29,54.10,41.61,76.99,43.74,85.98,66.77,34.48,94.61,13.42,19.50,89.59,50.15,91.79,34.47,25.83,33.57,14.09,6.08,76.74,28.71,53.15,1.03,73.58,86.46,79.37,14.85,84.22,32.06,43.77,69.91,29.16,34.59,52.97,52.19,34.51,75.83,64.69,84.86,88.96,95.88,39.52,57.34,27.94,55.10,80.40,21.00,51.00,10.47,22.06,92.08,41.89,88.35
p90.4.a,55.10,70.87,43.40,30.72,53.56,36.36,3.03,7.97,60.77,43.83,71.56,16.17,46.62,4.98,15.38,22.26,89.58,48.03,88.59,19.71,88.18,25.78,44.15,58.41,70.17,75.88,18.49,86.51,66.96,94.18,96.95,39.75,91.13,93.37,33.93,24.12,18.20,28.16,40.86,89.90,2.30,15.29,30.80,52.13,48.87,14.01,31.30,2.31,86.40,6.17,76.75,14.14,16.83,44.37,8.21,62.95,48.67,59.93,94.04,48.99,87.73,18.99,29.47,30.01,35.92,18.27,77.40,73.63,59.69,43.29,86.11,79.97,66.55,31.10,89.95,70.25,25.43,37.07,45.23,24.12,29.88,73.03,62.43,14.78,53.12,55.39,88.08,56.32,45.33,74.61,74.34,1.48,66.42,50.88,55.86,57.03,87.54,49.30,69.86,40.70,46.62,30.84,28.96,96.17,12.16,74.81,36.76,64.35,61.88,89.84,84.99,54.17,99.96,42.78,37.10,12.63,85.89,18.18,87.57,0.14,49.42,25.37,11.36,41.00,12.39,30.53,82.94,20.60,94.19,15.07,96.11,58.25,27.62,77.57,25.61,45.10,52.14,33.86,36.19,69.53,73.82,86.29,87.97,26.87,0.22,31.43,75.64,48.80,86.81,4.65,17.47,27.09,93.59,11.37,82.89,8.84,3.81,84.09,49.66,22.19,25.78,31.64,38.46,47.64
p90.4.b,0.13,7.26,86.78,4.42,60.68,99.42,45.23,55.32,71.84,30.16,29.66,46.37,44.42,35.08,22.14,59.60,70.16,86.25,41.64,15.25,93.56,63.58,84.18,56.69,14.47,86.22,54.36,8.81,57.04,51.30,61.79,29.70,85.21,85.51,91.56,63.89,11.02,26.44,31.30,65.35,57.31,23.69,21.69,61.13,24.48,25.03,46.65,33.83,12.36,37.49,65.70,48.41,35.37,72.13,27.12,72.94,77.90,7.72,91.53,76.52,80.30,12.07,36.30,64.21,52.44,33.63,24.17,2.68,4.26,27.34,19.19,6.10,40.59,79.13,43.29,81.03,4.20,60.58,42.17,82.42,37.77,15.71,95.76,42.82,51.23,32.66,37.61,82.11,72.09,1.78,66.95,54.04,52.77,8.80,83.11,47.76,32.11,77.06,49.22,50.99,87.08,99.45,27.04,71.11,32.28,86.25,68.49,68.15,94.95,57.97,58.33,64.58,91.61,9.62,17.87,83.33,34.69,8.17,10.15,53.11,28.97,48.51,62.18,47.14,16.29,64.04,31.61,22.81,89.91,73.61,70.11,41.97,29.40,36.60,84.03,36.95,5.90,63.21,71.82,61.47,14.94,60.50,19.19,99.05,15.43,58.23,26.34,58.22,87.87,56.81,51.84,69.22,96.29,71.45,80.60,40.27,97.77,92.08,99.01,85.44,38.62,98.60,58.30,95.05
p90.5.a,66.91,56.65,31.60,32.13,47.58,84.42,58.31,55.36,52.74,50.00,9.39,56.61,63.20,87.40,37.27,16.62,9.56,6.25,21.52,46.16,12.92,72.72,63.89,73.34,51.31,72.00,85.03,70.24,4.43,96.21,94.06,17.81,56.90,23.03,84.09,67.33,19.96,97.04,32.76,95.62,91.15,70.37,36.89,90.32,67.93,35.07,95.64,87.51,13.19,90.65,19.18,21.29,22.66,22.16,51.54,74.45,6.44,49.08,71.43,52.82,89.94,47.80,10.80,6.51,22.26,26.91,78.10,67.24,3.17,57.45,36.61,60.15,10.19,57.24,74.88,8.61,89.01,17.67,69.79,27.90,9.68,75.68,53.56,53.75,21.41,58.57,86.26,73.10,69.98,82.86,36.76,3.72,72.75,4.42,82.95,46.20,60.97,30.85,69.46,17.77,69.32,64.98,93.32,49.07,8.77,20.39,87.99,68.34,86.01,15.42,30.73,20.29,60.73,91.42,64.75,5.89,44.12,15.27,31.33,40.86,27.93,82.72,15.61,52.28,83.49,57.84,99.65,6.08,24.41,6.40,38.47,54.02,57.21,74.50,89.44,7.26,12.21,47.30,76.00,47.68,75.77,60.55,96.01,5.90,39.28,70.24,48.74,9.82,13.61,14.79,17.12,28.21,90.97,85.54,14.50,57.90,44.91,69.05,46.56,90.36,78.67,11.52,18.36,73.88
p90.5.b,16.80,37.74,57.89,45.86,92.41,47.67,19.57,77.97,64.94,3.06,75.13,75.23,29.10,25.83,30.73,53.51,41.34,0.72,51.84,58.34,28.20,21.66,10.52,86.75,80.36,90.18,1.91,64.21,84.72,95.11,4.40,89.17,79.73,21.57,32.45,89.98,21.65,82.60,96.42,85.81,20.83,44.36,73.50,63.98,82.64,67.36,4.38,56.77,55.22,28.65,24.77,79.43,74.15,43.90,50.24,29.15,82.90,59.62,44.61,39.33,70.49,31.54,77.13,60.05,12.67,17.18,93.84,69.88,97.07,42.48,2.58,30.95,74.43,31.67,75.61,55.14,33.14,20.79,59.18,36.81,71.88,86.82,74.63,46.45,8.50,35.75,29.26,69.82,88.78,75.22,83.04,12.76,47.16,24.06,62.92,60.36,14.92,23.46,10.66,31.82,0.11,83.42,49.26,94.86,40.15,36.70,41.37,29.98,22.84,21.85,72.78,94.16,73.83,46.07,88.72,70.05,32.56,7.14,61.27,9.88,10.30,68.72,75.74,11.76,55.49,19.77,70.25,42.40,49.26,26.37,76.17,51.60,6.95,2.14,26.10,9.23,5.53,33.51,64.90,2.93,30.69,97.01,82.10,82.62,55.27,6.27,62.43,29.20,62.75,44.90,98.82,31.33,23.87,21.63,92.23,36.76,36.72,67.23,48.24,41.87,26.02,32.05,89.84,34.50
p90.5.c,82.01,97.64,29.95,21.00,83.39,34.50,82.03,52.28,55.89,87.95,86.64,58.97,48.60,80.73,16.19,95.22,87.69,66.83,15.50,90.54,13.41,35.05,78.06,65.76,76.84,7.58,68.55,96.06,75.50,50.47,48.76,82.08,4.48,5.82,44.42,70.73,91.91,40.70,46.13,5.06,28.99,21.32,55.31,18.99,70.31,6.65,25.01,56.37,97.73,40.48,88.43,82.43,61.34,73.96,93.38,53.73,68.24,33.44,49.96,68.02,34.25,86.42,8.98,43.15,96.71,83.03,80.40,14.86,0.55,67.71,91.25,17.44,87.98,55.18,48.74,76.21,30.74,76.34,63.39,17.12,64.71,87.90,13.22,56.18,51.60,34.05,6.75,33.35,7.87,21.59,33.59,57.85,90.87,91.84,23.70,9.86,3.30,27.54,20.85,5.86,46.70,31.71,91.27,66.15,3.52,17.44,59.32,97.19,83.96,85.25,45.65,45.13,3.86,99.29,77.23,73.05,10.33,16.24,97.12,74.07,8.77,60.30,26.27,19.72,31.39,89.47,44.24,39.42,35.44,73.64,10.01,82.39,23.16,63.08,4.32,68.03,7.34,31.31,33.93,36.36,88.55,31.99,17.87,95.88,29.88,86.00,80.58,91.95,25.58,7.57,46.34,80.45,99.46,66.66,54.33,58.60,39.58,63.43,17.29,64.41,81.04,74.46,95.62,27.92
p90.5.d,37.72,14.07,46.94,83.08,82.21,44.26,93.97,71.90,17.65,58.43,84.59,34.54,96.13,80.46,52.83,11.30,93.87,10.75,14.57,84.11,83.95,47.04,73.95,40.31,37.21,77.54,57.39,74.87,0.63,3.70,5.37,18.69,7.43,22.36,89.80,4.02,44.14,73.35,97.90,3.04,45.31,54.62,9.26,12.35,91.88,56.20,78.41,4.42,80.58,56.34,52.74,70.51,54.21,57.84,50.87,44.09,26.74,49.68,23.09,49.84,96.01,30.43,20.37,58.96,31.23,28.10,59.45,26.57,38.34,28.59,0.44,25.73,36.79,30.59,26.69,82.43,74.16,3.55,73.34,36.22,33.40,42.03,57.55,47.08,5.25,8.93,54.14,18.78,97.14,52.26,73.49,40.92,78.24,12.35,90.60,25.72,95.65,61.50,17.07,7.24,17.90,61.75,13.32,86.87,31.22,82.66,3.60,45.58,14.61,16.53,99.06,77.63,52.41,13.46,42.61,0.17,87.10,67.59,31.58,1.18,25.18,74.28,23.78,1.41,4.72,98.11,55.22,54.67,35.94,10.57,19.45,62.22,81.49,61.20,79.27,96.48,51.36,90.85,18.07,9.45,66.17,66.54,77.28,86.08,28.55,54.10,20.31,1.22,52.53,42.27,70.02,13.10,35.86,72.34,47.82,61.65,1.72,45.57,54.10,59.74,80.40,74.50,65.44,3.42
p90.5.e,61.03,57.92,56.07,15.79,41.75,59.24,67.37,43.80,1.02,99.06,8.68,0.46,62.79,98.82,37.14,44.36,52.66,44.33,49.75,92.24,17.05,19.39,91.82,2.26,65.48,88.76,94.34,41.21,58.04,88.09,87.03,97.97,31.73,65.32,52.63,65.70,91.74,73.46,24.30,44.02,70.50,30.87,72.92,37.62,87.49,95.44,43.15,37.61,64.33,37.03,0.39,34.98,30.43,76.65,79.68,5.11,32.87,90.12,15.68,95.30,82.08,26.29,34.54,80.95,55.36,93.76,16.33,34.22,32.77,22.50,82.92,64.22,66.73,81.29,91.28,26.77,77.18,68.87,87.04,49.53,65.41,69.41,64.69,56.62,93.38,33.58,93.04,27.86,68.35,4.94,54.61,22.71,61.43,2.90,48.50,79.01,5.81,51.20,2.04,91.82,90.31,65.00,7.31,65.42,55.35,69.70,37.92,97.53,14.01,22.16,73.68,34.42,97.97,70.80,76.04,66.85,23.37,24.65,94.63,83.97,86.98,81.35,31.90,27.80,89.99,33.47,49.33,73.72,51.80,11.27,16.92,30.75,54.87,77.98,56.11,65.91,15.78,98.82,98.32,1.43,28.85,47.05,10.46,10.09,81.34,15.90,50.64,54.06,25.76,34.32,11.12,62.28,77.67,71.65,61.17,95.64,57.75,77.87,34.53,21.45,4.29,75.64,95.46,83.45
p90.5.f,47.02,15.63,70.47,68.84,44.39,46.05,76.29,72.47,62.42,96.19,84.49,27.77,85.72,1.72,97.80,74.79,60.03,12.36,58.87,7.38,37.37,86.79,97.34,54.96,73.98,88.94,90.20,53.37,58.07,61.80,90.65,38.15,49.63,0.40,68.17,50.07,70.49,99.61,69.32,64.23,5.37,23.63,31.17,77.85,23.30,59.93,19.09,84.30,92.55,93.02,45.05,64.26,59.62,85.28,0.51,41.10,29.11,7.87,54.33,55.18,80.55,10.83,42.74,74.71,24.92,2.80,50.85,62.68,99.63,42.13,12.66,45.88,30.93,58.68,70.15,59.60,63.58,58.56,95.64,1.41,77.17,25.78,50.52,60.53,68.41,42.40,41.55,54.04,11.82,16.86,30.98,42.36,40.27,81.85,26.89,55.83,32.71,47.34,5.59,65.15,96.09,75.89,42.61,1.42,46.08,62.80,91.61,97.17,26.07,32.56,78.90,51.86,86.05,18.48,10.61,31.69,0.91,15.87,72.17,25.51,3.92,38.55,39.22,2.46,30.14,73.45,24.27,52.66,89.89,34.22,67.23,9.29,15.07,15.89,26.61,59.08,78.49,8.67,12.78,1.93,3.38,67.52,33.06,24.96,94.56,95.25,43.47,55.99,39.40,32.96,46.91,68.30,98.08,98.92,98.26,66.97,9.36,22.07,93.03,16.64,46.04,78.78,93.37,29.36
p91,17.38,78.98,48.02,58.57,40.84,90.94,36.57,46.74,2.98,27.34,75.59,85.62,51.04,64.15,10.96,67.95,90.17,45.19,27.96,19.28,67.08,39.00,45.90,75.48,36.34,69.94,21.39,78.27,51.94,43.57,46.29,97.05,61.45,29.63,69.39,76.70,28.41,32.34,46.44,9.08,87.50,49.43,66.67,29.53,64.04,15.85,70.63,7.87,17.48,60.08,11.95,37.42,36.07,0.03,59.40,49.65,36.70,76.31,82.39,53.44,64.96,93.83,94.58,64.75,67.25,27.93,23.34,99.85,82.01,87.25,87.49,60.95,29.25,72.95,6.22,61.66,0.02,34.72,0.67,29.53,23.74,75.42,81.78,46.45,6.54,94.45,20.79,52.44,43.72,54.95,69.49,14.42,0.53,63.43,10.07,99.81,84.71,19.83,63.63,20.93,78.63,16.43,91.19,19.05,19.91,61.89,4.73,57.45,90.74,76.48,33.00,23.24,50.32,17.46,12.71,95.34,51.55,0.95,46.07,95.56,82.17,85.03,39.80,59.00,2.93,91.31,79.90,4.82,16.07,79.32,90.31,79.76,20.59,38.44,15.24,98.98,5.55,27.65,57.70,77.63,2.64,4.35,9.95,74.60,48.37,31.56,34.72,27.78,65.45,87.50,32.90,6.73,32.93,15.48,91.89,28.18,13.86,37.83,93.70,99.59,25.56,84.91,76.92,20.77
p92,83.42,73.04,63.48,21.70,58.04,15.46,27.31,70.45,38.76,96.30,66.16,22.40,72.65,76.96,92.61,34.92,80.43,34.99,27.88,45.25,48.28,18.62,94.14,80.85,2.90,3.79,24.87,60.79,64.28,0.39,11.64,53.52,58.40,24.32,25.67,82.49,90.79,64.92,85.50,35.37,22.48,39.56,30.49,34.63,97.63,67.21,73.95,35.16,20.50,30.15,46.79,76.36,84.55,70.03,81.74,80.17,78.93,66.21,17.98,6.57,67.60,20.85,63.29,47.03,77.13,34.82,0.93,70.45,82.03,69.74,63.74,68.85,81.99,10.58,73.55,36.19,26.33,78.33,88.77,64.50,3.16,73.70,85.63,17.64,97.11,48.79,94.34,96.89,66.96,77.85,19.58,63.04,1.06,46.80,22.89,14.72,5.60,27.50,61.40,9.24,2.50,86.95,58.10,3.83,79.87,34.79,93.61,48.80,26.11,51.43,8.50,25.92,91.32,10.25,94.87,73.24,9.18,64.60,28.48,93.90,42.17,36.44,94.05,16.06,78.67,26.71,97.15,7.96,67.62,59.78,88.27,90.75,53.68,17.23,26.31,34.69,51.89,87.10,42.79,29.50,4.68,5.06,49.40,11.73,3.78,99.60,20.55,27.42,45.81,60.11,60.04,56.58,18.77,9.98,40.99,49.35,91.34,61.00,40.64,15.94,49.20,31.68,1.18,7.31
p93,68.48,79.81,96.41,85.54,17.17,39.25,12.85,91.78,1.01,66.33,93.88,6.76,14.17,36.45,47.33,45.90,26.42,19.44,99.78,96.12,0.11,54.90,48.99,37.23,6.86,1.66,49.32,86.46,66.75,24.63,28.89,76.89,45.43,11.14,7.44,40.41,23.13,22.21,7.84,84.40,70.29,76.86,32.24,75.73,47.76,44.43,29.12,25.14,18.95,48.70,24.83,66.25,79.28,14.81,92.51,36.27,46.77,58.63,35.10,48.39,76.74,95.38,28.59,7.94,32.84,96.80,11.12,99.13,97.45,41.55,14.84,64.84,34.18,92.07,80.03,37.17,24.90,62.63,58.32,99.85,41.98,56.52,60.94,37.90,25.42,24.12,58.44,92.26,61.75,69.26,89.16,80.48,33.63,90.62,61.40,90.84,12.46,30.24,98.22,26.65,43.80,54.02,84.51,37.63,88.89,81.28,50.77,40.79,58.86,50.17,34.19,29.57,73.73,98.09,54.05,89.33,91.78,39.90,55.50,40.95,84.17,18.13,14.83,10.28,86.81,14.48,24.70,18.26,37.63,75.07,6.10,89.30,74.02,63.03,29.75,57.01,1.45,92.95,32.35,99.77,60.55,0.85,81.36,53.19,36.19,11.83,39.96,8.07,67.74,12.35,59.07,2.01,79.91,9.89,83.39,9.73,34.25,11.66,63.22,14.39,62.14,66.04,15.34,0.24
p95,38.15,69.28,43.21,62.45,33.03,80.19,42.04,63.75,82.90,99.37,93.51,14.41,12.86,40.74,75.27,16.84,97.58,87.48,8.85,3.88,97.59,53.53,60.33,67.12,63.83,51.79,80.27,60.23,35.73,50.50,44.45,81.36,52.44,79.46,96.94,33.15,15.01,37.40,74.14,44.05,72.46,34.45,59.02,55.36,96.12,89.96,49.71,18.46,38.61,63.52,37.82,14.13,91.75,10.41,89.03,25.15,6.23,70.38,48.70,6.42,77.93,74.88,72.84,41.79,22.55,72.96,33.68,13.02,8.77,43.65,58.80,57.55,19.72,61.69,49.55,62.02,95.15,93.20,39.35,87.51,7.63,20.96,15.36,34.05,38.96,93.06,78.65,81.89,42.62,35.34,13.76,34.74,62.96,49.78,36.65,27.32,41.35,91.83,63.84,60.01,52.25,4.74,52.69,76.09,69.89,82.68,61.37,53.05,15.00,99.02,61.02,54.60,69.71,49.80,64.18,58.08,34.70,73.39,72.29,28.11,11.24,19.39,68.46,97.64,82.35,58.09,21.98,88.86,28.27,25.08,28.88,81.25,21.02,55.45,84.86,7.53,61.14,80.18,26.94,4.22,0.40,22.34,85.48,65.74,67.06,46.38,40.41,73.16,93.63,33.00,59.96,55.48,30.97,63.51,34.72,79.60,18.07,29.52,24.72,78.34,66.34,5.25,22.64,13.38
p99,28.64,80.57,97.46,87.63,92.58,6.10,59.97,15.59,74.77,76.11,88.53,32.45,46.66,79.72,76.93,18.40,64.69,53.91,33.84,72.39,48.42,33.98,31.45,49.64,90.40,22.92,3.54,19.72,0.04,19.14,8.42,11.11,65.27,3.16,74.34,24.73,63.60,23.85,86.82,74.81,38.76,43.42,30.68,86.54,44.88,69.02,98.61,2.24,66.66,1.80,33.79,28.57,98.94,61.24,68.03,78.54,88.56,30.09,79.85,65.91,24.02,2.49,24.41,17.88,34.23,89.07,46.39,61.12,87.57,10.38,38.14,95.31,40.76,35.51,34.54,30.30,22.30,85.39,39.30,44.88,60.33,12.34,69.90,37.45,79.92,72.23,45.89,80.31,69.75,3.39,79.83,1.99,89.44,21.82,23.87,58.04,67.24,34.39,67.30,99.33,63.49,78.31,3.22,92.08,65.91,1.43,19.12,3.95,33.59,20.26,94.19,57.29,22.98,89.42,25.55,88.76,90.42,0.75,66.60,78.42,75.62,30.89,18.93,40.14,22.74,93.49,39.11,24.85,67.50,27.80,7.75,38.09,5.88,23.88,54.70,53.69,74.22,35.64,15.31,27.40,0.26,51.37,99.50,50.01,95.99,76.06,9.23,45.32,9.29,50.91,82.39,34.76,16.22,0.78,60.94,42.36,53.29,53.93,2.91,87.44,37.93,37.26,72.07,85.82
