MRIO_country				AT	AT	AT	AT	AT	AT	AT	BE	BE	BE	BE	BE	BE	BE	BG	BG	BG	BG	BG	BG	BG	CY	CY	CY	CY	CY	CY	CY	CZ	CZ	CZ	CZ	CZ	CZ	CZ	DE	DE	DE	DE	DE	DE	DE	DK	DK	DK	DK	DK	DK	DK	EE	EE	EE	EE	EE	EE	EE	ES	ES	ES	ES	ES	ES	ES	FI	FI	FI	FI	FI	FI	FI	FR	FR	FR	FR	FR	FR	FR	GR	GR	GR	GR	GR	GR	GR	HR	HR	HR	HR	HR	HR	HR	HU	HU	HU	HU	HU	HU	HU	IE	IE	IE	IE	IE	IE	IE	IT	IT	IT	IT	IT	IT	IT	LT	LT	LT	LT	LT	LT	LT	LU	LU	LU	LU	LU	LU	LU	LV	LV	LV	LV	LV	LV	LV	MT	MT	MT	MT	MT	MT	MT	NL	NL	NL	NL	NL	NL	NL	PL	PL	PL	PL	PL	PL	PL	PT	PT	PT	PT	PT	PT	PT	RO	RO	RO	RO	RO	RO	RO	SE	SE	SE	SE	SE	SE	SE	SI	SI	SI	SI	SI	SI	SI	SK	SK	SK	SK	SK	SK	SK	GB	GB	GB	GB	GB	GB	GB	US	US	US	US	US	US	US	JP	JP	JP	JP	JP	JP	JP	CN	CN	CN	CN	CN	CN	CN	CA	CA	CA	CA	CA	CA	CA	KR	KR	KR	KR	KR	KR	KR	BR	BR	BR	BR	BR	BR	BR	IN	IN	IN	IN	IN	IN	IN	MX	MX	MX	MX	MX	MX	MX	RU	RU	RU	RU	RU	RU	RU	AU	AU	AU	AU	AU	AU	AU	CH	CH	CH	CH	CH	CH	CH	TR	TR	TR	TR	TR	TR	TR	TW	TW	TW	TW	TW	TW	TW	NO	NO	NO	NO	NO	NO	NO	ID	ID	ID	ID	ID	ID	ID	ZA	ZA	ZA	ZA	ZA	ZA	ZA	WA	WA	WA	WA	WA	WA	WA	WL	WL	WL	WL	WL	WL	WL	WE	WE	WE	WE	WE	WE	WE	WF	WF	WF	WF	WF	WF	WF	WM	WM	WM	WM	WM	WM	WM
MRIO_industry				Final consumption expenditure by households	Final consumption expenditure by non-profit organisations serving households (NPISH)	Final consumption expenditure by government	Gross fixed capital formation	Changes in inventories	Changes in valuables	Exports: Total (fob)	Final consumption expenditure by households	Final consumption expenditure by non-profit organisations serving households (NPISH)	Final consumption expenditure by government	Gross fixed capital formation	Changes in inventories	Changes in valuables	Exports: Total (fob)	Final consumption expenditure by households	Final consumption expenditure by non-profit organisations serving households (NPISH)	Final consumption expenditure by government	Gross fixed capital formation	Changes in inventories	Changes in valuables	Exports: Total (fob)	Final consumption expenditure by households	Final consumption expenditure by non-profit organisations serving households (NPISH)	Final consumption expenditure by government	Gross fixed capital formation	Changes in inventories	Changes in valuables	Exports: Total (fob)	Final consumption expenditure by households	Final consumption expenditure by non-profit organisations serving households (NPISH)	Final consumption expenditure by government	Gross fixed capital formation	Changes in inventories	Changes in valuables	Exports: Total (fob)	Final consumption expenditure by households	Final consumption expenditure by non-profit organisations serving households (NPISH)	Final consumption expenditure by government	Gross fixed capital formation	Changes in inventories	Changes in valuables	Exports: Total (fob)	Final consumption expenditure by households	Final consumption expenditure by non-profit organisations serving households (NPISH)	Final consumption expenditure by government	Gross fixed capital formation	Changes in inventories	Changes in valuables	Exports: Total (fob)	Final consumption expenditure by households	Final consumption expenditure by non-profit organisations serving households (NPISH)	Final consumption expenditure by government	Gross fixed capital formation	Changes in inventories	Changes in valuables	Exports: Total (fob)	Final consumption expenditure by households	Final consumption expenditure by non-profit organisations serving households (NPISH)	Final consumption expenditure by government	Gross fixed capital formation	Changes in inventories	Changes in valuables	Exports: Total (fob)	Final consumption expenditure by households	Final consumption expenditure by non-profit organisations serving households (NPISH)	Final consumption expenditure by government	Gross fixed capital formation	Changes in inventories	Changes in valuables	Exports: Total (fob)	Final consumption expenditure by households	Final consumption expenditure by non-profit organisations serving households (NPISH)	Final consumption expenditure by government	Gross fixed capital formation	Changes in inventories	Changes in valuables	Exports: Total (fob)	Final consumption expenditure by households	Final consumption expenditure by non-profit organisations serving households (NPISH)	Final consumption expenditure by government	Gross fixed capital formation	Changes in inventories	Changes in valuables	Exports: Total (fob)	Final consumption expenditure by households	Final consumption expenditure by non-profit organisations serving households (NPISH)	Final consumption expenditure by government	Gross fixed capital formation	Changes in inventories	Changes in valuables	Exports: Total (fob)	Final consumption expenditure by households	Final consumption expenditure by non-profit organisations serving households (NPISH)	Final consumption expenditure by government	Gross fixed capital formation	Changes in inventories	Changes in valuables	Exports: Total (fob)	Final consumption expenditure by households	Final consumption expenditure by non-profit organisations serving households (NPISH)	Final consumption expenditure by government	Gross fixed capital formation	Changes in inventories	Changes in valuables	Exports: Total (fob)	Final consumption expenditure by households	Final consumption expenditure by non-profit organisations serving households (NPISH)	Final consumption expenditure by government	Gross fixed capital formation	Changes in inventories	Changes in valuables	Exports: Total (fob)	Final consumption expenditure by households	Final consumption expenditure by non-profit organisations serving households (NPISH)	Final consumption expenditure by government	Gross fixed capital formation	Changes in inventories	Changes in valuables	Exports: Total (fob)	Final consumption expenditure by households	Final consumption expenditure by non-profit organisations serving households (NPISH)	Final consumption expenditure by government	Gross fixed capital formation	Changes in inventories	Changes in valuables	Exports: Total (fob)	Final consumption expenditure by households	Final consumption expenditure by non-profit organisations serving households (NPISH)	Final consumption expenditure by government	Gross fixed capital formation	Changes in inventories	Changes in valuables	Exports: Total (fob)	Final consumption expenditure by households	Final consumption expenditure by non-profit organisations serving households (NPISH)	Final consumption expenditure by government	Gross fixed capital formation	Changes in inventories	Changes in valuables	Exports: Total (fob)	Final consumption expenditure by households	Final consumption expenditure by non-profit organisations serving households (NPISH)	Final consumption expenditure by government	Gross fixed capital formation	Changes in inventories	Changes in valuables	Exports: Total (fob)	Final consumption expenditure by households	Final consumption expenditure by non-profit organisations serving households (NPISH)	Final consumption expenditure by government	Gross fixed capital formation	Changes in inventories	Changes in valuables	Exports: Total (fob)	Final consumption expenditure by households	Final consumption expenditure by non-profit organisations serving households (NPISH)	Final consumption expenditure by government	Gross fixed capital formation	Changes in inventories	Changes in valuables	Exports: Total (fob)	Final consumption expenditure by households	Final consumption expenditure by non-profit organisations serving households (NPISH)	Final consumption expenditure by government	Gross fixed capital formation	Changes in inventories	Changes in valuables	Exports: Total (fob)	Final consumption expenditure by households	Final consumption expenditure by non-profit organisations serving households (NPISH)	Final consumption expenditure by government	Gross fixed capital formation	Changes in inventories	Changes in valuables	Exports: Total (fob)	Final consumption expenditure by households	Final consumption expenditure by non-profit organisations serving households (NPISH)	Final consumption expenditure by government	Gross fixed capital formation	Changes in inventories	Changes in valuables	Exports: Total (fob)	Final consumption expenditure by households	Final consumption expenditure by non-profit organisations serving households (NPISH)	Final consumption expenditure by government	Gross fixed capital formation	Changes in inventories	Changes in valuables	Exports: Total (fob)	Final consumption expenditure by households	Final consumption expenditure by non-profit organisations serving households (NPISH)	Final consumption expenditure by government	Gross fixed capital formation	Changes in inventories	Changes in valuables	Exports: Total (fob)	Final consumption expenditure by households	Final consumption expenditure by non-profit organisations serving households (NPISH)	Final consumption expenditure by government	Gross fixed capital formation	Changes in inventories	Changes in valuables	Exports: Total (fob)	Final consumption expenditure by households	Final consumption expenditure by non-profit organisations serving households (NPISH)	Final consumption expenditure by government	Gross fixed capital formation	Changes in inventories	Changes in valuables	Exports: Total (fob)	Final consumption expenditure by households	Final consumption expenditure by non-profit organisations serving households (NPISH)	Final consumption expenditure by government	Gross fixed capital formation	Changes in inventories	Changes in valuables	Exports: Total (fob)	Final consumption expenditure by households	Final consumption expenditure by non-profit organisations serving households (NPISH)	Final consumption expenditure by government	Gross fixed capital formation	Changes in inventories	Changes in valuables	Exports: Total (fob)	Final consumption expenditure by households	Final consumption expenditure by non-profit organisations serving households (NPISH)	Final consumption expenditure by government	Gross fixed capital formation	Changes in inventories	Changes in valuables	Exports: Total (fob)	Final consumption expenditure by households	Final consumption expenditure by non-profit organisations serving households (NPISH)	Final consumption expenditure by government	Gross fixed capital formation	Changes in inventories	Changes in valuables	Exports: Total (fob)	Final consumption expenditure by households	Final consumption expenditure by non-profit organisations serving households (NPISH)	Final consumption expenditure by government	Gross fixed capital formation	Changes in inventories	Changes in valuables	Exports: Total (fob)	Final consumption expenditure by households	Final consumption expenditure by non-profit organisations serving households (NPISH)	Final consumption expenditure by government	Gross fixed capital formation	Changes in inventories	Changes in valuables	Exports: Total (fob)	Final consumption expenditure by households	Final consumption expenditure by non-profit organisations serving households (NPISH)	Final consumption expenditure by government	Gross fixed capital formation	Changes in inventories	Changes in valuables	Exports: Total (fob)	Final consumption expenditure by households	Final consumption expenditure by non-profit organisations serving households (NPISH)	Final consumption expenditure by government	Gross fixed capital formation	Changes in inventories	Changes in valuables	Exports: Total (fob)	Final consumption expenditure by households	Final consumption expenditure by non-profit organisations serving households (NPISH)	Final consumption expenditure by government	Gross fixed capital formation	Changes in inventories	Changes in valuables	Exports: Total (fob)	Final consumption expenditure by households	Final consumption expenditure by non-profit organisations serving households (NPISH)	Final consumption expenditure by government	Gross fixed capital formation	Changes in inventories	Changes in valuables	Exports: Total (fob)	Final consumption expenditure by households	Final consumption expenditure by non-profit organisations serving households (NPISH)	Final consumption expenditure by government	Gross fixed capital formation	Changes in inventories	Changes in valuables	Exports: Total (fob)	Final consumption expenditure by households	Final consumption expenditure by non-profit organisations serving households (NPISH)	Final consumption expenditure by government	Gross fixed capital formation	Changes in inventories	Changes in valuables	Exports: Total (fob)	Final consumption expenditure by households	Final consumption expenditure by non-profit organisations serving households (NPISH)	Final consumption expenditure by government	Gross fixed capital formation	Changes in inventories	Changes in valuables	Exports: Total (fob)	Final consumption expenditure by households	Final consumption expenditure by non-profit organisations serving households (NPISH)	Final consumption expenditure by government	Gross fixed capital formation	Changes in inventories	Changes in valuables	Exports: Total (fob)	Final consumption expenditure by households	Final consumption expenditure by non-profit organisations serving households (NPISH)	Final consumption expenditure by government	Gross fixed capital formation	Changes in inventories	Changes in valuables	Exports: Total (fob)	Final consumption expenditure by households	Final consumption expenditure by non-profit organisations serving households (NPISH)	Final consumption expenditure by government	Gross fixed capital formation	Changes in inventories	Changes in valuables	Exports: Total (fob)	Final consumption expenditure by households	Final consumption expenditure by non-profit organisations serving households (NPISH)	Final consumption expenditure by government	Gross fixed capital formation	Changes in inventories	Changes in valuables	Exports: Total (fob)	Final consumption expenditure by households	Final consumption expenditure by non-profit organisations serving households (NPISH)	Final consumption expenditure by government	Gross fixed capital formation	Changes in inventories	Changes in valuables	Exports: Total (fob)	Final consumption expenditure by households	Final consumption expenditure by non-profit organisations serving households (NPISH)	Final consumption expenditure by government	Gross fixed capital formation	Changes in inventories	Changes in valuables	Exports: Total (fob)
Unit	ISO3_country	Flow	IEA_product																																																																																																																																																																																																																																																																																																																																																							
TJ	AUT	Electricity output (GWh)-autoproducer CHP plants	Biogases																																																																																																																																																																																																																																																																																																																																																							
TJ	AUT	Electricity output (GWh)-autoproducer CHP plants	Blast furnace gas																																																																																																																																																																																																																																																																																																																																																							
TJ	AUT	Electricity output (GWh)-autoproducer CHP plants	Fuel oil																																																																																																																																																																																																																																																																																																																																																							
TJ	AUT	Electricity output (GWh)-autoproducer CHP plants	Gas/diesel oil excl. biofuels																																																																																																																																																																																																																																																																																																																																																							
TJ	AUT	Electricity output (GWh)-autoproducer CHP plants	Industrial waste																																																																																																																																																																																																																																																																																																																																																							
TJ	AUT	Electricity output (GWh)-autoproducer CHP plants	Municipal waste (non-renewable)																																																																																																																																																																																																																																																																																																																																																							
TJ	AUT	Electricity output (GWh)-autoproducer CHP plants	Municipal waste (renewable)																																																																																																																																																																																																																																																																																																																																																							
TJ	AUT	Electricity output (GWh)-autoproducer CHP plants	Natural gas																																																																																																																																																																																																																																																																																																																																																							
TJ	AUT	Electricity output (GWh)-autoproducer CHP plants	Other bituminous coal																																																																																																																																																																																																																																																																																																																																																							
TJ	AUT	Electricity output (GWh)-autoproducer CHP plants	Primary solid biofuels																																																																																																																																																																																																																																																																																																																																																							
TJ	AUT	Electricity output (GWh)-autoproducer CHP plants	Refinery gas																																																																																																																																																																																																																																																																																																																																																							
TJ	AUT	Electricity output (GWh)-autoproducer electricity plants	Biogases																																																																																																																																																																																																																																																																																																																																																							
TJ	AUT	Electricity output (GWh)-autoproducer electricity plants	Blast furnace gas																																																																																																																																																																																																																																																																																																																																																							
TJ	AUT	Electricity output (GWh)-autoproducer electricity plants	Fuel oil																																																																																																																																																																																																																																																																																																																																																							
TJ	AUT	Electricity output (GWh)-autoproducer electricity plants	Gas/diesel oil excl. biofuels																																																																																																																																																																																																																																																																																																																																																							
TJ	AUT	Electricity output (GWh)-autoproducer electricity plants	Heat																																																																																																																																																																																																																																																																																																																																																							
TJ	AUT	Electricity output (GWh)-autoproducer electricity plants	Hydro																																																																																																																																																																																																																																																																																																																																																							
TJ	AUT	Electricity output (GWh)-autoproducer electricity plants	Municipal waste (non-renewable)																																																																																																																																																																																																																																																																																																																																																							
TJ	AUT	Electricity output (GWh)-autoproducer electricity plants	Municipal waste (renewable)																																																																																																																																																																																																																																																																																																																																																							
TJ	AUT	Electricity output (GWh)-autoproducer electricity plants	Natural gas																																																																																																																																																																																																																																																																																																																																																							
TJ	AUT	Electricity output (GWh)-autoproducer electricity plants	Other bituminous coal																																																																																																																																																																																																																																																																																																																																																							
TJ	AUT	Electricity output (GWh)-autoproducer electricity plants	Primary solid biofuels																																																																																																																																																																																																																																																																																																																																																							
TJ	AUT	Electricity output (GWh)-autoproducer electricity plants	Refinery gas																																																																																																																																																																																																																																																																																																																																																							
TJ	AUT	Electricity output (GWh)-main activity producer CHP plants	Biogases																																																																																																																																																																																																																																																																																																																																																							
TJ	AUT	Electricity output (GWh)-main activity producer CHP plants	Fuel oil																																																																																																																																																																																																																																																																																																																																																							
TJ	AUT	Electricity output (GWh)-main activity producer CHP plants	Gas/diesel oil excl. biofuels																																																																																																																																																																																																																																																																																																																																																							
TJ	AUT	Electricity output (GWh)-main activity producer CHP plants	Industrial waste																																																																																																																																																																																																																																																																																																																																																							
TJ	AUT	Electricity output (GWh)-main activity producer CHP plants	Municipal waste (non-renewable)																																																																																																																																																																																																																																																																																																																																																							
TJ	AUT	Electricity output (GWh)-main activity producer CHP plants	Municipal waste (renewable)																																																																																																																																																																																																																																																																																																																																																							
TJ	AUT	Electricity output (GWh)-main activity producer CHP plants	Natural gas																																																																																																																																																																																																																																																																																																																																																							
TJ	AUT	Electricity output (GWh)-main activity producer CHP plants	Other bituminous coal																																																																																																																																																																																																																																																																																																																																																							
TJ	AUT	Electricity output (GWh)-main activity producer CHP plants	Primary solid biofuels																																																																																																																																																																																																																																																																																																																																																							
TJ	AUT	Electricity output (GWh)-main activity producer electricity plants	Biogases																																																																																																																																																																																																																																																																																																																																																							
TJ	AUT	Electricity output (GWh)-main activity producer electricity plants	Fuel oil																																																																																																																																																																																																																																																																																																																																																							
TJ	AUT	Electricity output (GWh)-main activity producer electricity plants	Gas/diesel oil excl. biofuels																																																																																																																																																																																																																																																																																																																																																							
TJ	AUT	Electricity output (GWh)-main activity producer electricity plants	Geothermal																																																																																																																																																																																																																																																																																																																																																							
TJ	AUT	Electricity output (GWh)-main activity producer electricity plants	Hydro																																																																																																																																																																																																																																																																																																																																																							
TJ	AUT	Electricity output (GWh)-main activity producer electricity plants	Industrial waste																																																																																																																																																																																																																																																																																																																																																							
TJ	AUT	Electricity output (GWh)-main activity producer electricity plants	Municipal waste (non-renewable)																																																																																																																																																																																																																																																																																																																																																							
TJ	AUT	Electricity output (GWh)-main activity producer electricity plants	Municipal waste (renewable)																																																																																																																																																																																																																																																																																																																																																							
TJ	AUT	Electricity output (GWh)-main activity producer electricity plants	Natural gas																																																																																																																																																																																																																																																																																																																																																							
TJ	AUT	Electricity output (GWh)-main activity producer electricity plants	Other bituminous coal																																																																																																																																																																																																																																																																																																																																																							
TJ	AUT	Electricity output (GWh)-main activity producer electricity plants	Other liquid biofuels																																																																																																																																																																																																																																																																																																																																																							
TJ	AUT	Electricity output (GWh)-main activity producer electricity plants	Other sources																																																																																																																																																																																																																																																																																																																																																							
TJ	AUT	Electricity output (GWh)-main activity producer electricity plants	Primary solid biofuels																																																																																																																																																																																																																																																																																																																																																							
TJ	AUT	Electricity output (GWh)-main activity producer electricity plants	Solar photovoltaics																																																																																																																																																																																																																																																																																																																																																							
TJ	AUT	Electricity output (GWh)-main activity producer electricity plants	Wind																																																																																																																																																																																																																																																																																																																																																							
TJ	AUT	Energy industry own use; Blast furnaces	Blast furnace gas																																																																																																																																																																																																																																																																																																																																																							
TJ	AUT	Energy industry own use; Blast furnaces	Coal tar																																																																																																																																																																																																																																																																																																																																																							
TJ	AUT	Energy industry own use; Blast furnaces	Coke oven gas																																																																																																																																																																																																																																																																																																																																																							
TJ	AUT	Energy industry own use; Blast furnaces	Electricity																																																																																																																																																																																																																																																																																																																																																							
TJ	AUT	Energy industry own use; Blast furnaces	Industrial waste																																																																																																																																																																																																																																																																																																																																																							
TJ	AUT	Energy industry own use; Blast furnaces	Natural gas																																																																																																																																																																																																																																																																																																																																																							
TJ	AUT	Energy industry own use; Blast furnaces	Other recovered gases																																																																																																																																																																																																																																																																																																																																																							
TJ	AUT	Energy industry own use; Coke ovens	Blast furnace gas																																																																																																																																																																																																																																																																																																																																																							
TJ	AUT	Energy industry own use; Coke ovens	Coke oven gas																																																																																																																																																																																																																																																																																																																																																							
TJ	AUT	Energy industry own use; Coke ovens	Electricity																																																																																																																																																																																																																																																																																																																																																							
TJ	AUT	Energy industry own use; Coke ovens	Natural gas																																																																																																																																																																																																																																																																																																																																																							
TJ	AUT	Energy industry own use; Coke ovens	Other recovered gases																																																																																																																																																																																																																																																																																																																																																							
TJ	AUT	Energy industry own use; Non-specified (energy)	Electricity																																																																																																																																																																																																																																																																																																																																																							
TJ	AUT	Energy industry own use; Oil and gas extraction	Electricity																																																																																																																																																																																																																																																																																																																																																							
TJ	AUT	Energy industry own use; Oil and gas extraction	Natural gas																																																																																																																																																																																																																																																																																																																																																							
TJ	AUT	Energy industry own use; Oil refineries	Electricity																																																																																																																																																																																																																																																																																																																																																							
TJ	AUT	Energy industry own use; Oil refineries	Fuel oil																																																																																																																																																																																																																																																																																																																																																							
TJ	AUT	Energy industry own use; Oil refineries	Gas/diesel oil excl. biofuels																																																																																																																																																																																																																																																																																																																																																							
TJ	AUT	Energy industry own use; Oil refineries	Liquefied petroleum gases (LPG)																																																																																																																																																																																																																																																																																																																																																							
TJ	AUT	Energy industry own use; Oil refineries	Lubricants																																																																																																																																																																																																																																																																																																																																																							
TJ	AUT	Energy industry own use; Oil refineries	Natural gas																																																																																																																																																																																																																																																																																																																																																							
TJ	AUT	Energy industry own use; Oil refineries	Petroleum coke																																																																																																																																																																																																																																																																																																																																																							
TJ	AUT	Energy industry own use; Oil refineries	Refinery gas																																																																																																																																																																																																																																																																																																																																																							
TJ	AUT	Energy industry own use; Own use in electricity, CHP and heat plants	Electricity																																																																																																																																																																																																																																																																																																																																																							
TJ	AUT	Energy industry own use; Pumped storage plants	Electricity																																																																																																																																																																																																																																																																																																																																																							
TJ	AUT	Heat output-autoproducer CHP plants	Biogases																																																																																																																																																																																																																																																																																																																																																							
TJ	AUT	Heat output-autoproducer CHP plants	Blast furnace gas																																																																																																																																																																																																																																																																																																																																																							
TJ	AUT	Heat output-autoproducer CHP plants	Fuel oil																																																																																																																																																																																																																																																																																																																																																							
TJ	AUT	Heat output-autoproducer CHP plants	Gas/diesel oil excl. biofuels																																																																																																																																																																																																																																																																																																																																																							
TJ	AUT	Heat output-autoproducer CHP plants	Industrial waste																																																																																																																																																																																																																																																																																																																																																							
TJ	AUT	Heat output-autoproducer CHP plants	Municipal waste (non-renewable)																																																																																																																																																																																																																																																																																																																																																							
TJ	AUT	Heat output-autoproducer CHP plants	Municipal waste (renewable)																																																																																																																																																																																																																																																																																																																																																							
TJ	AUT	Heat output-autoproducer CHP plants	Natural gas																																																																																																																																																																																																																																																																																																																																																							
TJ	AUT	Heat output-autoproducer CHP plants	Other bituminous coal																																																																																																																																																																																																																																																																																																																																																							
TJ	AUT	Heat output-autoproducer CHP plants	Primary solid biofuels																																																																																																																																																																																																																																																																																																																																																							
TJ	AUT	Heat output-autoproducer CHP plants	Refinery gas																																																																																																																																																																																																																																																																																																																																																							
TJ	AUT	Heat output-autoproducer heat plants	Geothermal																																																																																																																																																																																																																																																																																																																																																							
TJ	AUT	Heat output-autoproducer heat plants	Heat																																																																																																																																																																																																																																																																																																																																																							
TJ	AUT	Heat output-autoproducer heat plants	Industrial waste																																																																																																																																																																																																																																																																																																																																																							
TJ	AUT	Heat output-autoproducer heat plants	Natural gas																																																																																																																																																																																																																																																																																																																																																							
TJ	AUT	Heat output-autoproducer heat plants	Primary solid biofuels																																																																																																																																																																																																																																																																																																																																																							
TJ	AUT	Heat output-main activity producer CHP plants	Biogases																																																																																																																																																																																																																																																																																																																																																							
TJ	AUT	Heat output-main activity producer CHP plants	Fuel oil																																																																																																																																																																																																																																																																																																																																																							
TJ	AUT	Heat output-main activity producer CHP plants	Gas/diesel oil excl. biofuels																																																																																																																																																																																																																																																																																																																																																							
TJ	AUT	Heat output-main activity producer CHP plants	Industrial waste																																																																																																																																																																																																																																																																																																																																																							
TJ	AUT	Heat output-main activity producer CHP plants	Municipal waste (non-renewable)																																																																																																																																																																																																																																																																																																																																																							
TJ	AUT	Heat output-main activity producer CHP plants	Municipal waste (renewable)																																																																																																																																																																																																																																																																																																																																																							
TJ	AUT	Heat output-main activity producer CHP plants	Natural gas																																																																																																																																																																																																																																																																																																																																																							
TJ	AUT	Heat output-main activity producer CHP plants	Other bituminous coal																																																																																																																																																																																																																																																																																																																																																							
TJ	AUT	Heat output-main activity producer CHP plants	Primary solid biofuels																																																																																																																																																																																																																																																																																																																																																							
TJ	AUT	Heat output-main activity producer heat plants	Biogases																																																																																																																																																																																																																																																																																																																																																							
TJ	AUT	Heat output-main activity producer heat plants	Electricity																																																																																																																																																																																																																																																																																																																																																							
TJ	AUT	Heat output-main activity producer heat plants	Fuel oil																																																																																																																																																																																																																																																																																																																																																							
TJ	AUT	Heat output-main activity producer heat plants	Gas/diesel oil excl. biofuels																																																																																																																																																																																																																																																																																																																																																							
TJ	AUT	Heat output-main activity producer heat plants	Geothermal																																																																																																																																																																																																																																																																																																																																																							
TJ	AUT	Heat output-main activity producer heat plants	Heat																																																																																																																																																																																																																																																																																																																																																							
TJ	AUT	Heat output-main activity producer heat plants	Municipal waste (non-renewable)																																																																																																																																																																																																																																																																																																																																																							
TJ	AUT	Heat output-main activity producer heat plants	Municipal waste (renewable)																																																																																																																																																																																																																																																																																																																																																							
TJ	AUT	Heat output-main activity producer heat plants	Natural gas																																																																																																																																																																																																																																																																																																																																																							
TJ	AUT	Heat output-main activity producer heat plants	Primary solid biofuels																																																																																																																																																																																																																																																																																																																																																							
TJ	AUT	Heat output-main activity producer heat plants	Solar thermal																																																																																																																																																																																																																																																																																																																																																							
TJ	AUT	Losses	Blast furnace gas																																																																																																																																																																																																																																																																																																																																																							
TJ	AUT	Losses	Coke oven gas																																																																																																																																																																																																																																																																																																																																																							
TJ	AUT	Losses	Electricity																																																																																																																																																																																																																																																																																																																																																							
TJ	AUT	Losses	Heat																																																																																																																																																																																																																																																																																																																																																							
TJ	AUT	Losses	Natural gas																																																																																																																																																																																																																																																																																																																																																							
TJ	AUT	Losses	Other recovered gases																																																																																																																																																																																																																																																																																																																																																							
TJ	AUT	Stock changes	Anthracite					3.89																																																																																																																																																																																																																																																																																																																																																		
TJ	AUT	Stock changes	Aviation gasoline					26.12																																																																																																																																																																																																																																																																																																																																																		
TJ	AUT	Stock changes	Biodiesels					62.14																																																																																																																																																																																																																																																																																																																																																		
TJ	AUT	Stock changes	Biogasoline					97.19																																																																																																																																																																																																																																																																																																																																																		
TJ	AUT	Stock changes	Bitumen					96.41																																																																																																																																																																																																																																																																																																																																																		
TJ	AUT	Stock changes	Coal tar					50.15																																																																																																																																																																																																																																																																																																																																																		
TJ	AUT	Stock changes	Coke oven coke					1.01																																																																																																																																																																																																																																																																																																																																																		
TJ	AUT	Stock changes	Coking coal					23.45																																																																																																																																																																																																																																																																																																																																																		
TJ	AUT	Stock changes	Crude oil					88.59																																																																																																																																																																																																																																																																																																																																																		
TJ	AUT	Stock changes	Fuel oil					8.27																																																																																																																																																																																																																																																																																																																																																		
TJ	AUT	Stock changes	Gas/diesel oil excl. biofuels					60.90																																																																																																																																																																																																																																																																																																																																																		
TJ	AUT	Stock changes	Kerosene type jet fuel excl. biofuels					33.82																																																																																																																																																																																																																																																																																																																																																		
TJ	AUT	Stock changes	Liquefied petroleum gases (LPG)					27.43																																																																																																																																																																																																																																																																																																																																																		
TJ	AUT	Stock changes	Lubricants					69.46																																																																																																																																																																																																																																																																																																																																																		
TJ	AUT	Stock changes	Motor gasoline excl. biofuels					70.12																																																																																																																																																																																																																																																																																																																																																		
TJ	AUT	Stock changes	Naphtha					96.96																																																																																																																																																																																																																																																																																																																																																		
TJ	AUT	Stock changes	Natural gas					55.77																																																																																																																																																																																																																																																																																																																																																		
TJ	AUT	Stock changes	Other bituminous coal					20.54																																																																																																																																																																																																																																																																																																																																																		
TJ	AUT	Stock changes	Other kerosene					51.25																																																																																																																																																																																																																																																																																																																																																		
TJ	AUT	Stock changes	Other oil products					28.60																																																																																																																																																																																																																																																																																																																																																		
TJ	AUT	Stock changes	Petroleum coke					92.16																																																																																																																																																																																																																																																																																																																																																		
TJ	AUT	Stock changes	Primary solid biofuels					65.13																																																																																																																																																																																																																																																																																																																																																		
TJ	AUT	Stock changes	Refinery feedstocks					90.44																																																																																																																																																																																																																																																																																																																																																		
TJ	AUT	Stock changes	White spirit & SBP					57.04																																																																																																																																																																																																																																																																																																																																																		
TJ	AUT	Total final consumption; Agriculture/forestry	BKB																																																																																																																																																																																																																																																																																																																																																							
TJ	AUT	Total final consumption; Agriculture/forestry	Biodiesels			33.88		21.11																																																																																																																																																																																																																																																																																																																																																		
TJ	AUT	Total final consumption; Agriculture/forestry	Coke oven coke																																																																																																																																																																																																																																																																																																																																																							
TJ	AUT	Total final consumption; Agriculture/forestry	Electricity																																																																																																																																																																																																																																																																																																																																																							
TJ	AUT	Total final consumption; Agriculture/forestry	Gas/diesel oil excl. biofuels																																																																																																																																																																																																																																																																																																																																																							
TJ	AUT	Total final consumption; Agriculture/forestry	Heat																																																																																																																																																																																																																																																																																																																																																							
TJ	AUT	Total final consumption; Agriculture/forestry	Liquefied petroleum gases (LPG)																																																																																																																																																																																																																																																																																																																																																							
TJ	AUT	Total final consumption; Agriculture/forestry	Natural gas																																																																																																																																																																																																																																																																																																																																																							
TJ	AUT	Total final consumption; Agriculture/forestry	Other bituminous coal	63.15				21.85																																																																																																																																																																																																																																																																																																																																																		
TJ	AUT	Total final consumption; Agriculture/forestry	Primary solid biofuels																																																																																																																																																																																																																																																																																																																																																							
TJ	AUT	Total final consumption; Agriculture/forestry	Solar thermal																																																																																																																																																																																																																																																																																																																																																							
TJ	AUT	Total final consumption; Commercial and public services	Biodiesels			67.63																																																																																																																																																																																																																																																																																																																																																				
TJ	AUT	Total final consumption; Commercial and public services	Biogases																																																																																																																																																																																																																																																																																																																																																							
TJ	AUT	Total final consumption; Commercial and public services	Charcoal			52.89																																																																																																																																																																																																																																																																																																																																																				
TJ	AUT	Total final consumption; Commercial and public services	Electricity																																																																																																																																																																																																																																																																																																																																																							
TJ	AUT	Total final consumption; Commercial and public services	Fuel oil																																																																																																																																																																																																																																																																																																																																																							
TJ	AUT	Total final consumption; Commercial and public services	Gas/diesel oil excl. biofuels																																																																																																																																																																																																																																																																																																																																																							
TJ	AUT	Total final consumption; Commercial and public services	Geothermal																																																																																																																																																																																																																																																																																																																																																							
TJ	AUT	Total final consumption; Commercial and public services	Heat																																																																																																																																																																																																																																																																																																																																																							
TJ	AUT	Total final consumption; Commercial and public services	Liquefied petroleum gases (LPG)																																																																																																																																																																																																																																																																																																																																																							
TJ	AUT	Total final consumption; Commercial and public services	Natural gas																																																																																																																																																																																																																																																																																																																																																							
TJ	AUT	Total final consumption; Commercial and public services	Primary solid biofuels			23.79																																																																																																																																																																																																																																																																																																																																																				
TJ	AUT	Total final consumption; Commercial and public services	Solar thermal																																																																																																																																																																																																																																																																																																																																																							
TJ	AUT	Total final consumption; Commercial and public services	White spirit & SBP																																																																																																																																																																																																																																																																																																																																																							
TJ	AUT	Total final consumption; Industry; Construction	Biodiesels																																																																																																																																																																																																																																																																																																																																																							
TJ	AUT	Total final consumption; Industry; Construction	Biogases																																																																																																																																																																																																																																																																																																																																																							
TJ	AUT	Total final consumption; Industry; Construction	Electricity																																																																																																																																																																																																																																																																																																																																																							
TJ	AUT	Total final consumption; Industry; Construction	Fuel oil																																																																																																																																																																																																																																																																																																																																																							
TJ	AUT	Total final consumption; Industry; Construction	Gas/diesel oil excl. biofuels																																																																																																																																																																																																																																																																																																																																																							
TJ	AUT	Total final consumption; Industry; Construction	Heat																																																																																																																																																																																																																																																																																																																																																							
TJ	AUT	Total final consumption; Industry; Construction	Industrial waste																																																																																																																																																																																																																																																																																																																																																							
TJ	AUT	Total final consumption; Industry; Construction	Liquefied petroleum gases (LPG)																																																																																																																																																																																																																																																																																																																																																							
TJ	AUT	Total final consumption; Industry; Construction	Natural gas																																																																																																																																																																																																																																																																																																																																																							
TJ	AUT	Total final consumption; Industry; Construction	Primary solid biofuels																																																																																																																																																																																																																																																																																																																																																							
TJ	AUT	Total final consumption; Industry; Construction	White spirit & SBP																																																																																																																																																																																																																																																																																																																																																							
TJ	AUT	Total final consumption; Industry; Industry not elsewhere specified	Biodiesels			10.11		59.89																																																																																																																																																																																																																																																																																																																																																		
TJ	AUT	Total final consumption; Industry; Industry not elsewhere specified	Electricity																																																																																																																																																																																																																																																																																																																																																							
TJ	AUT	Total final consumption; Industry; Industry not elsewhere specified	Fuel oil																																																																																																																																																																																																																																																																																																																																																							
TJ	AUT	Total final consumption; Industry; Industry not elsewhere specified	Gas/diesel oil excl. biofuels																																																																																																																																																																																																																																																																																																																																																							
TJ	AUT	Total final consumption; Industry; Industry not elsewhere specified	Heat																																																																																																																																																																																																																																																																																																																																																							
TJ	AUT	Total final consumption; Industry; Industry not elsewhere specified	Industrial waste																																																																																																																																																																																																																																																																																																																																																							
TJ	AUT	Total final consumption; Industry; Industry not elsewhere specified	Liquefied petroleum gases (LPG)																																																																																																																																																																																																																																																																																																																																																							
TJ	AUT	Total final consumption; Industry; Industry not elsewhere specified	Natural gas																																																																																																																																																																																																																																																																																																																																																							
TJ	AUT	Total final consumption; Industry; Industry not elsewhere specified	Primary solid biofuels																																																																																																																																																																																																																																																																																																																																																							
TJ	AUT	Total final consumption; Industry; Manufacturing; Chemical and petrochemical	Biodiesels			31.96		6.65																																																																																																																																																																																																																																																																																																																																																		
TJ	AUT	Total final consumption; Industry; Manufacturing; Chemical and petrochemical	Biogases	21.14																																																																																																																																																																																																																																																																																																																																																						
TJ	AUT	Total final consumption; Industry; Manufacturing; Chemical and petrochemical	Electricity																																																																																																																																																																																																																																																																																																																																																							
TJ	AUT	Total final consumption; Industry; Manufacturing; Chemical and petrochemical	Fuel oil																																																																																																																																																																																																																																																																																																																																																							
TJ	AUT	Total final consumption; Industry; Manufacturing; Chemical and petrochemical	Gas/diesel oil excl. biofuels																																																																																																																																																																																																																																																																																																																																																							
TJ	AUT	Total final consumption; Industry; Manufacturing; Chemical and petrochemical	Heat																																																																																																																																																																																																																																																																																																																																																							
TJ	AUT	Total final consumption; Industry; Manufacturing; Chemical and petrochemical	Industrial waste																																																																																																																																																																																																																																																																																																																																																							
TJ	AUT	Total final consumption; Industry; Manufacturing; Chemical and petrochemical	Liquefied petroleum gases (LPG)																																																																																																																																																																																																																																																																																																																																																							
TJ	AUT	Total final consumption; Industry; Manufacturing; Chemical and petrochemical	Natural gas																																																																																																																																																																																																																																																																																																																																																							
TJ	AUT	Total final consumption; Industry; Manufacturing; Chemical and petrochemical	Other bituminous coal																																																																																																																																																																																																																																																																																																																																																							
TJ	AUT	Total final consumption; Industry; Manufacturing; Chemical and petrochemical	Other oil products																																																																																																																																																																																																																																																																																																																																																							
TJ	AUT	Total final consumption; Industry; Manufacturing; Chemical and petrochemical	Primary solid biofuels																																																																																																																																																																																																																																																																																																																																																							
TJ	AUT	Total final consumption; Industry; Manufacturing; Chemical and petrochemical	White spirit & SBP																																																																																																																																																																																																																																																																																																																																																							
TJ	AUT	Total final consumption; Industry; Manufacturing; Food and tobacco	Biodiesels			38.05		47.32																																																																																																																																																																																																																																																																																																																																																		
TJ	AUT	Total final consumption; Industry; Manufacturing; Food and tobacco	Biogases																																																																																																																																																																																																																																																																																																																																																							
TJ	AUT	Total final consumption; Industry; Manufacturing; Food and tobacco	Coke oven coke																																																																																																																																																																																																																																																																																																																																																							
TJ	AUT	Total final consumption; Industry; Manufacturing; Food and tobacco	Electricity																																																																																																																																																																																																																																																																																																																																																							
TJ	AUT	Total final consumption; Industry; Manufacturing; Food and tobacco	Fuel oil																																																																																																																																																																																																																																																																																																																																																							
TJ	AUT	Total final consumption; Industry; Manufacturing; Food and tobacco	Gas/diesel oil excl. biofuels																																																																																																																																																																																																																																																																																																																																																							
TJ	AUT	Total final consumption; Industry; Manufacturing; Food and tobacco	Heat																																																																																																																																																																																																																																																																																																																																																							
TJ	AUT	Total final consumption; Industry; Manufacturing; Food and tobacco	Industrial waste																																																																																																																																																																																																																																																																																																																																																							
TJ	AUT	Total final consumption; Industry; Manufacturing; Food and tobacco	Liquefied petroleum gases (LPG)																																																																																																																																																																																																																																																																																																																																																							
TJ	AUT	Total final consumption; Industry; Manufacturing; Food and tobacco	Natural gas																																																																																																																																																																																																																																																																																																																																																							
TJ	AUT	Total final consumption; Industry; Manufacturing; Food and tobacco	Primary solid biofuels																																																																																																																																																																																																																																																																																																																																																							
TJ	AUT	Total final consumption; Industry; Manufacturing; Food and tobacco	White spirit & SBP																																																																																																																																																																																																																																																																																																																																																							
TJ	AUT	Total final consumption; Industry; Manufacturing; Iron and steel	Biodiesels																																																																																																																																																																																																																																																																																																																																																							
TJ	AUT	Total final consumption; Industry; Manufacturing; Iron and steel	Blast furnace gas																																																																																																																																																																																																																																																																																																																																																							
TJ	AUT	Total final consumption; Industry; Manufacturing; Iron and steel	Coke oven coke																																																																																																																																																																																																																																																																																																																																																							
TJ	AUT	Total final consumption; Industry; Manufacturing; Iron and steel	Coke oven gas																																																																																																																																																																																																																																																																																																																																																							
TJ	AUT	Total final consumption; Industry; Manufacturing; Iron and steel	Electricity																																																																																																																																																																																																																																																																																																																																																							
TJ	AUT	Total final consumption; Industry; Manufacturing; Iron and steel	Fuel oil																																																																																																																																																																																																																																																																																																																																																							
TJ	AUT	Total final consumption; Industry; Manufacturing; Iron and steel	Gas/diesel oil excl. biofuels																																																																																																																																																																																																																																																																																																																																																							
TJ	AUT	Total final consumption; Industry; Manufacturing; Iron and steel	Heat																																																																																																																																																																																																																																																																																																																																																							
TJ	AUT	Total final consumption; Industry; Manufacturing; Iron and steel	Industrial waste																																																																																																																																																																																																																																																																																																																																																							
TJ	AUT	Total final consumption; Industry; Manufacturing; Iron and steel	Liquefied petroleum gases (LPG)																																																																																																																																																																																																																																																																																																																																																							
TJ	AUT	Total final consumption; Industry; Manufacturing; Iron and steel	Natural gas																																																																																																																																																																																																																																																																																																																																																							
TJ	AUT	Total final consumption; Industry; Manufacturing; Iron and steel	Other bituminous coal																																																																																																																																																																																																																																																																																																																																																							
TJ	AUT	Total final consumption; Industry; Manufacturing; Iron and steel	Other recovered gases																																																																																																																																																																																																																																																																																																																																																							
TJ	AUT	Total final consumption; Industry; Manufacturing; Iron and steel	Primary solid biofuels																																																																																																																																																																																																																																																																																																																																																							
TJ	AUT	Total final consumption; Industry; Manufacturing; Machinery	Biodiesels			66.48		83.23																																																																																																																																																																																																																																																																																																																																																		
TJ	AUT	Total final consumption; Industry; Manufacturing; Machinery	Biogases	8.00																																																																																																																																																																																																																																																																																																																																																						
TJ	AUT	Total final consumption; Industry; Manufacturing; Machinery	Electricity																																																																																																																																																																																																																																																																																																																																																							
TJ	AUT	Total final consumption; Industry; Manufacturing; Machinery	Fuel oil																																																																																																																																																																																																																																																																																																																																																							
TJ	AUT	Total final consumption; Industry; Manufacturing; Machinery	Gas/diesel oil excl. biofuels																																																																																																																																																																																																																																																																																																																																																							
TJ	AUT	Total final consumption; Industry; Manufacturing; Machinery	Heat																																																																																																																																																																																																																																																																																																																																																							
TJ	AUT	Total final consumption; Industry; Manufacturing; Machinery	Industrial waste																																																																																																																																																																																																																																																																																																																																																							
TJ	AUT	Total final consumption; Industry; Manufacturing; Machinery	Liquefied petroleum gases (LPG)																																																																																																																																																																																																																																																																																																																																																							
TJ	AUT	Total final consumption; Industry; Manufacturing; Machinery	Natural gas																																																																																																																																																																																																																																																																																																																																																							
TJ	AUT	Total final consumption; Industry; Manufacturing; Machinery	Primary solid biofuels																																																																																																																																																																																																																																																																																																																																																							
TJ	AUT	Total final consumption; Industry; Manufacturing; Machinery	White spirit & SBP																																																																																																																																																																																																																																																																																																																																																							
TJ	AUT	Total final consumption; Industry; Manufacturing; Non-ferrous metals	Biodiesels			47.68		39.27																																																																																																																																																																																																																																																																																																																																																		
TJ	AUT	Total final consumption; Industry; Manufacturing; Non-ferrous metals	Coke oven coke																																																																																																																																																																																																																																																																																																																																																							
TJ	AUT	Total final consumption; Industry; Manufacturing; Non-ferrous metals	Electricity																																																																																																																																																																																																																																																																																																																																																							
TJ	AUT	Total final consumption; Industry; Manufacturing; Non-ferrous metals	Fuel oil	85.64				22.23																																																																																																																																																																																																																																																																																																																																																		
TJ	AUT	Total final consumption; Industry; Manufacturing; Non-ferrous metals	Gas/diesel oil excl. biofuels																																																																																																																																																																																																																																																																																																																																																							
TJ	AUT	Total final consumption; Industry; Manufacturing; Non-ferrous metals	Heat																																																																																																																																																																																																																																																																																																																																																							
TJ	AUT	Total final consumption; Industry; Manufacturing; Non-ferrous metals	Industrial waste																																																																																																																																																																																																																																																																																																																																																							
TJ	AUT	Total final consumption; Industry; Manufacturing; Non-ferrous metals	Liquefied petroleum gases (LPG)																																																																																																																																																																																																																																																																																																																																																							
TJ	AUT	Total final consumption; Industry; Manufacturing; Non-ferrous metals	Natural gas																																																																																																																																																																																																																																																																																																																																																							
TJ	AUT	Total final consumption; Industry; Manufacturing; Non-ferrous metals	Other bituminous coal	34.30				48.31																																																																																																																																																																																																																																																																																																																																																		
TJ	AUT	Total final consumption; Industry; Manufacturing; Non-ferrous metals	Primary solid biofuels	21.66		56.43		6.53																																																																																																																																																																																																																																																																																																																																																		
TJ	AUT	Total final consumption; Industry; Manufacturing; Non-metallic minerals	Biodiesels			55.11		70.22																																																																																																																																																																																																																																																																																																																																																		
TJ	AUT	Total final consumption; Industry; Manufacturing; Non-metallic minerals	Coke oven coke																																																																																																																																																																																																																																																																																																																																																							
TJ	AUT	Total final consumption; Industry; Manufacturing; Non-metallic minerals	Electricity																																																																																																																																																																																																																																																																																																																																																							
TJ	AUT	Total final consumption; Industry; Manufacturing; Non-metallic minerals	Fuel oil																																																																																																																																																																																																																																																																																																																																																							
TJ	AUT	Total final consumption; Industry; Manufacturing; Non-metallic minerals	Gas/diesel oil excl. biofuels																																																																																																																																																																																																																																																																																																																																																							
TJ	AUT	Total final consumption; Industry; Manufacturing; Non-metallic minerals	Heat																																																																																																																																																																																																																																																																																																																																																							
TJ	AUT	Total final consumption; Industry; Manufacturing; Non-metallic minerals	Industrial waste																																																																																																																																																																																																																																																																																																																																																							
TJ	AUT	Total final consumption; Industry; Manufacturing; Non-metallic minerals	Lignite																																																																																																																																																																																																																																																																																																																																																							
TJ	AUT	Total final consumption; Industry; Manufacturing; Non-metallic minerals	Liquefied petroleum gases (LPG)																																																																																																																																																																																																																																																																																																																																																							
TJ	AUT	Total final consumption; Industry; Manufacturing; Non-metallic minerals	Natural gas																																																																																																																																																																																																																																																																																																																																																							
TJ	AUT	Total final consumption; Industry; Manufacturing; Non-metallic minerals	Other bituminous coal																																																																																																																																																																																																																																																																																																																																																							
TJ	AUT	Total final consumption; Industry; Manufacturing; Non-metallic minerals	Petroleum coke																																																																																																																																																																																																																																																																																																																																																							
TJ	AUT	Total final consumption; Industry; Manufacturing; Non-metallic minerals	Primary solid biofuels																																																																																																																																																																																																																																																																																																																																																							
TJ	AUT	Total final consumption; Industry; Manufacturing; Non-metallic minerals	Sub-bituminous coal																																																																																																																																																																																																																																																																																																																																																							
TJ	AUT	Total final consumption; Industry; Manufacturing; Paper, pulp and printing	Anthracite																																																																																																																																																																																																																																																																																																																																																							
TJ	AUT	Total final consumption; Industry; Manufacturing; Paper, pulp and printing	Biodiesels																																																																																																																																																																																																																																																																																																																																																							
TJ	AUT	Total final consumption; Industry; Manufacturing; Paper, pulp and printing	Biogases																																																																																																																																																																																																																																																																																																																																																							
TJ	AUT	Total final consumption; Industry; Manufacturing; Paper, pulp and printing	Electricity																																																																																																																																																																																																																																																																																																																																																							
TJ	AUT	Total final consumption; Industry; Manufacturing; Paper, pulp and printing	Fuel oil																																																																																																																																																																																																																																																																																																																																																							
TJ	AUT	Total final consumption; Industry; Manufacturing; Paper, pulp and printing	Gas/diesel oil excl. biofuels																																																																																																																																																																																																																																																																																																																																																							
TJ	AUT	Total final consumption; Industry; Manufacturing; Paper, pulp and printing	Heat																																																																																																																																																																																																																																																																																																																																																							
TJ	AUT	Total final consumption; Industry; Manufacturing; Paper, pulp and printing	Industrial waste																																																																																																																																																																																																																																																																																																																																																							
TJ	AUT	Total final consumption; Industry; Manufacturing; Paper, pulp and printing	Liquefied petroleum gases (LPG)																																																																																																																																																																																																																																																																																																																																																							
TJ	AUT	Total final consumption; Industry; Manufacturing; Paper, pulp and printing	Natural gas																																																																																																																																																																																																																																																																																																																																																							
TJ	AUT	Total final consumption; Industry; Manufacturing; Paper, pulp and printing	Other bituminous coal																																																																																																																																																																																																																																																																																																																																																							
TJ	AUT	Total final consumption; Industry; Manufacturing; Paper, pulp and printing	Patent fuel																																																																																																																																																																																																																																																																																																																																																							
TJ	AUT	Total final consumption; Industry; Manufacturing; Paper, pulp and printing	Primary solid biofuels																																																																																																																																																																																																																																																																																																																																																							
TJ	AUT	Total final consumption; Industry; Manufacturing; Textile and leather	Biodiesels																																																																																																																																																																																																																																																																																																																																																							
TJ	AUT	Total final consumption; Industry; Manufacturing; Textile and leather	Electricity																																																																																																																																																																																																																																																																																																																																																							
TJ	AUT	Total final consumption; Industry; Manufacturing; Textile and leather	Fuel oil																																																																																																																																																																																																																																																																																																																																																							
TJ	AUT	Total final consumption; Industry; Manufacturing; Textile and leather	Gas/diesel oil excl. biofuels																																																																																																																																																																																																																																																																																																																																																							
TJ	AUT	Total final consumption; Industry; Manufacturing; Textile and leather	Heat																																																																																																																																																																																																																																																																																																																																																							
TJ	AUT	Total final consumption; Industry; Manufacturing; Textile and leather	Industrial waste																																																																																																																																																																																																																																																																																																																																																							
TJ	AUT	Total final consumption; Industry; Manufacturing; Textile and leather	Liquefied petroleum gases (LPG)																																																																																																																																																																																																																																																																																																																																																							
TJ	AUT	Total final consumption; Industry; Manufacturing; Textile and leather	Natural gas																																																																																																																																																																																																																																																																																																																																																							
TJ	AUT	Total final consumption; Industry; Manufacturing; Textile and leather	Primary solid biofuels																																																																																																																																																																																																																																																																																																																																																							
TJ	AUT	Total final consumption; Industry; Manufacturing; Transport equipment	Biodiesels																																																																																																																																																																																																																																																																																																																																																							
TJ	AUT	Total final consumption; Industry; Manufacturing; Transport equipment	Electricity																																																																																																																																																																																																																																																																																																																																																							
TJ	AUT	Total final consumption; Industry; Manufacturing; Transport equipment	Fuel oil																																																																																																																																																																																																																																																																																																																																																							
TJ	AUT	Total final consumption; Industry; Manufacturing; Transport equipment	Gas/diesel oil excl. biofuels																																																																																																																																																																																																																																																																																																																																																							
TJ	AUT	Total final consumption; Industry; Manufacturing; Transport equipment	Heat																																																																																																																																																																																																																																																																																																																																																							
TJ	AUT	Total final consumption; Industry; Manufacturing; Transport equipment	Liquefied petroleum gases (LPG)																																																																																																																																																																																																																																																																																																																																																							
TJ	AUT	Total final consumption; Industry; Manufacturing; Transport equipment	Natural gas																																																																																																																																																																																																																																																																																																																																																							
TJ	AUT	Total final consumption; Industry; Manufacturing; Transport equipment	Other bituminous coal																																																																																																																																																																																																																																																																																																																																																							
TJ	AUT	Total final consumption; Industry; Manufacturing; Transport equipment	Primary solid biofuels																																																																																																																																																																																																																																																																																																																																																							
TJ	AUT	Total final consumption; Industry; Manufacturing; Transport equipment	White spirit & SBP																																																																																																																																																																																																																																																																																																																																																							
TJ	AUT	Total final consumption; Industry; Manufacturing; Wood and wood products	Biodiesels																																																																																																																																																																																																																																																																																																																																																							
TJ	AUT	Total final consumption; Industry; Manufacturing; Wood and wood products	Electricity																																																																																																																																																																																																																																																																																																																																																							
TJ	AUT	Total final consumption; Industry; Manufacturing; Wood and wood products	Fuel oil																																																																																																																																																																																																																																																																																																																																																							
TJ	AUT	Total final consumption; Industry; Manufacturing; Wood and wood products	Gas/diesel oil excl. biofuels																																																																																																																																																																																																																																																																																																																																																							
TJ	AUT	Total final consumption; Industry; Manufacturing; Wood and wood products	Heat																																																																																																																																																																																																																																																																																																																																																							
TJ	AUT	Total final consumption; Industry; Manufacturing; Wood and wood products	Industrial waste																																																																																																																																																																																																																																																																																																																																																							
TJ	AUT	Total final consumption; Industry; Manufacturing; Wood and wood products	Liquefied petroleum gases (LPG)																																																																																																																																																																																																																																																																																																																																																							
TJ	AUT	Total final consumption; Industry; Manufacturing; Wood and wood products	Natural gas																																																																																																																																																																																																																																																																																																																																																							
TJ	AUT	Total final consumption; Industry; Manufacturing; Wood and wood products	Primary solid biofuels																																																																																																																																																																																																																																																																																																																																																							
TJ	AUT	Total final consumption; Industry; Mining and quarrying	Biodiesels			75.84		72.55																																																																																																																																																																																																																																																																																																																																																		
TJ	AUT	Total final consumption; Industry; Mining and quarrying	Electricity																																																																																																																																																																																																																																																																																																																																																							
TJ	AUT	Total final consumption; Industry; Mining and quarrying	Fuel oil																																																																																																																																																																																																																																																																																																																																																							
TJ	AUT	Total final consumption; Industry; Mining and quarrying	Gas/diesel oil excl. biofuels																																																																																																																																																																																																																																																																																																																																																							
TJ	AUT	Total final consumption; Industry; Mining and quarrying	Heat																																																																																																																																																																																																																																																																																																																																																							
TJ	AUT	Total final consumption; Industry; Mining and quarrying	Liquefied petroleum gases (LPG)																																																																																																																																																																																																																																																																																																																																																							
TJ	AUT	Total final consumption; Industry; Mining and quarrying	Natural gas																																																																																																																																																																																																																																																																																																																																																							
TJ	AUT	Total final consumption; Non-energy use; Non-energy use in other	Lubricants																																																																																																																																																																																																																																																																																																																																																							
TJ	AUT	Total final consumption; Non-energy use; Non-energy use in transport	Lubricants																																																																																																																																																																																																																																																																																																																																																							
TJ	AUT	Total final consumption; Non-energy use; Non-energy use industry/transformation/energy	Anthracite																																																																																																																																																																																																																																																																																																																																																							
TJ	AUT	Total final consumption; Non-energy use; Non-energy use industry/transformation/energy	Bitumen																																																																																																																																																																																																																																																																																																																																																							
TJ	AUT	Total final consumption; Non-energy use; Non-energy use industry/transformation/energy	Coal tar																																																																																																																																																																																																																																																																																																																																																							
TJ	AUT	Total final consumption; Non-energy use; Non-energy use industry/transformation/energy	Coke oven coke																																																																																																																																																																																																																																																																																																																																																							
TJ	AUT	Total final consumption; Non-energy use; Non-energy use industry/transformation/energy	Liquefied petroleum gases (LPG)																																																																																																																																																																																																																																																																																																																																																							
TJ	AUT	Total final consumption; Non-energy use; Non-energy use industry/transformation/energy	Lubricants																																																																																																																																																																																																																																																																																																																																																							
TJ	AUT	Total final consumption; Non-energy use; Non-energy use industry/transformation/energy	Naphtha																																																																																																																																																																																																																																																																																																																																																							
TJ	AUT	Total final consumption; Non-energy use; Non-energy use industry/transformation/energy	Natural gas																																																																																																																																																																																																																																																																																																																																																							
TJ	AUT	Total final consumption; Non-energy use; Non-energy use industry/transformation/energy	Other kerosene																																																																																																																																																																																																																																																																																																																																																							
TJ	AUT	Total final consumption; Non-energy use; Non-energy use industry/transformation/energy	Other oil products																																																																																																																																																																																																																																																																																																																																																							
TJ	AUT	Total final consumption; Non-energy use; Non-energy use industry/transformation/energy	Petroleum coke																																																																																																																																																																																																																																																																																																																																																							
TJ	AUT	Total final consumption; Non-energy use; Non-energy use industry/transformation/energy	Sub-bituminous coal																																																																																																																																																																																																																																																																																																																																																							
TJ	AUT	Total final consumption; Non-energy use; Non-energy use industry/transformation/energy	White spirit & SBP																																																																																																																																																																																																																																																																																																																																																							
TJ	AUT	Total final consumption; Residential	BKB	69.18																																																																																																																																																																																																																																																																																																																																																						
TJ	AUT	Total final consumption; Residential	Biogases	23.49																																																																																																																																																																																																																																																																																																																																																						
TJ	AUT	Total final consumption; Residential	Charcoal	95.94																																																																																																																																																																																																																																																																																																																																																						
TJ	AUT	Total final consumption; Residential	Coke oven coke	59.47																																																																																																																																																																																																																																																																																																																																																						
TJ	AUT	Total final consumption; Residential	Electricity	64.51																																																																																																																																																																																																																																																																																																																																																						
TJ	AUT	Total final consumption; Residential	Gas/diesel oil excl. biofuels	88.97																																																																																																																																																																																																																																																																																																																																																						
TJ	AUT	Total final consumption; Residential	Heat	27.87																																																																																																																																																																																																																																																																																																																																																						
TJ	AUT	Total final consumption; Residential	Lignite	70.96																																																																																																																																																																																																																																																																																																																																																						
TJ	AUT	Total final consumption; Residential	Liquefied petroleum gases (LPG)	41.94																																																																																																																																																																																																																																																																																																																																																						
TJ	AUT	Total final consumption; Residential	Natural gas	55.38																																																																																																																																																																																																																																																																																																																																																						
TJ	AUT	Total final consumption; Residential	Other bituminous coal	77.84																																																																																																																																																																																																																																																																																																																																																						
TJ	AUT	Total final consumption; Residential	Patent fuel	69.27																																																																																																																																																																																																																																																																																																																																																						
TJ	AUT	Total final consumption; Residential	Primary solid biofuels	56.76																																																																																																																																																																																																																																																																																																																																																						
TJ	AUT	Total final consumption; Residential	Solar thermal																																																																																																																																																																																																																																																																																																																																																							
TJ	AUT	Total final consumption; Transport; Domestic aviation	Aviation gasoline																																																																																																																																																																																																																																																																																																																																																							
TJ	AUT	Total final consumption; Transport; Domestic aviation	Kerosene type jet fuel excl. biofuels																																																																																																																																																																																																																																																																																																																																																							
TJ	AUT	Total final consumption; Transport; Domestic navigation	Gas/diesel oil excl. biofuels																																																																																																																																																																																																																																																																																																																																																							
TJ	AUT	Total final consumption; Transport; Domestic navigation	Motor gasoline excl. biofuels																																																																																																																																																																																																																																																																																																																																																							
TJ	AUT	Total final consumption; Transport; Pipeline transport	Electricity																																																																																																																																																																																																																																																																																																																																																							
TJ	AUT	Total final consumption; Transport; Pipeline transport	Natural gas																																																																																																																																																																																																																																																																																																																																																							
TJ	AUT	Total final consumption; Transport; Rail	Biodiesels																																																																																																																																																																																																																																																																																																																																																							
TJ	AUT	Total final consumption; Transport; Rail	Electricity																																																																																																																																																																																																																																																																																																																																																							
TJ	AUT	Total final consumption; Transport; Rail	Gas/diesel oil excl. biofuels																																																																																																																																																																																																																																																																																																																																																							
TJ	AUT	Total final consumption; Transport; Rail	Other bituminous coal																																																																																																																																																																																																																																																																																																																																																							
TJ	AUT	Total final consumption; Transport; Road	Biodiesels			13.58																																																																																																																																																																																																																																																																																																																																																				
TJ	AUT	Total final consumption; Transport; Road	Biogases	96.69																																																																																																																																																																																																																																																																																																																																																						
TJ	AUT	Total final consumption; Transport; Road	Biogasoline	35.19		75.67																																																																																																																																																																																																																																																																																																																																																				
TJ	AUT	Total final consumption; Transport; Road	Electricity	30.72																																																																																																																																																																																																																																																																																																																																																						
TJ	AUT	Total final consumption; Transport; Road	Gas/diesel oil excl. biofuels	53.02																																																																																																																																																																																																																																																																																																																																																						
TJ	AUT	Total final consumption; Transport; Road	Liquefied petroleum gases (LPG)	85.87																																																																																																																																																																																																																																																																																																																																																						
TJ	AUT	Total final consumption; Transport; Road	Motor gasoline excl. biofuels	73.45																																																																																																																																																																																																																																																																																																																																																						
TJ	AUT	Total final consumption; Transport; Road	Natural gas	86.48																																																																																																																																																																																																																																																																																																																																																						
TJ	AUT	Total final consumption; Transport; Road	White spirit & SBP																																																																																																																																																																																																																																																																																																																																																							
TJ	AUT	Total final consumption; Transport; Transport not elsewhere specified	Electricity																																																																																																																																																																																																																																																																																																																																																							
TJ	AUT	Total final consumption; Transport; World aviation bunkers	Aviation gasoline																																																																																																																																																																																																																																																																																																																																																							
TJ	AUT	Total final consumption; Transport; World aviation bunkers	Gas/diesel oil excl. biofuels																																																																																																																																																																																																																																																																																																																																																							
TJ	AUT	Total final consumption; Transport; World aviation bunkers	Kerosene type jet fuel excl. biofuels																																																																																																																																																																																																																																																																																																																																																							
TJ	AUT	Total final consumption; Transport; World aviation bunkers	Other kerosene																																																																																																																																																																																																																																																																																																																																																							
TJ	AUT	Total final consumption; Transport; World marine bunkers	Fuel oil																																																																																																																																																																																																																																																																																																																																																							
TJ	AUT	Total final consumption; Transport; World marine bunkers	Gas/diesel oil excl. biofuels																																																																																																																																																																																																																																																																																																																																																							
TJ	AUT	Total final consumption; Transport; World marine bunkers	Kerosene type jet fuel excl. biofuels																																																																																																																																																																																																																																																																																																																																																							
TJ	AUT	Transfers	Fuel oil																																																																																																																																																																																																																																																																																																																																																							
TJ	AUT	Transfers	Gas/diesel oil excl. biofuels																																																																																																																																																																																																																																																																																																																																																							
TJ	AUT	Transfers	Kerosene type jet fuel excl. biofuels																																																																																																																																																																																																																																																																																																																																																							
TJ	AUT	Transfers	Motor gasoline excl. biofuels																																																																																																																																																																																																																																																																																																																																																							
TJ	AUT	Transfers	Other kerosene																																																																																																																																																																																																																																																																																																																																																							
TJ	AUT	Transformation processes; Autoproducer CHP plants	Biogases	49.86																																																																																																																																																																																																																																																																																																																																																						
TJ	AUT	Transformation processes; Autoproducer CHP plants	Blast furnace gas																																																																																																																																																																																																																																																																																																																																																							
TJ	AUT	Transformation processes; Autoproducer CHP plants	Coke oven gas																																																																																																																																																																																																																																																																																																																																																							
TJ	AUT	Transformation processes; Autoproducer CHP plants	Fuel oil	47.27																																																																																																																																																																																																																																																																																																																																																						
TJ	AUT	Transformation processes; Autoproducer CHP plants	Gas/diesel oil excl. biofuels	8.99																																																																																																																																																																																																																																																																																																																																																						
TJ	AUT	Transformation processes; Autoproducer CHP plants	Industrial waste																																																																																																																																																																																																																																																																																																																																																							
TJ	AUT	Transformation processes; Autoproducer CHP plants	Municipal waste (non-renewable)																																																																																																																																																																																																																																																																																																																																																							
TJ	AUT	Transformation processes; Autoproducer CHP plants	Municipal waste (renewable)																																																																																																																																																																																																																																																																																																																																																							
TJ	AUT	Transformation processes; Autoproducer CHP plants	Natural gas	98.77																																																																																																																																																																																																																																																																																																																																																						
TJ	AUT	Transformation processes; Autoproducer CHP plants	Other bituminous coal	40.11																																																																																																																																																																																																																																																																																																																																																						
TJ	AUT	Transformation processes; Autoproducer CHP plants	Primary solid biofuels	80.96		43.25																																																																																																																																																																																																																																																																																																																																																				
TJ	AUT	Transformation processes; Autoproducer CHP plants	Refinery gas																																																																																																																																																																																																																																																																																																																																																							
TJ	AUT	Transformation processes; Autoproducer electricity plants	Biogases	29.95																																																																																																																																																																																																																																																																																																																																																						
TJ	AUT	Transformation processes; Autoproducer electricity plants	Blast furnace gas																																																																																																																																																																																																																																																																																																																																																							
TJ	AUT	Transformation processes; Autoproducer electricity plants	Coke oven gas																																																																																																																																																																																																																																																																																																																																																							
TJ	AUT	Transformation processes; Autoproducer electricity plants	Fuel oil	51.15																																																																																																																																																																																																																																																																																																																																																						
TJ	AUT	Transformation processes; Autoproducer electricity plants	Gas/diesel oil excl. biofuels	70.69																																																																																																																																																																																																																																																																																																																																																						
TJ	AUT	Transformation processes; Autoproducer electricity plants	Hydro																																																																																																																																																																																																																																																																																																																																																							
TJ	AUT	Transformation processes; Autoproducer electricity plants	Municipal waste (non-renewable)																																																																																																																																																																																																																																																																																																																																																							
TJ	AUT	Transformation processes; Autoproducer electricity plants	Municipal waste (renewable)																																																																																																																																																																																																																																																																																																																																																							
TJ	AUT	Transformation processes; Autoproducer electricity plants	Natural gas	41.21																																																																																																																																																																																																																																																																																																																																																						
TJ	AUT	Transformation processes; Autoproducer electricity plants	Other bituminous coal	26.11																																																																																																																																																																																																																																																																																																																																																						
TJ	AUT	Transformation processes; Autoproducer electricity plants	Other recovered gases																																																																																																																																																																																																																																																																																																																																																							
TJ	AUT	Transformation processes; Autoproducer electricity plants	Primary solid biofuels	64.65		79.48																																																																																																																																																																																																																																																																																																																																																				
TJ	AUT	Transformation processes; Autoproducer electricity plants	Refinery gas																																																																																																																																																																																																																																																																																																																																																							
TJ	AUT	Transformation processes; Autoproducer heat plants	Geothermal																																																																																																																																																																																																																																																																																																																																																							
TJ	AUT	Transformation processes; Autoproducer heat plants	Industrial waste																																																																																																																																																																																																																																																																																																																																																							
TJ	AUT	Transformation processes; Autoproducer heat plants	Natural gas	71.51																																																																																																																																																																																																																																																																																																																																																						
TJ	AUT	Transformation processes; Autoproducer heat plants	Primary solid biofuels	63.84		26.02																																																																																																																																																																																																																																																																																																																																																				
TJ	AUT	Transformation processes; Blast furnaces	Coke oven coke																																																																																																																																																																																																																																																																																																																																																							
TJ	AUT	Transformation processes; Blast furnaces	Other bituminous coal																																																																																																																																																																																																																																																																																																																																																							
TJ	AUT	Transformation processes; Charcoal production plants	Primary solid biofuels																																																																																																																																																																																																																																																																																																																																																							
TJ	AUT	Transformation processes; Chemical heat for electricity production	Heat																																																																																																																																																																																																																																																																																																																																																							
TJ	AUT	Transformation processes; Coke ovens	Coking coal																																																																																																																																																																																																																																																																																																																																																							
TJ	AUT	Transformation processes; Electric boilers	Electricity																																																																																																																																																																																																																																																																																																																																																							
TJ	AUT	Transformation processes; For blended natural gas	Biogases	93.44																																																																																																																																																																																																																																																																																																																																																						
TJ	AUT	Transformation processes; Heat pumps	Electricity																																																																																																																																																																																																																																																																																																																																																							
TJ	AUT	Transformation processes; Main activity producer CHP plants	Biogases																																																																																																																																																																																																																																																																																																																																																							
TJ	AUT	Transformation processes; Main activity producer CHP plants	Fuel oil																																																																																																																																																																																																																																																																																																																																																							
TJ	AUT	Transformation processes; Main activity producer CHP plants	Gas/diesel oil excl. biofuels																																																																																																																																																																																																																																																																																																																																																							
TJ	AUT	Transformation processes; Main activity producer CHP plants	Industrial waste																																																																																																																																																																																																																																																																																																																																																							
TJ	AUT	Transformation processes; Main activity producer CHP plants	Municipal waste (non-renewable)																																																																																																																																																																																																																																																																																																																																																							
TJ	AUT	Transformation processes; Main activity producer CHP plants	Municipal waste (renewable)																																																																																																																																																																																																																																																																																																																																																							
TJ	AUT	Transformation processes; Main activity producer CHP plants	Natural gas																																																																																																																																																																																																																																																																																																																																																							
TJ	AUT	Transformation processes; Main activity producer CHP plants	Other bituminous coal																																																																																																																																																																																																																																																																																																																																																							
TJ	AUT	Transformation processes; Main activity producer CHP plants	Primary solid biofuels																																																																																																																																																																																																																																																																																																																																																							
TJ	AUT	Transformation processes; Main activity producer electricity plants	Biogases																																																																																																																																																																																																																																																																																																																																																							
TJ	AUT	Transformation processes; Main activity producer electricity plants	Fuel oil																																																																																																																																																																																																																																																																																																																																																							
TJ	AUT	Transformation processes; Main activity producer electricity plants	Gas/diesel oil excl. biofuels																																																																																																																																																																																																																																																																																																																																																							
TJ	AUT	Transformation processes; Main activity producer electricity plants	Geothermal																																																																																																																																																																																																																																																																																																																																																							
TJ	AUT	Transformation processes; Main activity producer electricity plants	Hydro																																																																																																																																																																																																																																																																																																																																																							
TJ	AUT	Transformation processes; Main activity producer electricity plants	Industrial waste																																																																																																																																																																																																																																																																																																																																																							
TJ	AUT	Transformation processes; Main activity producer electricity plants	Municipal waste (non-renewable)																																																																																																																																																																																																																																																																																																																																																							
TJ	AUT	Transformation processes; Main activity producer electricity plants	Municipal waste (renewable)																																																																																																																																																																																																																																																																																																																																																							
TJ	AUT	Transformation processes; Main activity producer electricity plants	Natural gas																																																																																																																																																																																																																																																																																																																																																							
TJ	AUT	Transformation processes; Main activity producer electricity plants	Other bituminous coal																																																																																																																																																																																																																																																																																																																																																							
TJ	AUT	Transformation processes; Main activity producer electricity plants	Other liquid biofuels																																																																																																																																																																																																																																																																																																																																																							
TJ	AUT	Transformation processes; Main activity producer electricity plants	Other sources																																																																																																																																																																																																																																																																																																																																																							
TJ	AUT	Transformation processes; Main activity producer electricity plants	Primary solid biofuels																																																																																																																																																																																																																																																																																																																																																							
TJ	AUT	Transformation processes; Main activity producer electricity plants	Solar photovoltaics																																																																																																																																																																																																																																																																																																																																																							
TJ	AUT	Transformation processes; Main activity producer electricity plants	Wind																																																																																																																																																																																																																																																																																																																																																							
TJ	AUT	Transformation processes; Main activity producer heat plants	Biogases																																																																																																																																																																																																																																																																																																																																																							
TJ	AUT	Transformation processes; Main activity producer heat plants	Fuel oil																																																																																																																																																																																																																																																																																																																																																							
TJ	AUT	Transformation processes; Main activity producer heat plants	Gas/diesel oil excl. biofuels																																																																																																																																																																																																																																																																																																																																																							
TJ	AUT	Transformation processes; Main activity producer heat plants	Geothermal																																																																																																																																																																																																																																																																																																																																																							
TJ	AUT	Transformation processes; Main activity producer heat plants	Municipal waste (non-renewable)																																																																																																																																																																																																																																																																																																																																																							
TJ	AUT	Transformation processes; Main activity producer heat plants	Municipal waste (renewable)																																																																																																																																																																																																																																																																																																																																																							
TJ	AUT	Transformation processes; Main activity producer heat plants	Natural gas																																																																																																																																																																																																																																																																																																																																																							
TJ	AUT	Transformation processes; Main activity producer heat plants	Primary solid biofuels																																																																																																																																																																																																																																																																																																																																																							
TJ	AUT	Transformation processes; Main activity producer heat plants	Solar thermal																																																																																																																																																																																																																																																																																																																																																							
TJ	AUT	Transformation processes; Oil refineries	Crude oil																																																																																																																																																																																																																																																																																																																																																							
TJ	AUT	Transformation processes; Oil refineries	Natural gas liquids																																																																																																																																																																																																																																																																																																																																																							
TJ	AUT	Transformation processes; Oil refineries	Refinery feedstocks																																																																																																																																																																																																																																																																																																																																																							
